hunk_id,group,path,old_start,old_count,new_start,new_count,claim,evidence,disposition,legacy_review,az_review
Code/Editor/AnimationContext.cpp#1,consumers,Code/Editor/AnimationContext.cpp,22,0,23,1,Use an equivalent AZ/AZStd contract or remove a proven dead dependency.,See CryCommonMigrationValidation.md and category tests.,accept,pending frozen-SHA signoff,pending frozen-SHA signoff
Code/Editor/AnimationContext.cpp#2,consumers,Code/Editor/AnimationContext.cpp,151,1,152,4,Use an equivalent AZ/AZStd contract or remove a proven dead dependency.,See CryCommonMigrationValidation.md and category tests.,accept,pending frozen-SHA signoff,pending frozen-SHA signoff
Code/Editor/AnimationContext.cpp#3,consumers,Code/Editor/AnimationContext.cpp,157,1,161,5,Use an equivalent AZ/AZStd contract or remove a proven dead dependency.,See CryCommonMigrationValidation.md and category tests.,accept,pending frozen-SHA signoff,pending frozen-SHA signoff
Code/Editor/Commands/CommandManager.h#1,consumers,Code/Editor/Commands/CommandManager.h,14,1,13,0,Use an equivalent AZ/AZStd contract or remove a proven dead dependency.,See CryCommonMigrationValidation.md and category tests.,accept,pending frozen-SHA signoff,pending frozen-SHA signoff
Code/Editor/Commands/CommandManager.h#2,consumers,Code/Editor/Commands/CommandManager.h,16,1,14,0,Use an equivalent AZ/AZStd contract or remove a proven dead dependency.,See CryCommonMigrationValidation.md and category tests.,accept,pending frozen-SHA signoff,pending frozen-SHA signoff
Code/Editor/ComponentEntityEditor/SandboxIntegration.cpp#1,consumers,Code/Editor/ComponentEntityEditor/SandboxIntegration.cpp,56,1,55,0,Use an equivalent AZ/AZStd contract or remove a proven dead dependency.,See CryCommonMigrationValidation.md and category tests.,accept,pending frozen-SHA signoff,pending frozen-SHA signoff
Code/Editor/ComponentEntityEditor/SandboxIntegration.cpp#2,consumers,Code/Editor/ComponentEntityEditor/SandboxIntegration.cpp,359,1,358,1,Use an equivalent AZ/AZStd contract or remove a proven dead dependency.,See CryCommonMigrationValidation.md and category tests.,accept,pending frozen-SHA signoff,pending frozen-SHA signoff
Code/Editor/Controls/ConsoleSCB.cpp#1,consumers,Code/Editor/Controls/ConsoleSCB.cpp,12,0,13,1,Use an equivalent AZ/AZStd contract or remove a proven dead dependency.,See CryCommonMigrationValidation.md and category tests.,accept,pending frozen-SHA signoff,pending frozen-SHA signoff
Code/Editor/Controls/ConsoleSCB.cpp#2,consumers,Code/Editor/Controls/ConsoleSCB.cpp,292,1,293,1,Use an equivalent AZ/AZStd contract or remove a proven dead dependency.,See CryCommonMigrationValidation.md and category tests.,accept,pending frozen-SHA signoff,pending frozen-SHA signoff
Code/Editor/Controls/ConsoleSCB.h#1,consumers,Code/Editor/Controls/ConsoleSCB.h,12,1,11,0,Use an equivalent AZ/AZStd contract or remove a proven dead dependency.,See CryCommonMigrationValidation.md and category tests.,accept,pending frozen-SHA signoff,pending frozen-SHA signoff
Code/Editor/Controls/ConsoleSCB.h#2,consumers,Code/Editor/Controls/ConsoleSCB.h,31,0,31,1,Use an equivalent AZ/AZStd contract or remove a proven dead dependency.,See CryCommonMigrationValidation.md and category tests.,accept,pending frozen-SHA signoff,pending frozen-SHA signoff
Code/Editor/Controls/ReflectedPropertyControl/ReflectedPropertyCtrl.cpp#1,consumers,Code/Editor/Controls/ReflectedPropertyControl/ReflectedPropertyCtrl.cpp,337,1,337,1,Use an equivalent AZ/AZStd contract or remove a proven dead dependency.,See CryCommonMigrationValidation.md and category tests.,accept,pending frozen-SHA signoff,pending frozen-SHA signoff
Code/Editor/Controls/ReflectedPropertyControl/ReflectedPropertyCtrl.cpp#2,consumers,Code/Editor/Controls/ReflectedPropertyControl/ReflectedPropertyCtrl.cpp,340,1,340,1,Use an equivalent AZ/AZStd contract or remove a proven dead dependency.,See CryCommonMigrationValidation.md and category tests.,accept,pending frozen-SHA signoff,pending frozen-SHA signoff
Code/Editor/Controls/ReflectedPropertyControl/ReflectedPropertyCtrl.cpp#3,consumers,Code/Editor/Controls/ReflectedPropertyControl/ReflectedPropertyCtrl.cpp,347,1,347,1,Use an equivalent AZ/AZStd contract or remove a proven dead dependency.,See CryCommonMigrationValidation.md and category tests.,accept,pending frozen-SHA signoff,pending frozen-SHA signoff
Code/Editor/Controls/ReflectedPropertyControl/ReflectedPropertyCtrl.cpp#4,consumers,Code/Editor/Controls/ReflectedPropertyControl/ReflectedPropertyCtrl.cpp,350,1,350,1,Use an equivalent AZ/AZStd contract or remove a proven dead dependency.,See CryCommonMigrationValidation.md and category tests.,accept,pending frozen-SHA signoff,pending frozen-SHA signoff
Code/Editor/Controls/ReflectedPropertyControl/ReflectedPropertyItem.cpp#1,consumers,Code/Editor/Controls/ReflectedPropertyControl/ReflectedPropertyItem.cpp,42,1,42,1,Use an equivalent AZ/AZStd contract or remove a proven dead dependency.,See CryCommonMigrationValidation.md and category tests.,accept,pending frozen-SHA signoff,pending frozen-SHA signoff
Code/Editor/Controls/ReflectedPropertyControl/ReflectedPropertyItem.h#1,consumers,Code/Editor/Controls/ReflectedPropertyControl/ReflectedPropertyItem.h,14,1,14,2,Use an equivalent AZ/AZStd contract or remove a proven dead dependency.,See CryCommonMigrationValidation.md and category tests.,accept,pending frozen-SHA signoff,pending frozen-SHA signoff
Code/Editor/Controls/ReflectedPropertyControl/ReflectedPropertyItem.h#2,consumers,Code/Editor/Controls/ReflectedPropertyControl/ReflectedPropertyItem.h,32,2,33,1,Use an equivalent AZ/AZStd contract or remove a proven dead dependency.,See CryCommonMigrationValidation.md and category tests.,accept,pending frozen-SHA signoff,pending frozen-SHA signoff
Code/Editor/Controls/ReflectedPropertyControl/ReflectedPropertyItem.h#3,consumers,Code/Editor/Controls/ReflectedPropertyControl/ReflectedPropertyItem.h,40,1,40,4,Use an equivalent AZ/AZStd contract or remove a proven dead dependency.,See CryCommonMigrationValidation.md and category tests.,accept,pending frozen-SHA signoff,pending frozen-SHA signoff
Code/Editor/Controls/ReflectedPropertyControl/ReflectedPropertyItem.h#4,consumers,Code/Editor/Controls/ReflectedPropertyControl/ReflectedPropertyItem.h,48,1,51,1,Use an equivalent AZ/AZStd contract or remove a proven dead dependency.,See CryCommonMigrationValidation.md and category tests.,accept,pending frozen-SHA signoff,pending frozen-SHA signoff
Code/Editor/Controls/ReflectedPropertyControl/ReflectedPropertyItem.h#5,consumers,Code/Editor/Controls/ReflectedPropertyControl/ReflectedPropertyItem.h,51,1,54,1,Use an equivalent AZ/AZStd contract or remove a proven dead dependency.,See CryCommonMigrationValidation.md and category tests.,accept,pending frozen-SHA signoff,pending frozen-SHA signoff
Code/Editor/Controls/ReflectedPropertyControl/ReflectedPropertyItem.h#6,consumers,Code/Editor/Controls/ReflectedPropertyControl/ReflectedPropertyItem.h,54,1,57,1,Use an equivalent AZ/AZStd contract or remove a proven dead dependency.,See CryCommonMigrationValidation.md and category tests.,accept,pending frozen-SHA signoff,pending frozen-SHA signoff
Code/Editor/Controls/ReflectedPropertyControl/ReflectedPropertyItem.h#7,consumers,Code/Editor/Controls/ReflectedPropertyControl/ReflectedPropertyItem.h,58,1,61,4,Use an equivalent AZ/AZStd contract or remove a proven dead dependency.,See CryCommonMigrationValidation.md and category tests.,accept,pending frozen-SHA signoff,pending frozen-SHA signoff
Code/Editor/Controls/ReflectedPropertyControl/ReflectedPropertyItem.h#8,consumers,Code/Editor/Controls/ReflectedPropertyControl/ReflectedPropertyItem.h,62,2,68,8,Use an equivalent AZ/AZStd contract or remove a proven dead dependency.,See CryCommonMigrationValidation.md and category tests.,accept,pending frozen-SHA signoff,pending frozen-SHA signoff
Code/Editor/Controls/ReflectedPropertyControl/ReflectedPropertyItem.h#9,consumers,Code/Editor/Controls/ReflectedPropertyControl/ReflectedPropertyItem.h,66,2,78,5,Use an equivalent AZ/AZStd contract or remove a proven dead dependency.,See CryCommonMigrationValidation.md and category tests.,accept,pending frozen-SHA signoff,pending frozen-SHA signoff
Code/Editor/Controls/ReflectedPropertyControl/ReflectedPropertyItem.h#10,consumers,Code/Editor/Controls/ReflectedPropertyControl/ReflectedPropertyItem.h,70,2,85,5,Use an equivalent AZ/AZStd contract or remove a proven dead dependency.,See CryCommonMigrationValidation.md and category tests.,accept,pending frozen-SHA signoff,pending frozen-SHA signoff
Code/Editor/Controls/ReflectedPropertyControl/ReflectedPropertyItem.h#11,consumers,Code/Editor/Controls/ReflectedPropertyControl/ReflectedPropertyItem.h,74,2,92,5,Use an equivalent AZ/AZStd contract or remove a proven dead dependency.,See CryCommonMigrationValidation.md and category tests.,accept,pending frozen-SHA signoff,pending frozen-SHA signoff
Code/Editor/Controls/ReflectedPropertyControl/ReflectedPropertyItem.h#12,consumers,Code/Editor/Controls/ReflectedPropertyControl/ReflectedPropertyItem.h,78,3,99,5,Use an equivalent AZ/AZStd contract or remove a proven dead dependency.,See CryCommonMigrationValidation.md and category tests.,accept,pending frozen-SHA signoff,pending frozen-SHA signoff
Code/Editor/Controls/ReflectedPropertyControl/ReflectedPropertyItem.h#13,consumers,Code/Editor/Controls/ReflectedPropertyControl/ReflectedPropertyItem.h,83,1,106,1,Use an equivalent AZ/AZStd contract or remove a proven dead dependency.,See CryCommonMigrationValidation.md and category tests.,accept,pending frozen-SHA signoff,pending frozen-SHA signoff
Code/Editor/Controls/ReflectedPropertyControl/ReflectedPropertyItem.h#14,consumers,Code/Editor/Controls/ReflectedPropertyControl/ReflectedPropertyItem.h,86,3,109,3,Use an equivalent AZ/AZStd contract or remove a proven dead dependency.,See CryCommonMigrationValidation.md and category tests.,accept,pending frozen-SHA signoff,pending frozen-SHA signoff
Code/Editor/Controls/ReflectedPropertyControl/ReflectedPropertyItem.h#15,consumers,Code/Editor/Controls/ReflectedPropertyControl/ReflectedPropertyItem.h,106,2,129,3,Use an equivalent AZ/AZStd contract or remove a proven dead dependency.,See CryCommonMigrationValidation.md and category tests.,accept,pending frozen-SHA signoff,pending frozen-SHA signoff
Code/Editor/Controls/ReflectedPropertyControl/ReflectedPropertyItem.h#16,consumers,Code/Editor/Controls/ReflectedPropertyControl/ReflectedPropertyItem.h,123,1,147,4,Use an equivalent AZ/AZStd contract or remove a proven dead dependency.,See CryCommonMigrationValidation.md and category tests.,accept,pending frozen-SHA signoff,pending frozen-SHA signoff
Code/Editor/Controls/ReflectedPropertyControl/ReflectedPropertyItem.h#17,consumers,Code/Editor/Controls/ReflectedPropertyControl/ReflectedPropertyItem.h,125,2,152,8,Use an equivalent AZ/AZStd contract or remove a proven dead dependency.,See CryCommonMigrationValidation.md and category tests.,accept,pending frozen-SHA signoff,pending frozen-SHA signoff
Code/Editor/Controls/ReflectedPropertyControl/ReflectedPropertyItem.h#18,consumers,Code/Editor/Controls/ReflectedPropertyControl/ReflectedPropertyItem.h,129,1,162,1,Use an equivalent AZ/AZStd contract or remove a proven dead dependency.,See CryCommonMigrationValidation.md and category tests.,accept,pending frozen-SHA signoff,pending frozen-SHA signoff
Code/Editor/Controls/ReflectedPropertyControl/ReflectedPropertyItem.h#19,consumers,Code/Editor/Controls/ReflectedPropertyControl/ReflectedPropertyItem.h,137,1,170,1,Use an equivalent AZ/AZStd contract or remove a proven dead dependency.,See CryCommonMigrationValidation.md and category tests.,accept,pending frozen-SHA signoff,pending frozen-SHA signoff
Code/Editor/Controls/ReflectedPropertyControl/ReflectedPropertyItem.h#20,consumers,Code/Editor/Controls/ReflectedPropertyControl/ReflectedPropertyItem.h,140,1,173,1,Use an equivalent AZ/AZStd contract or remove a proven dead dependency.,See CryCommonMigrationValidation.md and category tests.,accept,pending frozen-SHA signoff,pending frozen-SHA signoff
Code/Editor/Controls/ReflectedPropertyControl/ReflectedPropertyItem.h#21,consumers,Code/Editor/Controls/ReflectedPropertyControl/ReflectedPropertyItem.h,145,1,178,1,Use an equivalent AZ/AZStd contract or remove a proven dead dependency.,See CryCommonMigrationValidation.md and category tests.,accept,pending frozen-SHA signoff,pending frozen-SHA signoff
Code/Editor/Controls/SplineCtrl.cpp#1,consumers,Code/Editor/Controls/SplineCtrl.cpp,618,2,618,2,Use an equivalent AZ/AZStd contract or remove a proven dead dependency.,See CryCommonMigrationValidation.md and category tests.,accept,pending frozen-SHA signoff,pending frozen-SHA signoff
Code/Editor/Controls/SplineCtrlEx.cpp#1,consumers,Code/Editor/Controls/SplineCtrlEx.cpp,325,1,325,1,Use an equivalent AZ/AZStd contract or remove a proven dead dependency.,See CryCommonMigrationValidation.md and category tests.,accept,pending frozen-SHA signoff,pending frozen-SHA signoff
Code/Editor/Controls/SplineCtrlEx.cpp#2,consumers,Code/Editor/Controls/SplineCtrlEx.cpp,327,1,327,1,Use an equivalent AZ/AZStd contract or remove a proven dead dependency.,See CryCommonMigrationValidation.md and category tests.,accept,pending frozen-SHA signoff,pending frozen-SHA signoff
Code/Editor/Controls/SplineCtrlEx.cpp#3,consumers,Code/Editor/Controls/SplineCtrlEx.cpp,330,1,330,1,Use an equivalent AZ/AZStd contract or remove a proven dead dependency.,See CryCommonMigrationValidation.md and category tests.,accept,pending frozen-SHA signoff,pending frozen-SHA signoff
Code/Editor/Controls/SplineCtrlEx.cpp#4,consumers,Code/Editor/Controls/SplineCtrlEx.cpp,332,1,332,1,Use an equivalent AZ/AZStd contract or remove a proven dead dependency.,See CryCommonMigrationValidation.md and category tests.,accept,pending frozen-SHA signoff,pending frozen-SHA signoff
Code/Editor/Controls/SplineCtrlEx.cpp#5,consumers,Code/Editor/Controls/SplineCtrlEx.cpp,336,1,336,1,Use an equivalent AZ/AZStd contract or remove a proven dead dependency.,See CryCommonMigrationValidation.md and category tests.,accept,pending frozen-SHA signoff,pending frozen-SHA signoff
Code/Editor/Controls/SplineCtrlEx.cpp#6,consumers,Code/Editor/Controls/SplineCtrlEx.cpp,339,1,339,1,Use an equivalent AZ/AZStd contract or remove a proven dead dependency.,See CryCommonMigrationValidation.md and category tests.,accept,pending frozen-SHA signoff,pending frozen-SHA signoff
Code/Editor/Controls/SplineCtrlEx.cpp#7,consumers,Code/Editor/Controls/SplineCtrlEx.cpp,342,1,342,1,Use an equivalent AZ/AZStd contract or remove a proven dead dependency.,See CryCommonMigrationValidation.md and category tests.,accept,pending frozen-SHA signoff,pending frozen-SHA signoff
Code/Editor/Controls/SplineCtrlEx.cpp#8,consumers,Code/Editor/Controls/SplineCtrlEx.cpp,348,1,348,1,Use an equivalent AZ/AZStd contract or remove a proven dead dependency.,See CryCommonMigrationValidation.md and category tests.,accept,pending frozen-SHA signoff,pending frozen-SHA signoff
Code/Editor/Controls/SplineCtrlEx.cpp#9,consumers,Code/Editor/Controls/SplineCtrlEx.cpp,350,2,350,2,Use an equivalent AZ/AZStd contract or remove a proven dead dependency.,See CryCommonMigrationValidation.md and category tests.,accept,pending frozen-SHA signoff,pending frozen-SHA signoff
Code/Editor/Controls/SplineCtrlEx.cpp#10,consumers,Code/Editor/Controls/SplineCtrlEx.cpp,354,1,354,1,Use an equivalent AZ/AZStd contract or remove a proven dead dependency.,See CryCommonMigrationValidation.md and category tests.,accept,pending frozen-SHA signoff,pending frozen-SHA signoff
Code/Editor/Controls/SplineCtrlEx.cpp#11,consumers,Code/Editor/Controls/SplineCtrlEx.cpp,361,1,361,1,Use an equivalent AZ/AZStd contract or remove a proven dead dependency.,See CryCommonMigrationValidation.md and category tests.,accept,pending frozen-SHA signoff,pending frozen-SHA signoff
Code/Editor/Controls/SplineCtrlEx.cpp#12,consumers,Code/Editor/Controls/SplineCtrlEx.cpp,363,1,363,1,Use an equivalent AZ/AZStd contract or remove a proven dead dependency.,See CryCommonMigrationValidation.md and category tests.,accept,pending frozen-SHA signoff,pending frozen-SHA signoff
Code/Editor/Controls/SplineCtrlEx.cpp#13,consumers,Code/Editor/Controls/SplineCtrlEx.cpp,522,1,522,1,Use an equivalent AZ/AZStd contract or remove a proven dead dependency.,See CryCommonMigrationValidation.md and category tests.,accept,pending frozen-SHA signoff,pending frozen-SHA signoff
Code/Editor/Controls/SplineCtrlEx.cpp#14,consumers,Code/Editor/Controls/SplineCtrlEx.cpp,621,1,621,1,Use an equivalent AZ/AZStd contract or remove a proven dead dependency.,See CryCommonMigrationValidation.md and category tests.,accept,pending frozen-SHA signoff,pending frozen-SHA signoff
Code/Editor/Controls/SplineCtrlEx.cpp#15,consumers,Code/Editor/Controls/SplineCtrlEx.cpp,634,1,634,1,Use an equivalent AZ/AZStd contract or remove a proven dead dependency.,See CryCommonMigrationValidation.md and category tests.,accept,pending frozen-SHA signoff,pending frozen-SHA signoff
Code/Editor/Controls/SplineCtrlEx.cpp#16,consumers,Code/Editor/Controls/SplineCtrlEx.cpp,641,1,641,1,Use an equivalent AZ/AZStd contract or remove a proven dead dependency.,See CryCommonMigrationValidation.md and category tests.,accept,pending frozen-SHA signoff,pending frozen-SHA signoff
Code/Editor/Controls/SplineCtrlEx.cpp#17,consumers,Code/Editor/Controls/SplineCtrlEx.cpp,647,2,647,2,Use an equivalent AZ/AZStd contract or remove a proven dead dependency.,See CryCommonMigrationValidation.md and category tests.,accept,pending frozen-SHA signoff,pending frozen-SHA signoff
Code/Editor/Controls/SplineCtrlEx.cpp#18,consumers,Code/Editor/Controls/SplineCtrlEx.cpp,655,2,655,2,Use an equivalent AZ/AZStd contract or remove a proven dead dependency.,See CryCommonMigrationValidation.md and category tests.,accept,pending frozen-SHA signoff,pending frozen-SHA signoff
Code/Editor/Controls/SplineCtrlEx.cpp#19,consumers,Code/Editor/Controls/SplineCtrlEx.cpp,667,1,667,1,Use an equivalent AZ/AZStd contract or remove a proven dead dependency.,See CryCommonMigrationValidation.md and category tests.,accept,pending frozen-SHA signoff,pending frozen-SHA signoff
Code/Editor/Controls/SplineCtrlEx.cpp#20,consumers,Code/Editor/Controls/SplineCtrlEx.cpp,675,1,675,1,Use an equivalent AZ/AZStd contract or remove a proven dead dependency.,See CryCommonMigrationValidation.md and category tests.,accept,pending frozen-SHA signoff,pending frozen-SHA signoff
Code/Editor/Controls/SplineCtrlEx.cpp#21,consumers,Code/Editor/Controls/SplineCtrlEx.cpp,677,1,677,1,Use an equivalent AZ/AZStd contract or remove a proven dead dependency.,See CryCommonMigrationValidation.md and category tests.,accept,pending frozen-SHA signoff,pending frozen-SHA signoff
Code/Editor/Controls/SplineCtrlEx.cpp#22,consumers,Code/Editor/Controls/SplineCtrlEx.cpp,737,4,737,4,Use an equivalent AZ/AZStd contract or remove a proven dead dependency.,See CryCommonMigrationValidation.md and category tests.,accept,pending frozen-SHA signoff,pending frozen-SHA signoff
Code/Editor/Controls/SplineCtrlEx.cpp#23,consumers,Code/Editor/Controls/SplineCtrlEx.cpp,796,1,796,1,Use an equivalent AZ/AZStd contract or remove a proven dead dependency.,See CryCommonMigrationValidation.md and category tests.,accept,pending frozen-SHA signoff,pending frozen-SHA signoff
Code/Editor/Controls/SplineCtrlEx.cpp#24,consumers,Code/Editor/Controls/SplineCtrlEx.cpp,889,1,889,1,Use an equivalent AZ/AZStd contract or remove a proven dead dependency.,See CryCommonMigrationValidation.md and category tests.,accept,pending frozen-SHA signoff,pending frozen-SHA signoff
Code/Editor/Controls/SplineCtrlEx.cpp#25,consumers,Code/Editor/Controls/SplineCtrlEx.cpp,981,1,981,1,Use an equivalent AZ/AZStd contract or remove a proven dead dependency.,See CryCommonMigrationValidation.md and category tests.,accept,pending frozen-SHA signoff,pending frozen-SHA signoff
Code/Editor/Controls/SplineCtrlEx.cpp#26,consumers,Code/Editor/Controls/SplineCtrlEx.cpp,1371,2,1371,2,Use an equivalent AZ/AZStd contract or remove a proven dead dependency.,See CryCommonMigrationValidation.md and category tests.,accept,pending frozen-SHA signoff,pending frozen-SHA signoff
Code/Editor/Controls/SplineCtrlEx.cpp#27,consumers,Code/Editor/Controls/SplineCtrlEx.cpp,1375,1,1375,1,Use an equivalent AZ/AZStd contract or remove a proven dead dependency.,See CryCommonMigrationValidation.md and category tests.,accept,pending frozen-SHA signoff,pending frozen-SHA signoff
Code/Editor/Controls/SplineCtrlEx.cpp#28,consumers,Code/Editor/Controls/SplineCtrlEx.cpp,1379,1,1379,1,Use an equivalent AZ/AZStd contract or remove a proven dead dependency.,See CryCommonMigrationValidation.md and category tests.,accept,pending frozen-SHA signoff,pending frozen-SHA signoff
Code/Editor/Controls/SplineCtrlEx.cpp#29,consumers,Code/Editor/Controls/SplineCtrlEx.cpp,1395,1,1395,1,Use an equivalent AZ/AZStd contract or remove a proven dead dependency.,See CryCommonMigrationValidation.md and category tests.,accept,pending frozen-SHA signoff,pending frozen-SHA signoff
Code/Editor/Controls/SplineCtrlEx.cpp#30,consumers,Code/Editor/Controls/SplineCtrlEx.cpp,1408,1,1408,1,Use an equivalent AZ/AZStd contract or remove a proven dead dependency.,See CryCommonMigrationValidation.md and category tests.,accept,pending frozen-SHA signoff,pending frozen-SHA signoff
Code/Editor/Controls/SplineCtrlEx.cpp#31,consumers,Code/Editor/Controls/SplineCtrlEx.cpp,1412,1,1412,1,Use an equivalent AZ/AZStd contract or remove a proven dead dependency.,See CryCommonMigrationValidation.md and category tests.,accept,pending frozen-SHA signoff,pending frozen-SHA signoff
Code/Editor/Controls/SplineCtrlEx.cpp#32,consumers,Code/Editor/Controls/SplineCtrlEx.cpp,1414,1,1414,1,Use an equivalent AZ/AZStd contract or remove a proven dead dependency.,See CryCommonMigrationValidation.md and category tests.,accept,pending frozen-SHA signoff,pending frozen-SHA signoff
Code/Editor/Controls/SplineCtrlEx.cpp#33,consumers,Code/Editor/Controls/SplineCtrlEx.cpp,1619,1,1619,1,Use an equivalent AZ/AZStd contract or remove a proven dead dependency.,See CryCommonMigrationValidation.md and category tests.,accept,pending frozen-SHA signoff,pending frozen-SHA signoff
Code/Editor/Controls/SplineCtrlEx.cpp#34,consumers,Code/Editor/Controls/SplineCtrlEx.cpp,1770,1,1770,1,Use an equivalent AZ/AZStd contract or remove a proven dead dependency.,See CryCommonMigrationValidation.md and category tests.,accept,pending frozen-SHA signoff,pending frozen-SHA signoff
Code/Editor/Controls/SplineCtrlEx.cpp#35,consumers,Code/Editor/Controls/SplineCtrlEx.cpp,1877,1,1877,1,Use an equivalent AZ/AZStd contract or remove a proven dead dependency.,See CryCommonMigrationValidation.md and category tests.,accept,pending frozen-SHA signoff,pending frozen-SHA signoff
Code/Editor/Controls/SplineCtrlEx.cpp#36,consumers,Code/Editor/Controls/SplineCtrlEx.cpp,1978,2,1978,2,Use an equivalent AZ/AZStd contract or remove a proven dead dependency.,See CryCommonMigrationValidation.md and category tests.,accept,pending frozen-SHA signoff,pending frozen-SHA signoff
Code/Editor/Controls/SplineCtrlEx.cpp#37,consumers,Code/Editor/Controls/SplineCtrlEx.cpp,1987,1,1987,1,Use an equivalent AZ/AZStd contract or remove a proven dead dependency.,See CryCommonMigrationValidation.md and category tests.,accept,pending frozen-SHA signoff,pending frozen-SHA signoff
Code/Editor/Controls/SplineCtrlEx.cpp#38,consumers,Code/Editor/Controls/SplineCtrlEx.cpp,2086,4,2086,4,Use an equivalent AZ/AZStd contract or remove a proven dead dependency.,See CryCommonMigrationValidation.md and category tests.,accept,pending frozen-SHA signoff,pending frozen-SHA signoff
Code/Editor/Controls/SplineCtrlEx.cpp#39,consumers,Code/Editor/Controls/SplineCtrlEx.cpp,2112,2,2112,2,Use an equivalent AZ/AZStd contract or remove a proven dead dependency.,See CryCommonMigrationValidation.md and category tests.,accept,pending frozen-SHA signoff,pending frozen-SHA signoff
Code/Editor/Controls/SplineCtrlEx.cpp#40,consumers,Code/Editor/Controls/SplineCtrlEx.cpp,2115,2,2115,2,Use an equivalent AZ/AZStd contract or remove a proven dead dependency.,See CryCommonMigrationValidation.md and category tests.,accept,pending frozen-SHA signoff,pending frozen-SHA signoff
Code/Editor/Controls/SplineCtrlEx.cpp#41,consumers,Code/Editor/Controls/SplineCtrlEx.cpp,2203,1,2203,1,Use an equivalent AZ/AZStd contract or remove a proven dead dependency.,See CryCommonMigrationValidation.md and category tests.,accept,pending frozen-SHA signoff,pending frozen-SHA signoff
Code/Editor/Controls/SplineCtrlEx.cpp#42,consumers,Code/Editor/Controls/SplineCtrlEx.cpp,2224,1,2224,1,Use an equivalent AZ/AZStd contract or remove a proven dead dependency.,See CryCommonMigrationValidation.md and category tests.,accept,pending frozen-SHA signoff,pending frozen-SHA signoff
Code/Editor/Controls/SplineCtrlEx.cpp#43,consumers,Code/Editor/Controls/SplineCtrlEx.cpp,2241,1,2241,1,Use an equivalent AZ/AZStd contract or remove a proven dead dependency.,See CryCommonMigrationValidation.md and category tests.,accept,pending frozen-SHA signoff,pending frozen-SHA signoff
Code/Editor/Controls/SplineCtrlEx.cpp#44,consumers,Code/Editor/Controls/SplineCtrlEx.cpp,2794,6,2794,6,Use an equivalent AZ/AZStd contract or remove a proven dead dependency.,See CryCommonMigrationValidation.md and category tests.,accept,pending frozen-SHA signoff,pending frozen-SHA signoff
Code/Editor/Controls/SplineCtrlEx.cpp#45,consumers,Code/Editor/Controls/SplineCtrlEx.cpp,3085,3,3085,3,Use an equivalent AZ/AZStd contract or remove a proven dead dependency.,See CryCommonMigrationValidation.md and category tests.,accept,pending frozen-SHA signoff,pending frozen-SHA signoff
Code/Editor/Controls/SplineCtrlEx.cpp#46,consumers,Code/Editor/Controls/SplineCtrlEx.cpp,3100,2,3100,2,Use an equivalent AZ/AZStd contract or remove a proven dead dependency.,See CryCommonMigrationValidation.md and category tests.,accept,pending frozen-SHA signoff,pending frozen-SHA signoff
Code/Editor/Controls/SplineCtrlEx.cpp#47,consumers,Code/Editor/Controls/SplineCtrlEx.cpp,3104,1,3104,1,Use an equivalent AZ/AZStd contract or remove a proven dead dependency.,See CryCommonMigrationValidation.md and category tests.,accept,pending frozen-SHA signoff,pending frozen-SHA signoff
Code/Editor/Controls/SplineCtrlEx.cpp#48,consumers,Code/Editor/Controls/SplineCtrlEx.cpp,3106,1,3106,1,Use an equivalent AZ/AZStd contract or remove a proven dead dependency.,See CryCommonMigrationValidation.md and category tests.,accept,pending frozen-SHA signoff,pending frozen-SHA signoff
Code/Editor/Controls/SplineCtrlEx.cpp#49,consumers,Code/Editor/Controls/SplineCtrlEx.cpp,3113,2,3113,2,Use an equivalent AZ/AZStd contract or remove a proven dead dependency.,See CryCommonMigrationValidation.md and category tests.,accept,pending frozen-SHA signoff,pending frozen-SHA signoff
Code/Editor/Controls/SplineCtrlEx.cpp#50,consumers,Code/Editor/Controls/SplineCtrlEx.cpp,3116,3,3116,3,Use an equivalent AZ/AZStd contract or remove a proven dead dependency.,See CryCommonMigrationValidation.md and category tests.,accept,pending frozen-SHA signoff,pending frozen-SHA signoff
Code/Editor/Controls/SplineCtrlEx.cpp#51,consumers,Code/Editor/Controls/SplineCtrlEx.cpp,3209,1,3209,1,Use an equivalent AZ/AZStd contract or remove a proven dead dependency.,See CryCommonMigrationValidation.md and category tests.,accept,pending frozen-SHA signoff,pending frozen-SHA signoff
Code/Editor/Controls/SplineCtrlEx.cpp#52,consumers,Code/Editor/Controls/SplineCtrlEx.cpp,3262,1,3262,1,Use an equivalent AZ/AZStd contract or remove a proven dead dependency.,See CryCommonMigrationValidation.md and category tests.,accept,pending frozen-SHA signoff,pending frozen-SHA signoff
Code/Editor/Controls/SplineCtrlEx.h#1,consumers,Code/Editor/Controls/SplineCtrlEx.h,149,7,149,7,Use an equivalent AZ/AZStd contract or remove a proven dead dependency.,See CryCommonMigrationValidation.md and category tests.,accept,pending frozen-SHA signoff,pending frozen-SHA signoff
Code/Editor/Controls/SplineCtrlEx.h#2,consumers,Code/Editor/Controls/SplineCtrlEx.h,216,1,216,1,Use an equivalent AZ/AZStd contract or remove a proven dead dependency.,See CryCommonMigrationValidation.md and category tests.,accept,pending frozen-SHA signoff,pending frozen-SHA signoff
Code/Editor/Controls/TimelineCtrl.cpp#1,consumers,Code/Editor/Controls/TimelineCtrl.cpp,82,1,82,1,Use an equivalent AZ/AZStd contract or remove a proven dead dependency.,See CryCommonMigrationValidation.md and category tests.,accept,pending frozen-SHA signoff,pending frozen-SHA signoff
Code/Editor/Controls/TimelineCtrl.cpp#2,consumers,Code/Editor/Controls/TimelineCtrl.cpp,88,1,88,1,Use an equivalent AZ/AZStd contract or remove a proven dead dependency.,See CryCommonMigrationValidation.md and category tests.,accept,pending frozen-SHA signoff,pending frozen-SHA signoff
Code/Editor/Controls/TimelineCtrl.cpp#3,consumers,Code/Editor/Controls/TimelineCtrl.cpp,171,2,171,2,Use an equivalent AZ/AZStd contract or remove a proven dead dependency.,See CryCommonMigrationValidation.md and category tests.,accept,pending frozen-SHA signoff,pending frozen-SHA signoff
Code/Editor/Controls/TimelineCtrl.cpp#4,consumers,Code/Editor/Controls/TimelineCtrl.cpp,418,2,418,2,Use an equivalent AZ/AZStd contract or remove a proven dead dependency.,See CryCommonMigrationValidation.md and category tests.,accept,pending frozen-SHA signoff,pending frozen-SHA signoff
Code/Editor/Controls/WndGridHelper.h#1,consumers,Code/Editor/Controls/WndGridHelper.h,13,1,13,1,Use an equivalent AZ/AZStd contract or remove a proven dead dependency.,See CryCommonMigrationValidation.md and category tests.,accept,pending frozen-SHA signoff,pending frozen-SHA signoff
Code/Editor/Controls/WndGridHelper.h#2,consumers,Code/Editor/Controls/WndGridHelper.h,46,1,46,1,Use an equivalent AZ/AZStd contract or remove a proven dead dependency.,See CryCommonMigrationValidation.md and category tests.,accept,pending frozen-SHA signoff,pending frozen-SHA signoff
Code/Editor/Controls/WndGridHelper.h#3,consumers,Code/Editor/Controls/WndGridHelper.h,48,3,48,3,Use an equivalent AZ/AZStd contract or remove a proven dead dependency.,See CryCommonMigrationValidation.md and category tests.,accept,pending frozen-SHA signoff,pending frozen-SHA signoff
Code/Editor/Controls/WndGridHelper.h#4,consumers,Code/Editor/Controls/WndGridHelper.h,54,1,54,1,Use an equivalent AZ/AZStd contract or remove a proven dead dependency.,See CryCommonMigrationValidation.md and category tests.,accept,pending frozen-SHA signoff,pending frozen-SHA signoff
Code/Editor/Controls/WndGridHelper.h#5,consumers,Code/Editor/Controls/WndGridHelper.h,56,2,56,2,Use an equivalent AZ/AZStd contract or remove a proven dead dependency.,See CryCommonMigrationValidation.md and category tests.,accept,pending frozen-SHA signoff,pending frozen-SHA signoff
Code/Editor/Controls/WndGridHelper.h#6,consumers,Code/Editor/Controls/WndGridHelper.h,61,1,61,1,Use an equivalent AZ/AZStd contract or remove a proven dead dependency.,See CryCommonMigrationValidation.md and category tests.,accept,pending frozen-SHA signoff,pending frozen-SHA signoff
Code/Editor/Controls/WndGridHelper.h#7,consumers,Code/Editor/Controls/WndGridHelper.h,63,1,63,1,Use an equivalent AZ/AZStd contract or remove a proven dead dependency.,See CryCommonMigrationValidation.md and category tests.,accept,pending frozen-SHA signoff,pending frozen-SHA signoff
Code/Editor/Controls/WndGridHelper.h#8,consumers,Code/Editor/Controls/WndGridHelper.h,65,1,65,1,Use an equivalent AZ/AZStd contract or remove a proven dead dependency.,See CryCommonMigrationValidation.md and category tests.,accept,pending frozen-SHA signoff,pending frozen-SHA signoff
Code/Editor/Controls/WndGridHelper.h#9,consumers,Code/Editor/Controls/WndGridHelper.h,67,1,67,1,Use an equivalent AZ/AZStd contract or remove a proven dead dependency.,See CryCommonMigrationValidation.md and category tests.,accept,pending frozen-SHA signoff,pending frozen-SHA signoff
Code/Editor/Controls/WndGridHelper.h#10,consumers,Code/Editor/Controls/WndGridHelper.h,98,4,97,0,Use an equivalent AZ/AZStd contract or remove a proven dead dependency.,See CryCommonMigrationValidation.md and category tests.,accept,pending frozen-SHA signoff,pending frozen-SHA signoff
Code/Editor/CryEditDoc.cpp#1,consumers,Code/Editor/CryEditDoc.cpp,24,1,23,0,Use an equivalent AZ/AZStd contract or remove a proven dead dependency.,See CryCommonMigrationValidation.md and category tests.,accept,pending frozen-SHA signoff,pending frozen-SHA signoff
Code/Editor/CryEditDoc.cpp#2,consumers,Code/Editor/CryEditDoc.cpp,349,2,348,2,Use an equivalent AZ/AZStd contract or remove a proven dead dependency.,See CryCommonMigrationValidation.md and category tests.,accept,pending frozen-SHA signoff,pending frozen-SHA signoff
Code/Editor/CryEditDoc.cpp#3,consumers,Code/Editor/CryEditDoc.cpp,373,1,372,1,Use an equivalent AZ/AZStd contract or remove a proven dead dependency.,See CryCommonMigrationValidation.md and category tests.,accept,pending frozen-SHA signoff,pending frozen-SHA signoff
Code/Editor/CryEditDoc.cpp#4,consumers,Code/Editor/CryEditDoc.cpp,398,2,397,2,Use an equivalent AZ/AZStd contract or remove a proven dead dependency.,See CryCommonMigrationValidation.md and category tests.,accept,pending frozen-SHA signoff,pending frozen-SHA signoff
Code/Editor/EditorDefs.h#1,consumers,Code/Editor/EditorDefs.h,24,1,24,1,Use an equivalent AZ/AZStd contract or remove a proven dead dependency.,See CryCommonMigrationValidation.md and category tests.,accept,pending frozen-SHA signoff,pending frozen-SHA signoff
Code/Editor/EditorDefs.h#2,consumers,Code/Editor/EditorDefs.h,75,2,75,1,Use an equivalent AZ/AZStd contract or remove a proven dead dependency.,See CryCommonMigrationValidation.md and category tests.,accept,pending frozen-SHA signoff,pending frozen-SHA signoff
Code/Editor/EditorDefs.h#3,consumers,Code/Editor/EditorDefs.h,78,2,76,0,Use an equivalent AZ/AZStd contract or remove a proven dead dependency.,See CryCommonMigrationValidation.md and category tests.,accept,pending frozen-SHA signoff,pending frozen-SHA signoff
Code/Editor/EditorViewportWidget.cpp#1,consumers,Code/Editor/EditorViewportWidget.cpp,23,0,24,3,Use an equivalent AZ/AZStd contract or remove a proven dead dependency.,See CryCommonMigrationValidation.md and category tests.,accept,pending frozen-SHA signoff,pending frozen-SHA signoff
Code/Editor/EditorViewportWidget.cpp#2,consumers,Code/Editor/EditorViewportWidget.cpp,63,1,65,0,Use an equivalent AZ/AZStd contract or remove a proven dead dependency.,See CryCommonMigrationValidation.md and category tests.,accept,pending frozen-SHA signoff,pending frozen-SHA signoff
Code/Editor/EditorViewportWidget.cpp#3,consumers,Code/Editor/EditorViewportWidget.cpp,473,1,475,3,Use an equivalent AZ/AZStd contract or remove a proven dead dependency.,See CryCommonMigrationValidation.md and category tests.,accept,pending frozen-SHA signoff,pending frozen-SHA signoff
Code/Editor/EditorViewportWidget.cpp#4,consumers,Code/Editor/EditorViewportWidget.cpp,476,1,480,2,Use an equivalent AZ/AZStd contract or remove a proven dead dependency.,See CryCommonMigrationValidation.md and category tests.,accept,pending frozen-SHA signoff,pending frozen-SHA signoff
Code/Editor/EditorViewportWidget.cpp#5,consumers,Code/Editor/EditorViewportWidget.cpp,526,1,531,1,Use an equivalent AZ/AZStd contract or remove a proven dead dependency.,See CryCommonMigrationValidation.md and category tests.,accept,pending frozen-SHA signoff,pending frozen-SHA signoff
Code/Editor/EditorViewportWidget.cpp#6,consumers,Code/Editor/EditorViewportWidget.cpp,693,1,698,3,Use an equivalent AZ/AZStd contract or remove a proven dead dependency.,See CryCommonMigrationValidation.md and category tests.,accept,pending frozen-SHA signoff,pending frozen-SHA signoff
Code/Editor/EditorViewportWidget.cpp#7,consumers,Code/Editor/EditorViewportWidget.cpp,696,2,703,4,Use an equivalent AZ/AZStd contract or remove a proven dead dependency.,See CryCommonMigrationValidation.md and category tests.,accept,pending frozen-SHA signoff,pending frozen-SHA signoff
Code/Editor/EditorViewportWidget.cpp#8,consumers,Code/Editor/EditorViewportWidget.cpp,713,2,722,4,Use an equivalent AZ/AZStd contract or remove a proven dead dependency.,See CryCommonMigrationValidation.md and category tests.,accept,pending frozen-SHA signoff,pending frozen-SHA signoff
Code/Editor/EditorViewportWidget.cpp#9,consumers,Code/Editor/EditorViewportWidget.cpp,728,1,739,2,Use an equivalent AZ/AZStd contract or remove a proven dead dependency.,See CryCommonMigrationValidation.md and category tests.,accept,pending frozen-SHA signoff,pending frozen-SHA signoff
Code/Editor/EditorViewportWidget.cpp#10,consumers,Code/Editor/EditorViewportWidget.cpp,730,1,742,2,Use an equivalent AZ/AZStd contract or remove a proven dead dependency.,See CryCommonMigrationValidation.md and category tests.,accept,pending frozen-SHA signoff,pending frozen-SHA signoff
Code/Editor/EditorViewportWidget.cpp#11,consumers,Code/Editor/EditorViewportWidget.cpp,927,1,940,3,Use an equivalent AZ/AZStd contract or remove a proven dead dependency.,See CryCommonMigrationValidation.md and category tests.,accept,pending frozen-SHA signoff,pending frozen-SHA signoff
Code/Editor/EditorViewportWidget.cpp#12,consumers,Code/Editor/EditorViewportWidget.cpp,940,1,955,3,Use an equivalent AZ/AZStd contract or remove a proven dead dependency.,See CryCommonMigrationValidation.md and category tests.,accept,pending frozen-SHA signoff,pending frozen-SHA signoff
Code/Editor/EditorViewportWidget.cpp#13,consumers,Code/Editor/EditorViewportWidget.cpp,956,1,973,3,Use an equivalent AZ/AZStd contract or remove a proven dead dependency.,See CryCommonMigrationValidation.md and category tests.,accept,pending frozen-SHA signoff,pending frozen-SHA signoff
Code/Editor/EditorViewportWidget.cpp#14,consumers,Code/Editor/EditorViewportWidget.cpp,977,1,996,3,Use an equivalent AZ/AZStd contract or remove a proven dead dependency.,See CryCommonMigrationValidation.md and category tests.,accept,pending frozen-SHA signoff,pending frozen-SHA signoff
Code/Editor/EditorViewportWidget.cpp#15,consumers,Code/Editor/EditorViewportWidget.cpp,1085,1,1106,3,Use an equivalent AZ/AZStd contract or remove a proven dead dependency.,See CryCommonMigrationValidation.md and category tests.,accept,pending frozen-SHA signoff,pending frozen-SHA signoff
Code/Editor/EditorViewportWidget.cpp#16,consumers,Code/Editor/EditorViewportWidget.cpp,1100,1,1123,2,Use an equivalent AZ/AZStd contract or remove a proven dead dependency.,See CryCommonMigrationValidation.md and category tests.,accept,pending frozen-SHA signoff,pending frozen-SHA signoff
Code/Editor/EditorViewportWidget.cpp#17,consumers,Code/Editor/EditorViewportWidget.cpp,1214,1,1238,2,Use an equivalent AZ/AZStd contract or remove a proven dead dependency.,See CryCommonMigrationValidation.md and category tests.,accept,pending frozen-SHA signoff,pending frozen-SHA signoff
Code/Editor/EditorViewportWidget.cpp#18,consumers,Code/Editor/EditorViewportWidget.cpp,1223,1,1248,1,Use an equivalent AZ/AZStd contract or remove a proven dead dependency.,See CryCommonMigrationValidation.md and category tests.,accept,pending frozen-SHA signoff,pending frozen-SHA signoff
Code/Editor/EditorViewportWidget.cpp#19,consumers,Code/Editor/EditorViewportWidget.cpp,1225,1,1250,1,Use an equivalent AZ/AZStd contract or remove a proven dead dependency.,See CryCommonMigrationValidation.md and category tests.,accept,pending frozen-SHA signoff,pending frozen-SHA signoff
Code/Editor/EditorViewportWidget.cpp#20,consumers,Code/Editor/EditorViewportWidget.cpp,1228,1,1253,1,Use an equivalent AZ/AZStd contract or remove a proven dead dependency.,See CryCommonMigrationValidation.md and category tests.,accept,pending frozen-SHA signoff,pending frozen-SHA signoff
Code/Editor/EditorViewportWidget.cpp#21,consumers,Code/Editor/EditorViewportWidget.cpp,1231,2,1256,2,Use an equivalent AZ/AZStd contract or remove a proven dead dependency.,See CryCommonMigrationValidation.md and category tests.,accept,pending frozen-SHA signoff,pending frozen-SHA signoff
Code/Editor/EditorViewportWidget.cpp#22,consumers,Code/Editor/EditorViewportWidget.cpp,1238,1,1263,1,Use an equivalent AZ/AZStd contract or remove a proven dead dependency.,See CryCommonMigrationValidation.md and category tests.,accept,pending frozen-SHA signoff,pending frozen-SHA signoff
Code/Editor/EditorViewportWidget.cpp#23,consumers,Code/Editor/EditorViewportWidget.cpp,1240,1,1265,1,Use an equivalent AZ/AZStd contract or remove a proven dead dependency.,See CryCommonMigrationValidation.md and category tests.,accept,pending frozen-SHA signoff,pending frozen-SHA signoff
Code/Editor/EditorViewportWidget.cpp#24,consumers,Code/Editor/EditorViewportWidget.cpp,1244,1,1269,1,Use an equivalent AZ/AZStd contract or remove a proven dead dependency.,See CryCommonMigrationValidation.md and category tests.,accept,pending frozen-SHA signoff,pending frozen-SHA signoff
Code/Editor/EditorViewportWidget.cpp#25,consumers,Code/Editor/EditorViewportWidget.cpp,1260,1,1285,1,Use an equivalent AZ/AZStd contract or remove a proven dead dependency.,See CryCommonMigrationValidation.md and category tests.,accept,pending frozen-SHA signoff,pending frozen-SHA signoff
Code/Editor/EditorViewportWidget.cpp#26,consumers,Code/Editor/EditorViewportWidget.cpp,1262,1,1287,1,Use an equivalent AZ/AZStd contract or remove a proven dead dependency.,See CryCommonMigrationValidation.md and category tests.,accept,pending frozen-SHA signoff,pending frozen-SHA signoff
Code/Editor/EditorViewportWidget.cpp#27,consumers,Code/Editor/EditorViewportWidget.cpp,1264,1,1289,1,Use an equivalent AZ/AZStd contract or remove a proven dead dependency.,See CryCommonMigrationValidation.md and category tests.,accept,pending frozen-SHA signoff,pending frozen-SHA signoff
Code/Editor/EditorViewportWidget.cpp#28,consumers,Code/Editor/EditorViewportWidget.cpp,1267,1,1292,1,Use an equivalent AZ/AZStd contract or remove a proven dead dependency.,See CryCommonMigrationValidation.md and category tests.,accept,pending frozen-SHA signoff,pending frozen-SHA signoff
Code/Editor/EditorViewportWidget.cpp#29,consumers,Code/Editor/EditorViewportWidget.cpp,1273,1,1298,1,Use an equivalent AZ/AZStd contract or remove a proven dead dependency.,See CryCommonMigrationValidation.md and category tests.,accept,pending frozen-SHA signoff,pending frozen-SHA signoff
Code/Editor/EditorViewportWidget.cpp#30,consumers,Code/Editor/EditorViewportWidget.cpp,1281,1,1306,1,Use an equivalent AZ/AZStd contract or remove a proven dead dependency.,See CryCommonMigrationValidation.md and category tests.,accept,pending frozen-SHA signoff,pending frozen-SHA signoff
Code/Editor/EditorViewportWidget.cpp#31,consumers,Code/Editor/EditorViewportWidget.cpp,1286,1,1311,1,Use an equivalent AZ/AZStd contract or remove a proven dead dependency.,See CryCommonMigrationValidation.md and category tests.,accept,pending frozen-SHA signoff,pending frozen-SHA signoff
Code/Editor/EditorViewportWidget.cpp#32,consumers,Code/Editor/EditorViewportWidget.cpp,1323,1,1348,1,Use an equivalent AZ/AZStd contract or remove a proven dead dependency.,See CryCommonMigrationValidation.md and category tests.,accept,pending frozen-SHA signoff,pending frozen-SHA signoff
Code/Editor/EditorViewportWidget.cpp#33,consumers,Code/Editor/EditorViewportWidget.cpp,1327,1,1352,1,Use an equivalent AZ/AZStd contract or remove a proven dead dependency.,See CryCommonMigrationValidation.md and category tests.,accept,pending frozen-SHA signoff,pending frozen-SHA signoff
Code/Editor/EditorViewportWidget.cpp#34,consumers,Code/Editor/EditorViewportWidget.cpp,1341,1,1366,1,Use an equivalent AZ/AZStd contract or remove a proven dead dependency.,See CryCommonMigrationValidation.md and category tests.,accept,pending frozen-SHA signoff,pending frozen-SHA signoff
Code/Editor/EditorViewportWidget.cpp#35,consumers,Code/Editor/EditorViewportWidget.cpp,1344,1,1369,7,Use an equivalent AZ/AZStd contract or remove a proven dead dependency.,See CryCommonMigrationValidation.md and category tests.,accept,pending frozen-SHA signoff,pending frozen-SHA signoff
Code/Editor/EditorViewportWidget.cpp#36,consumers,Code/Editor/EditorViewportWidget.cpp,1348,1,1379,1,Use an equivalent AZ/AZStd contract or remove a proven dead dependency.,See CryCommonMigrationValidation.md and category tests.,accept,pending frozen-SHA signoff,pending frozen-SHA signoff
Code/Editor/EditorViewportWidget.cpp#37,consumers,Code/Editor/EditorViewportWidget.cpp,1404,1,1435,1,Use an equivalent AZ/AZStd contract or remove a proven dead dependency.,See CryCommonMigrationValidation.md and category tests.,accept,pending frozen-SHA signoff,pending frozen-SHA signoff
Code/Editor/EditorViewportWidget.cpp#38,consumers,Code/Editor/EditorViewportWidget.cpp,1412,2,1443,2,Use an equivalent AZ/AZStd contract or remove a proven dead dependency.,See CryCommonMigrationValidation.md and category tests.,accept,pending frozen-SHA signoff,pending frozen-SHA signoff
Code/Editor/EditorViewportWidget.cpp#39,consumers,Code/Editor/EditorViewportWidget.cpp,1491,1,1522,2,Use an equivalent AZ/AZStd contract or remove a proven dead dependency.,See CryCommonMigrationValidation.md and category tests.,accept,pending frozen-SHA signoff,pending frozen-SHA signoff
Code/Editor/EditorViewportWidget.cpp#40,consumers,Code/Editor/EditorViewportWidget.cpp,1547,1,1579,2,Use an equivalent AZ/AZStd contract or remove a proven dead dependency.,See CryCommonMigrationValidation.md and category tests.,accept,pending frozen-SHA signoff,pending frozen-SHA signoff
Code/Editor/EditorViewportWidget.cpp#41,consumers,Code/Editor/EditorViewportWidget.cpp,1645,1,1678,1,Use an equivalent AZ/AZStd contract or remove a proven dead dependency.,See CryCommonMigrationValidation.md and category tests.,accept,pending frozen-SHA signoff,pending frozen-SHA signoff
Code/Editor/EditorViewportWidget.cpp#42,consumers,Code/Editor/EditorViewportWidget.cpp,1938,1,1971,2,Use an equivalent AZ/AZStd contract or remove a proven dead dependency.,See CryCommonMigrationValidation.md and category tests.,accept,pending frozen-SHA signoff,pending frozen-SHA signoff
Code/Editor/EditorViewportWidget.cpp#43,consumers,Code/Editor/EditorViewportWidget.cpp,2235,1,2268,0,Use an equivalent AZ/AZStd contract or remove a proven dead dependency.,See CryCommonMigrationValidation.md and category tests.,accept,pending frozen-SHA signoff,pending frozen-SHA signoff
Code/Editor/EditorViewportWidget.h#1,consumers,Code/Editor/EditorViewportWidget.h,35,1,34,0,Use an equivalent AZ/AZStd contract or remove a proven dead dependency.,See CryCommonMigrationValidation.md and category tests.,accept,pending frozen-SHA signoff,pending frozen-SHA signoff
Code/Editor/EditorViewportWidget.h#2,consumers,Code/Editor/EditorViewportWidget.h,167,3,166,3,Use an equivalent AZ/AZStd contract or remove a proven dead dependency.,See CryCommonMigrationValidation.md and category tests.,accept,pending frozen-SHA signoff,pending frozen-SHA signoff
Code/Editor/EditorViewportWidget.h#3,consumers,Code/Editor/EditorViewportWidget.h,176,3,175,3,Use an equivalent AZ/AZStd contract or remove a proven dead dependency.,See CryCommonMigrationValidation.md and category tests.,accept,pending frozen-SHA signoff,pending frozen-SHA signoff
Code/Editor/EditorViewportWidget.h#4,consumers,Code/Editor/EditorViewportWidget.h,237,1,236,1,Use an equivalent AZ/AZStd contract or remove a proven dead dependency.,See CryCommonMigrationValidation.md and category tests.,accept,pending frozen-SHA signoff,pending frozen-SHA signoff
Code/Editor/GameEngine.cpp#1,consumers,Code/Editor/GameEngine.cpp,9,1,8,0,Use an equivalent AZ/AZStd contract or remove a proven dead dependency.,See CryCommonMigrationValidation.md and category tests.,accept,pending frozen-SHA signoff,pending frozen-SHA signoff
Code/Editor/GameEngine.cpp#2,consumers,Code/Editor/GameEngine.cpp,19,0,19,1,Use an equivalent AZ/AZStd contract or remove a proven dead dependency.,See CryCommonMigrationValidation.md and category tests.,accept,pending frozen-SHA signoff,pending frozen-SHA signoff
Code/Editor/GameEngine.cpp#3,consumers,Code/Editor/GameEngine.cpp,24,1,23,0,Use an equivalent AZ/AZStd contract or remove a proven dead dependency.,See CryCommonMigrationValidation.md and category tests.,accept,pending frozen-SHA signoff,pending frozen-SHA signoff
Code/Editor/GameEngine.cpp#4,consumers,Code/Editor/GameEngine.cpp,26,0,26,1,Use an equivalent AZ/AZStd contract or remove a proven dead dependency.,See CryCommonMigrationValidation.md and category tests.,accept,pending frozen-SHA signoff,pending frozen-SHA signoff
Code/Editor/GameEngine.cpp#5,consumers,Code/Editor/GameEngine.cpp,28,2,27,0,Use an equivalent AZ/AZStd contract or remove a proven dead dependency.,See CryCommonMigrationValidation.md and category tests.,accept,pending frozen-SHA signoff,pending frozen-SHA signoff
Code/Editor/GameEngine.cpp#6,consumers,Code/Editor/GameEngine.cpp,31,1,29,2,Use an equivalent AZ/AZStd contract or remove a proven dead dependency.,See CryCommonMigrationValidation.md and category tests.,accept,pending frozen-SHA signoff,pending frozen-SHA signoff
Code/Editor/GameEngine.cpp#7,consumers,Code/Editor/GameEngine.cpp,34,1,32,0,Use an equivalent AZ/AZStd contract or remove a proven dead dependency.,See CryCommonMigrationValidation.md and category tests.,accept,pending frozen-SHA signoff,pending frozen-SHA signoff
Code/Editor/GameEngine.cpp#8,consumers,Code/Editor/GameEngine.cpp,35,0,34,1,Use an equivalent AZ/AZStd contract or remove a proven dead dependency.,See CryCommonMigrationValidation.md and category tests.,accept,pending frozen-SHA signoff,pending frozen-SHA signoff
Code/Editor/GameEngine.cpp#9,consumers,Code/Editor/GameEngine.cpp,38,0,38,1,Use an equivalent AZ/AZStd contract or remove a proven dead dependency.,See CryCommonMigrationValidation.md and category tests.,accept,pending frozen-SHA signoff,pending frozen-SHA signoff
Code/Editor/GameEngine.cpp#10,consumers,Code/Editor/GameEngine.cpp,44,1,43,0,Use an equivalent AZ/AZStd contract or remove a proven dead dependency.,See CryCommonMigrationValidation.md and category tests.,accept,pending frozen-SHA signoff,pending frozen-SHA signoff
Code/Editor/GameEngine.cpp#11,consumers,Code/Editor/GameEngine.cpp,46,0,46,1,Use an equivalent AZ/AZStd contract or remove a proven dead dependency.,See CryCommonMigrationValidation.md and category tests.,accept,pending frozen-SHA signoff,pending frozen-SHA signoff
Code/Editor/GameEngine.cpp#12,consumers,Code/Editor/GameEngine.cpp,49,2,49,1,Use an equivalent AZ/AZStd contract or remove a proven dead dependency.,See CryCommonMigrationValidation.md and category tests.,accept,pending frozen-SHA signoff,pending frozen-SHA signoff
Code/Editor/GameEngine.cpp#13,consumers,Code/Editor/GameEngine.cpp,52,1,51,5,Use an equivalent AZ/AZStd contract or remove a proven dead dependency.,See CryCommonMigrationValidation.md and category tests.,accept,pending frozen-SHA signoff,pending frozen-SHA signoff
Code/Editor/GameEngine.cpp#14,consumers,Code/Editor/GameEngine.cpp,64,1,67,6,Use an equivalent AZ/AZStd contract or remove a proven dead dependency.,See CryCommonMigrationValidation.md and category tests.,accept,pending frozen-SHA signoff,pending frozen-SHA signoff
Code/Editor/GameEngine.cpp#15,consumers,Code/Editor/GameEngine.cpp,95,1,103,2,Use an equivalent AZ/AZStd contract or remove a proven dead dependency.,See CryCommonMigrationValidation.md and category tests.,accept,pending frozen-SHA signoff,pending frozen-SHA signoff
Code/Editor/GameEngine.cpp#16,consumers,Code/Editor/GameEngine.cpp,104,1,113,4,Use an equivalent AZ/AZStd contract or remove a proven dead dependency.,See CryCommonMigrationValidation.md and category tests.,accept,pending frozen-SHA signoff,pending frozen-SHA signoff
Code/Editor/GameEngine.cpp#17,consumers,Code/Editor/GameEngine.cpp,182,2,194,1,Use an equivalent AZ/AZStd contract or remove a proven dead dependency.,See CryCommonMigrationValidation.md and category tests.,accept,pending frozen-SHA signoff,pending frozen-SHA signoff
Code/Editor/GameEngine.cpp#18,consumers,Code/Editor/GameEngine.cpp,214,0,226,1,Use an equivalent AZ/AZStd contract or remove a proven dead dependency.,See CryCommonMigrationValidation.md and category tests.,accept,pending frozen-SHA signoff,pending frozen-SHA signoff
Code/Editor/GameEngine.cpp#19,consumers,Code/Editor/GameEngine.cpp,224,2,236,1,Use an equivalent AZ/AZStd contract or remove a proven dead dependency.,See CryCommonMigrationValidation.md and category tests.,accept,pending frozen-SHA signoff,pending frozen-SHA signoff
Code/Editor/GameEngine.cpp#20,consumers,Code/Editor/GameEngine.cpp,243,1,254,1,Use an equivalent AZ/AZStd contract or remove a proven dead dependency.,See CryCommonMigrationValidation.md and category tests.,accept,pending frozen-SHA signoff,pending frozen-SHA signoff
Code/Editor/GameEngine.cpp#21,consumers,Code/Editor/GameEngine.cpp,302,7,313,3,Use an equivalent AZ/AZStd contract or remove a proven dead dependency.,See CryCommonMigrationValidation.md and category tests.,accept,pending frozen-SHA signoff,pending frozen-SHA signoff
Code/Editor/GameEngine.cpp#22,consumers,Code/Editor/GameEngine.cpp,319,5,326,1,Use an equivalent AZ/AZStd contract or remove a proven dead dependency.,See CryCommonMigrationValidation.md and category tests.,accept,pending frozen-SHA signoff,pending frozen-SHA signoff
Code/Editor/GameEngine.cpp#23,consumers,Code/Editor/GameEngine.cpp,327,1,330,1,Use an equivalent AZ/AZStd contract or remove a proven dead dependency.,See CryCommonMigrationValidation.md and category tests.,accept,pending frozen-SHA signoff,pending frozen-SHA signoff
Code/Editor/GameEngine.cpp#24,consumers,Code/Editor/GameEngine.cpp,337,2,340,1,Use an equivalent AZ/AZStd contract or remove a proven dead dependency.,See CryCommonMigrationValidation.md and category tests.,accept,pending frozen-SHA signoff,pending frozen-SHA signoff
Code/Editor/GameEngine.cpp#25,consumers,Code/Editor/GameEngine.cpp,395,1,397,2,Use an equivalent AZ/AZStd contract or remove a proven dead dependency.,See CryCommonMigrationValidation.md and category tests.,accept,pending frozen-SHA signoff,pending frozen-SHA signoff
Code/Editor/GameEngine.cpp#26,consumers,Code/Editor/GameEngine.cpp,405,4,408,6,Use an equivalent AZ/AZStd contract or remove a proven dead dependency.,See CryCommonMigrationValidation.md and category tests.,accept,pending frozen-SHA signoff,pending frozen-SHA signoff
Code/Editor/GameEngine.cpp#27,consumers,Code/Editor/GameEngine.cpp,466,3,471,1,Use an equivalent AZ/AZStd contract or remove a proven dead dependency.,See CryCommonMigrationValidation.md and category tests.,accept,pending frozen-SHA signoff,pending frozen-SHA signoff
Code/Editor/GameEngine.cpp#28,consumers,Code/Editor/GameEngine.cpp,470,1,473,1,Use an equivalent AZ/AZStd contract or remove a proven dead dependency.,See CryCommonMigrationValidation.md and category tests.,accept,pending frozen-SHA signoff,pending frozen-SHA signoff
Code/Editor/GameEngine.cpp#29,consumers,Code/Editor/GameEngine.cpp,499,1,502,6,Use an equivalent AZ/AZStd contract or remove a proven dead dependency.,See CryCommonMigrationValidation.md and category tests.,accept,pending frozen-SHA signoff,pending frozen-SHA signoff
Code/Editor/GameEngine.cpp#30,consumers,Code/Editor/GameEngine.cpp,527,3,535,4,Use an equivalent AZ/AZStd contract or remove a proven dead dependency.,See CryCommonMigrationValidation.md and category tests.,accept,pending frozen-SHA signoff,pending frozen-SHA signoff
Code/Editor/GameEngine.cpp#31,consumers,Code/Editor/GameEngine.cpp,568,1,576,0,Use an equivalent AZ/AZStd contract or remove a proven dead dependency.,See CryCommonMigrationValidation.md and category tests.,accept,pending frozen-SHA signoff,pending frozen-SHA signoff
Code/Editor/GameEngine.cpp#32,consumers,Code/Editor/GameEngine.cpp,572,3,580,4,Use an equivalent AZ/AZStd contract or remove a proven dead dependency.,See CryCommonMigrationValidation.md and category tests.,accept,pending frozen-SHA signoff,pending frozen-SHA signoff
Code/Editor/GameEngine.cpp#33,consumers,Code/Editor/GameEngine.cpp,693,1,702,2,Use an equivalent AZ/AZStd contract or remove a proven dead dependency.,See CryCommonMigrationValidation.md and category tests.,accept,pending frozen-SHA signoff,pending frozen-SHA signoff
Code/Editor/GameEngine.cpp#34,consumers,Code/Editor/GameEngine.cpp,734,10,743,0,Use an equivalent AZ/AZStd contract or remove a proven dead dependency.,See CryCommonMigrationValidation.md and category tests.,accept,pending frozen-SHA signoff,pending frozen-SHA signoff
Code/Editor/GameEngine.cpp#35,consumers,Code/Editor/GameEngine.cpp,745,1,745,3,Use an equivalent AZ/AZStd contract or remove a proven dead dependency.,See CryCommonMigrationValidation.md and category tests.,accept,pending frozen-SHA signoff,pending frozen-SHA signoff
Code/Editor/GameEngine.cpp#36,consumers,Code/Editor/GameEngine.cpp,747,2,749,2,Use an equivalent AZ/AZStd contract or remove a proven dead dependency.,See CryCommonMigrationValidation.md and category tests.,accept,pending frozen-SHA signoff,pending frozen-SHA signoff
Code/Editor/GameEngine.cpp#37,consumers,Code/Editor/GameEngine.cpp,750,1,752,12,Use an equivalent AZ/AZStd contract or remove a proven dead dependency.,See CryCommonMigrationValidation.md and category tests.,accept,pending frozen-SHA signoff,pending frozen-SHA signoff
Code/Editor/GameEngine.cpp#38,consumers,Code/Editor/GameEngine.cpp,752,3,764,0,Use an equivalent AZ/AZStd contract or remove a proven dead dependency.,See CryCommonMigrationValidation.md and category tests.,accept,pending frozen-SHA signoff,pending frozen-SHA signoff
Code/Editor/GameEngine.cpp#39,consumers,Code/Editor/GameEngine.cpp,774,4,784,4,Use an equivalent AZ/AZStd contract or remove a proven dead dependency.,See CryCommonMigrationValidation.md and category tests.,accept,pending frozen-SHA signoff,pending frozen-SHA signoff
Code/Editor/GameEngine.cpp#40,consumers,Code/Editor/GameEngine.cpp,779,1,789,1,Use an equivalent AZ/AZStd contract or remove a proven dead dependency.,See CryCommonMigrationValidation.md and category tests.,accept,pending frozen-SHA signoff,pending frozen-SHA signoff
Code/Editor/GameEngine.cpp#41,consumers,Code/Editor/GameEngine.cpp,784,1,794,1,Use an equivalent AZ/AZStd contract or remove a proven dead dependency.,See CryCommonMigrationValidation.md and category tests.,accept,pending frozen-SHA signoff,pending frozen-SHA signoff
Code/Editor/GameEngine.cpp#42,consumers,Code/Editor/GameEngine.cpp,807,2,816,0,Use an equivalent AZ/AZStd contract or remove a proven dead dependency.,See CryCommonMigrationValidation.md and category tests.,accept,pending frozen-SHA signoff,pending frozen-SHA signoff
Code/Editor/GameEngine.cpp#43,consumers,Code/Editor/GameEngine.cpp,810,1,818,4,Use an equivalent AZ/AZStd contract or remove a proven dead dependency.,See CryCommonMigrationValidation.md and category tests.,accept,pending frozen-SHA signoff,pending frozen-SHA signoff
Code/Editor/GameEngine.cpp#44,consumers,Code/Editor/GameEngine.cpp,812,2,823,1,Use an equivalent AZ/AZStd contract or remove a proven dead dependency.,See CryCommonMigrationValidation.md and category tests.,accept,pending frozen-SHA signoff,pending frozen-SHA signoff
Code/Editor/GameEngine.cpp#45,consumers,Code/Editor/GameEngine.cpp,827,1,836,0,Use an equivalent AZ/AZStd contract or remove a proven dead dependency.,See CryCommonMigrationValidation.md and category tests.,accept,pending frozen-SHA signoff,pending frozen-SHA signoff
Code/Editor/GameEngine.h#1,consumers,Code/Editor/GameEngine.h,9,1,8,0,Use an equivalent AZ/AZStd contract or remove a proven dead dependency.,See CryCommonMigrationValidation.md and category tests.,accept,pending frozen-SHA signoff,pending frozen-SHA signoff
Code/Editor/GameEngine.h#2,consumers,Code/Editor/GameEngine.h,25,0,25,1,Use an equivalent AZ/AZStd contract or remove a proven dead dependency.,See CryCommonMigrationValidation.md and category tests.,accept,pending frozen-SHA signoff,pending frozen-SHA signoff
Code/Editor/GameEngine.h#3,consumers,Code/Editor/GameEngine.h,43,2,43,1,Use an equivalent AZ/AZStd contract or remove a proven dead dependency.,See CryCommonMigrationValidation.md and category tests.,accept,pending frozen-SHA signoff,pending frozen-SHA signoff
Code/Editor/GameEngine.h#4,consumers,Code/Editor/GameEngine.h,52,5,51,1,Use an equivalent AZ/AZStd contract or remove a proven dead dependency.,See CryCommonMigrationValidation.md and category tests.,accept,pending frozen-SHA signoff,pending frozen-SHA signoff
Code/Editor/GameEngine.h#5,consumers,Code/Editor/GameEngine.h,62,3,57,1,Use an equivalent AZ/AZStd contract or remove a proven dead dependency.,See CryCommonMigrationValidation.md and category tests.,accept,pending frozen-SHA signoff,pending frozen-SHA signoff
Code/Editor/GameEngine.h#6,consumers,Code/Editor/GameEngine.h,75,1,68,4,Use an equivalent AZ/AZStd contract or remove a proven dead dependency.,See CryCommonMigrationValidation.md and category tests.,accept,pending frozen-SHA signoff,pending frozen-SHA signoff
Code/Editor/GameEngine.h#7,consumers,Code/Editor/GameEngine.h,77,1,73,4,Use an equivalent AZ/AZStd contract or remove a proven dead dependency.,See CryCommonMigrationValidation.md and category tests.,accept,pending frozen-SHA signoff,pending frozen-SHA signoff
Code/Editor/GameEngine.h#8,consumers,Code/Editor/GameEngine.h,81,1,80,4,Use an equivalent AZ/AZStd contract or remove a proven dead dependency.,See CryCommonMigrationValidation.md and category tests.,accept,pending frozen-SHA signoff,pending frozen-SHA signoff
Code/Editor/GameEngine.h#9,consumers,Code/Editor/GameEngine.h,83,1,85,4,Use an equivalent AZ/AZStd contract or remove a proven dead dependency.,See CryCommonMigrationValidation.md and category tests.,accept,pending frozen-SHA signoff,pending frozen-SHA signoff
Code/Editor/GameEngine.h#10,consumers,Code/Editor/GameEngine.h,85,1,90,4,Use an equivalent AZ/AZStd contract or remove a proven dead dependency.,See CryCommonMigrationValidation.md and category tests.,accept,pending frozen-SHA signoff,pending frozen-SHA signoff
Code/Editor/GameEngine.h#11,consumers,Code/Editor/GameEngine.h,87,1,95,4,Use an equivalent AZ/AZStd contract or remove a proven dead dependency.,See CryCommonMigrationValidation.md and category tests.,accept,pending frozen-SHA signoff,pending frozen-SHA signoff
Code/Editor/GameEngine.h#12,consumers,Code/Editor/GameEngine.h,89,1,100,4,Use an equivalent AZ/AZStd contract or remove a proven dead dependency.,See CryCommonMigrationValidation.md and category tests.,accept,pending frozen-SHA signoff,pending frozen-SHA signoff
Code/Editor/GameEngine.h#13,consumers,Code/Editor/GameEngine.h,91,1,105,4,Use an equivalent AZ/AZStd contract or remove a proven dead dependency.,See CryCommonMigrationValidation.md and category tests.,accept,pending frozen-SHA signoff,pending frozen-SHA signoff
Code/Editor/GameEngine.h#14,consumers,Code/Editor/GameEngine.h,93,1,110,4,Use an equivalent AZ/AZStd contract or remove a proven dead dependency.,See CryCommonMigrationValidation.md and category tests.,accept,pending frozen-SHA signoff,pending frozen-SHA signoff
Code/Editor/GameEngine.h#15,consumers,Code/Editor/GameEngine.h,99,1,119,4,Use an equivalent AZ/AZStd contract or remove a proven dead dependency.,See CryCommonMigrationValidation.md and category tests.,accept,pending frozen-SHA signoff,pending frozen-SHA signoff
Code/Editor/GameEngine.h#16,consumers,Code/Editor/GameEngine.h,151,1,173,0,Use an equivalent AZ/AZStd contract or remove a proven dead dependency.,See CryCommonMigrationValidation.md and category tests.,accept,pending frozen-SHA signoff,pending frozen-SHA signoff
Code/Editor/GenericSelectItemDialog.cpp#1,consumers,Code/Editor/GenericSelectItemDialog.cpp,108,1,108,2,Use an equivalent AZ/AZStd contract or remove a proven dead dependency.,See CryCommonMigrationValidation.md and category tests.,accept,pending frozen-SHA signoff,pending frozen-SHA signoff
Code/Editor/GenericSelectItemDialog.cpp#2,consumers,Code/Editor/GenericSelectItemDialog.cpp,272,1,272,0,Use an equivalent AZ/AZStd contract or remove a proven dead dependency.,See CryCommonMigrationValidation.md and category tests.,accept,pending frozen-SHA signoff,pending frozen-SHA signoff
Code/Editor/IEditorImpl.cpp#1,consumers,Code/Editor/IEditorImpl.cpp,23,0,24,1,Use an equivalent AZ/AZStd contract or remove a proven dead dependency.,See CryCommonMigrationValidation.md and category tests.,accept,pending frozen-SHA signoff,pending frozen-SHA signoff
Code/Editor/IEditorImpl.cpp#2,consumers,Code/Editor/IEditorImpl.cpp,1004,1,1005,4,Use an equivalent AZ/AZStd contract or remove a proven dead dependency.,See CryCommonMigrationValidation.md and category tests.,accept,pending frozen-SHA signoff,pending frozen-SHA signoff
Code/Editor/IEditorImpl.cpp#3,consumers,Code/Editor/IEditorImpl.cpp,1086,1,1089,0,Use an equivalent AZ/AZStd contract or remove a proven dead dependency.,See CryCommonMigrationValidation.md and category tests.,accept,pending frozen-SHA signoff,pending frozen-SHA signoff
Code/Editor/Include/HitContext.h#1,consumers,Code/Editor/Include/HitContext.h,13,1,12,0,Use an equivalent AZ/AZStd contract or remove a proven dead dependency.,See CryCommonMigrationValidation.md and category tests.,accept,pending frozen-SHA signoff,pending frozen-SHA signoff
Code/Editor/Include/HitContext.h#2,consumers,Code/Editor/Include/HitContext.h,19,0,19,1,Use an equivalent AZ/AZStd contract or remove a proven dead dependency.,See CryCommonMigrationValidation.md and category tests.,accept,pending frozen-SHA signoff,pending frozen-SHA signoff
Code/Editor/Include/HitContext.h#3,consumers,Code/Editor/Include/HitContext.h,21,1,20,0,Use an equivalent AZ/AZStd contract or remove a proven dead dependency.,See CryCommonMigrationValidation.md and category tests.,accept,pending frozen-SHA signoff,pending frozen-SHA signoff
Code/Editor/Include/HitContext.h#4,consumers,Code/Editor/Include/HitContext.h,27,1,26,1,Use an equivalent AZ/AZStd contract or remove a proven dead dependency.,See CryCommonMigrationValidation.md and category tests.,accept,pending frozen-SHA signoff,pending frozen-SHA signoff
Code/Editor/Include/HitContext.h#5,consumers,Code/Editor/Include/HitContext.h,29,1,28,1,Use an equivalent AZ/AZStd contract or remove a proven dead dependency.,See CryCommonMigrationValidation.md and category tests.,accept,pending frozen-SHA signoff,pending frozen-SHA signoff
Code/Editor/Include/HitContext.h#6,consumers,Code/Editor/Include/HitContext.h,32,1,31,1,Use an equivalent AZ/AZStd contract or remove a proven dead dependency.,See CryCommonMigrationValidation.md and category tests.,accept,pending frozen-SHA signoff,pending frozen-SHA signoff
Code/Editor/Include/HitContext.h#7,consumers,Code/Editor/Include/HitContext.h,34,1,33,1,Use an equivalent AZ/AZStd contract or remove a proven dead dependency.,See CryCommonMigrationValidation.md and category tests.,accept,pending frozen-SHA signoff,pending frozen-SHA signoff
Code/Editor/Include/HitContext.h#8,consumers,Code/Editor/Include/HitContext.h,36,1,35,1,Use an equivalent AZ/AZStd contract or remove a proven dead dependency.,See CryCommonMigrationValidation.md and category tests.,accept,pending frozen-SHA signoff,pending frozen-SHA signoff
Code/Editor/Include/HitContext.h#9,consumers,Code/Editor/Include/HitContext.h,38,1,37,1,Use an equivalent AZ/AZStd contract or remove a proven dead dependency.,See CryCommonMigrationValidation.md and category tests.,accept,pending frozen-SHA signoff,pending frozen-SHA signoff
Code/Editor/Include/HitContext.h#10,consumers,Code/Editor/Include/HitContext.h,40,1,39,1,Use an equivalent AZ/AZStd contract or remove a proven dead dependency.,See CryCommonMigrationValidation.md and category tests.,accept,pending frozen-SHA signoff,pending frozen-SHA signoff
Code/Editor/Include/HitContext.h#11,consumers,Code/Editor/Include/HitContext.h,43,1,42,1,Use an equivalent AZ/AZStd contract or remove a proven dead dependency.,See CryCommonMigrationValidation.md and category tests.,accept,pending frozen-SHA signoff,pending frozen-SHA signoff
Code/Editor/Include/HitContext.h#12,consumers,Code/Editor/Include/HitContext.h,45,1,44,1,Use an equivalent AZ/AZStd contract or remove a proven dead dependency.,See CryCommonMigrationValidation.md and category tests.,accept,pending frozen-SHA signoff,pending frozen-SHA signoff
Code/Editor/Include/HitContext.h#13,consumers,Code/Editor/Include/HitContext.h,47,1,46,1,Use an equivalent AZ/AZStd contract or remove a proven dead dependency.,See CryCommonMigrationValidation.md and category tests.,accept,pending frozen-SHA signoff,pending frozen-SHA signoff
Code/Editor/Include/HitContext.h#14,consumers,Code/Editor/Include/HitContext.h,49,1,48,1,Use an equivalent AZ/AZStd contract or remove a proven dead dependency.,See CryCommonMigrationValidation.md and category tests.,accept,pending frozen-SHA signoff,pending frozen-SHA signoff
Code/Editor/Include/HitContext.h#15,consumers,Code/Editor/Include/HitContext.h,51,1,50,1,Use an equivalent AZ/AZStd contract or remove a proven dead dependency.,See CryCommonMigrationValidation.md and category tests.,accept,pending frozen-SHA signoff,pending frozen-SHA signoff
Code/Editor/Include/HitContext.h#16,consumers,Code/Editor/Include/HitContext.h,80,1,79,1,Use an equivalent AZ/AZStd contract or remove a proven dead dependency.,See CryCommonMigrationValidation.md and category tests.,accept,pending frozen-SHA signoff,pending frozen-SHA signoff
Code/Editor/Include/HitContext.h#17,consumers,Code/Editor/Include/HitContext.h,82,1,81,1,Use an equivalent AZ/AZStd contract or remove a proven dead dependency.,See CryCommonMigrationValidation.md and category tests.,accept,pending frozen-SHA signoff,pending frozen-SHA signoff
Code/Editor/Include/HitContext.h#18,consumers,Code/Editor/Include/HitContext.h,112,2,111,2,Use an equivalent AZ/AZStd contract or remove a proven dead dependency.,See CryCommonMigrationValidation.md and category tests.,accept,pending frozen-SHA signoff,pending frozen-SHA signoff
Code/Editor/Include/IDisplayViewport.h#1,consumers,Code/Editor/Include/IDisplayViewport.h,21,1,21,1,Use an equivalent AZ/AZStd contract or remove a proven dead dependency.,See CryCommonMigrationValidation.md and category tests.,accept,pending frozen-SHA signoff,pending frozen-SHA signoff
Code/Editor/Include/IDisplayViewport.h#2,consumers,Code/Editor/Include/IDisplayViewport.h,30,1,30,1,Use an equivalent AZ/AZStd contract or remove a proven dead dependency.,See CryCommonMigrationValidation.md and category tests.,accept,pending frozen-SHA signoff,pending frozen-SHA signoff
Code/Editor/Include/IDisplayViewport.h#3,consumers,Code/Editor/Include/IDisplayViewport.h,43,5,43,5,Use an equivalent AZ/AZStd contract or remove a proven dead dependency.,See CryCommonMigrationValidation.md and category tests.,accept,pending frozen-SHA signoff,pending frozen-SHA signoff
Code/Editor/Include/IFileUtil.h#1,consumers,Code/Editor/Include/IFileUtil.h,10,0,11,2,Use an equivalent AZ/AZStd contract or remove a proven dead dependency.,See CryCommonMigrationValidation.md and category tests.,accept,pending frozen-SHA signoff,pending frozen-SHA signoff
Code/Editor/Include/IFileUtil.h#2,consumers,Code/Editor/Include/IFileUtil.h,75,1,77,1,Use an equivalent AZ/AZStd contract or remove a proven dead dependency.,See CryCommonMigrationValidation.md and category tests.,accept,pending frozen-SHA signoff,pending frozen-SHA signoff
Code/Editor/Include/IFileUtil.h#3,consumers,Code/Editor/Include/IFileUtil.h,166,1,168,1,Use an equivalent AZ/AZStd contract or remove a proven dead dependency.,See CryCommonMigrationValidation.md and category tests.,accept,pending frozen-SHA signoff,pending frozen-SHA signoff
Code/Editor/Include/IFileUtil.h#4,consumers,Code/Editor/Include/IFileUtil.h,205,1,207,1,Use an equivalent AZ/AZStd contract or remove a proven dead dependency.,See CryCommonMigrationValidation.md and category tests.,accept,pending frozen-SHA signoff,pending frozen-SHA signoff
Code/Editor/LevelIndependentFileMan.cpp#1,consumers,Code/Editor/LevelIndependentFileMan.cpp,13,0,14,2,Use an equivalent AZ/AZStd contract or remove a proven dead dependency.,See CryCommonMigrationValidation.md and category tests.,accept,pending frozen-SHA signoff,pending frozen-SHA signoff
Code/Editor/LevelIndependentFileMan.cpp#2,consumers,Code/Editor/LevelIndependentFileMan.cpp,37,1,39,4,Use an equivalent AZ/AZStd contract or remove a proven dead dependency.,See CryCommonMigrationValidation.md and category tests.,accept,pending frozen-SHA signoff,pending frozen-SHA signoff
Code/Editor/LevelIndependentFileMan.cpp#3,consumers,Code/Editor/LevelIndependentFileMan.cpp,41,1,46,4,Use an equivalent AZ/AZStd contract or remove a proven dead dependency.,See CryCommonMigrationValidation.md and category tests.,accept,pending frozen-SHA signoff,pending frozen-SHA signoff
Code/Editor/Lib/Tests/test_CryLegacyDeprecation.cpp#1,consumers,Code/Editor/Lib/Tests/test_CryLegacyDeprecation.cpp,11,0,12,2,Use an equivalent AZ/AZStd contract or remove a proven dead dependency.,See CryCommonMigrationValidation.md and category tests.,accept,pending frozen-SHA signoff,pending frozen-SHA signoff
Code/Editor/Lib/Tests/test_CryLegacyDeprecation.cpp#2,consumers,Code/Editor/Lib/Tests/test_CryLegacyDeprecation.cpp,12,0,15,1,Use an equivalent AZ/AZStd contract or remove a proven dead dependency.,See CryCommonMigrationValidation.md and category tests.,accept,pending frozen-SHA signoff,pending frozen-SHA signoff
Code/Editor/Lib/Tests/test_CryLegacyDeprecation.cpp#3,consumers,Code/Editor/Lib/Tests/test_CryLegacyDeprecation.cpp,17,1,20,1,Use an equivalent AZ/AZStd contract or remove a proven dead dependency.,See CryCommonMigrationValidation.md and category tests.,accept,pending frozen-SHA signoff,pending frozen-SHA signoff
Code/Editor/Lib/Tests/test_CryLegacyDeprecation.cpp#4,consumers,Code/Editor/Lib/Tests/test_CryLegacyDeprecation.cpp,20,1,23,1,Use an equivalent AZ/AZStd contract or remove a proven dead dependency.,See CryCommonMigrationValidation.md and category tests.,accept,pending frozen-SHA signoff,pending frozen-SHA signoff
Code/Editor/Lib/Tests/test_CryLegacyDeprecation.cpp#5,consumers,Code/Editor/Lib/Tests/test_CryLegacyDeprecation.cpp,27,1,30,1,Use an equivalent AZ/AZStd contract or remove a proven dead dependency.,See CryCommonMigrationValidation.md and category tests.,accept,pending frozen-SHA signoff,pending frozen-SHA signoff
Code/Editor/Lib/Tests/test_CryLegacyDeprecation.cpp#6,consumers,Code/Editor/Lib/Tests/test_CryLegacyDeprecation.cpp,29,1,32,1,Use an equivalent AZ/AZStd contract or remove a proven dead dependency.,See CryCommonMigrationValidation.md and category tests.,accept,pending frozen-SHA signoff,pending frozen-SHA signoff
Code/Editor/Lib/Tests/test_CryLegacyDeprecation.cpp#7,consumers,Code/Editor/Lib/Tests/test_CryLegacyDeprecation.cpp,55,1,58,1,Use an equivalent AZ/AZStd contract or remove a proven dead dependency.,See CryCommonMigrationValidation.md and category tests.,accept,pending frozen-SHA signoff,pending frozen-SHA signoff
Code/Editor/Lib/Tests/test_CryLegacyDeprecation.cpp#8,consumers,Code/Editor/Lib/Tests/test_CryLegacyDeprecation.cpp,76,1,79,1,Use an equivalent AZ/AZStd contract or remove a proven dead dependency.,See CryCommonMigrationValidation.md and category tests.,accept,pending frozen-SHA signoff,pending frozen-SHA signoff
Code/Editor/Lib/Tests/test_CryLegacyDeprecation.cpp#9,consumers,Code/Editor/Lib/Tests/test_CryLegacyDeprecation.cpp,88,5,91,5,Use an equivalent AZ/AZStd contract or remove a proven dead dependency.,See CryCommonMigrationValidation.md and category tests.,accept,pending frozen-SHA signoff,pending frozen-SHA signoff
Code/Editor/Lib/Tests/test_CryLegacyDeprecation.cpp#10,consumers,Code/Editor/Lib/Tests/test_CryLegacyDeprecation.cpp,97,1,100,1,Use an equivalent AZ/AZStd contract or remove a proven dead dependency.,See CryCommonMigrationValidation.md and category tests.,accept,pending frozen-SHA signoff,pending frozen-SHA signoff
Code/Editor/Lib/Tests/test_CryLegacyDeprecation.cpp#11,consumers,Code/Editor/Lib/Tests/test_CryLegacyDeprecation.cpp,109,3,112,3,Use an equivalent AZ/AZStd contract or remove a proven dead dependency.,See CryCommonMigrationValidation.md and category tests.,accept,pending frozen-SHA signoff,pending frozen-SHA signoff
Code/Editor/Lib/Tests/test_CryLegacyDeprecation.cpp#12,consumers,Code/Editor/Lib/Tests/test_CryLegacyDeprecation.cpp,113,3,116,3,Use an equivalent AZ/AZStd contract or remove a proven dead dependency.,See CryCommonMigrationValidation.md and category tests.,accept,pending frozen-SHA signoff,pending frozen-SHA signoff
Code/Editor/Lib/Tests/test_CryLegacyDeprecation.cpp#13,consumers,Code/Editor/Lib/Tests/test_CryLegacyDeprecation.cpp,117,4,120,7,Use an equivalent AZ/AZStd contract or remove a proven dead dependency.,See CryCommonMigrationValidation.md and category tests.,accept,pending frozen-SHA signoff,pending frozen-SHA signoff
Code/Editor/Lib/Tests/test_CryLegacyDeprecation.cpp#14,consumers,Code/Editor/Lib/Tests/test_CryLegacyDeprecation.cpp,122,2,128,35,Use an equivalent AZ/AZStd contract or remove a proven dead dependency.,See CryCommonMigrationValidation.md and category tests.,accept,pending frozen-SHA signoff,pending frozen-SHA signoff
Code/Editor/LogFile.cpp#1,consumers,Code/Editor/LogFile.cpp,14,0,15,1,Use an equivalent AZ/AZStd contract or remove a proven dead dependency.,See CryCommonMigrationValidation.md and category tests.,accept,pending frozen-SHA signoff,pending frozen-SHA signoff
Code/Editor/LogFile.h#1,consumers,Code/Editor/LogFile.h,14,1,13,0,Use an equivalent AZ/AZStd contract or remove a proven dead dependency.,See CryCommonMigrationValidation.md and category tests.,accept,pending frozen-SHA signoff,pending frozen-SHA signoff
Code/Editor/LogFile.h#2,consumers,Code/Editor/LogFile.h,24,3,22,0,Use an equivalent AZ/AZStd contract or remove a proven dead dependency.,See CryCommonMigrationValidation.md and category tests.,accept,pending frozen-SHA signoff,pending frozen-SHA signoff
Code/Editor/ProjectSettingsTool/ProjectSettingsContainer.cpp#1,consumers,Code/Editor/ProjectSettingsTool/ProjectSettingsContainer.cpp,17,1,16,0,Use an equivalent AZ/AZStd contract or remove a proven dead dependency.,See CryCommonMigrationValidation.md and category tests.,accept,pending frozen-SHA signoff,pending frozen-SHA signoff
Code/Editor/QtUI/ColorButton.cpp#1,consumers,Code/Editor/QtUI/ColorButton.cpp,9,1,8,0,Use an equivalent AZ/AZStd contract or remove a proven dead dependency.,See CryCommonMigrationValidation.md and category tests.,accept,pending frozen-SHA signoff,pending frozen-SHA signoff
Code/Editor/QtUI/ColorButton.cpp#2,consumers,Code/Editor/QtUI/ColorButton.cpp,58,1,56,0,Use an equivalent AZ/AZStd contract or remove a proven dead dependency.,See CryCommonMigrationValidation.md and category tests.,accept,pending frozen-SHA signoff,pending frozen-SHA signoff
Code/Editor/QtUtil.h#1,consumers,Code/Editor/QtUtil.h,13,1,12,0,Use an equivalent AZ/AZStd contract or remove a proven dead dependency.,See CryCommonMigrationValidation.md and category tests.,accept,pending frozen-SHA signoff,pending frozen-SHA signoff
Code/Editor/QtUtil.h#2,consumers,Code/Editor/QtUtil.h,80,1,79,1,Use an equivalent AZ/AZStd contract or remove a proven dead dependency.,See CryCommonMigrationValidation.md and category tests.,accept,pending frozen-SHA signoff,pending frozen-SHA signoff
Code/Editor/QtUtil.h#3,consumers,Code/Editor/QtUtil.h,82,3,81,1,Use an equivalent AZ/AZStd contract or remove a proven dead dependency.,See CryCommonMigrationValidation.md and category tests.,accept,pending frozen-SHA signoff,pending frozen-SHA signoff
Code/Editor/SettingsManager.cpp#1,consumers,Code/Editor/SettingsManager.cpp,363,1,363,2,Use an equivalent AZ/AZStd contract or remove a proven dead dependency.,See CryCommonMigrationValidation.md and category tests.,accept,pending frozen-SHA signoff,pending frozen-SHA signoff
Code/Editor/SettingsManager.cpp#2,consumers,Code/Editor/SettingsManager.cpp,383,1,384,2,Use an equivalent AZ/AZStd contract or remove a proven dead dependency.,See CryCommonMigrationValidation.md and category tests.,accept,pending frozen-SHA signoff,pending frozen-SHA signoff
Code/Editor/TrackView/2DBezierKeyUIControls.cpp#1,animation/math,Code/Editor/TrackView/2DBezierKeyUIControls.cpp,59,1,59,3,"Preserve animation ordering, key data, and legacy numeric edge behavior.",See CryCommonMigrationValidation.md and category tests.,accept,pending frozen-SHA signoff,pending frozen-SHA signoff
Code/Editor/TrackView/2DBezierKeyUIControls.cpp#2,animation/math,Code/Editor/TrackView/2DBezierKeyUIControls.cpp,88,1,90,3,"Preserve animation ordering, key data, and legacy numeric edge behavior.",See CryCommonMigrationValidation.md and category tests.,accept,pending frozen-SHA signoff,pending frozen-SHA signoff
Code/Editor/TrackView/CommentNodeAnimator.cpp#1,animation/math,Code/Editor/TrackView/CommentNodeAnimator.cpp,19,1,18,0,"Preserve animation ordering, key data, and legacy numeric edge behavior.",See CryCommonMigrationValidation.md and category tests.,accept,pending frozen-SHA signoff,pending frozen-SHA signoff
Code/Editor/TrackView/CommentNodeAnimator.cpp#2,animation/math,Code/Editor/TrackView/CommentNodeAnimator.cpp,44,1,43,1,"Preserve animation ordering, key data, and legacy numeric edge behavior.",See CryCommonMigrationValidation.md and category tests.,accept,pending frozen-SHA signoff,pending frozen-SHA signoff
Code/Editor/TrackView/CommentNodeAnimator.cpp#3,animation/math,Code/Editor/TrackView/CommentNodeAnimator.cpp,63,1,62,3,"Preserve animation ordering, key data, and legacy numeric edge behavior.",See CryCommonMigrationValidation.md and category tests.,accept,pending frozen-SHA signoff,pending frozen-SHA signoff
Code/Editor/TrackView/CommentNodeAnimator.cpp#4,animation/math,Code/Editor/TrackView/CommentNodeAnimator.cpp,68,1,69,3,"Preserve animation ordering, key data, and legacy numeric edge behavior.",See CryCommonMigrationValidation.md and category tests.,accept,pending frozen-SHA signoff,pending frozen-SHA signoff
Code/Editor/TrackView/CommentNodeAnimator.cpp#5,animation/math,Code/Editor/TrackView/CommentNodeAnimator.cpp,75,1,78,1,"Preserve animation ordering, key data, and legacy numeric edge behavior.",See CryCommonMigrationValidation.md and category tests.,accept,pending frozen-SHA signoff,pending frozen-SHA signoff
Code/Editor/TrackView/CommentNodeAnimator.cpp#6,animation/math,Code/Editor/TrackView/CommentNodeAnimator.cpp,163,1,166,1,"Preserve animation ordering, key data, and legacy numeric edge behavior.",See CryCommonMigrationValidation.md and category tests.,accept,pending frozen-SHA signoff,pending frozen-SHA signoff
Code/Editor/TrackView/CommentNodeAnimator.cpp#7,animation/math,Code/Editor/TrackView/CommentNodeAnimator.cpp,166,1,169,1,"Preserve animation ordering, key data, and legacy numeric edge behavior.",See CryCommonMigrationValidation.md and category tests.,accept,pending frozen-SHA signoff,pending frozen-SHA signoff
Code/Editor/TrackView/CommentNodeAnimator.cpp#8,animation/math,Code/Editor/TrackView/CommentNodeAnimator.cpp,169,1,172,1,"Preserve animation ordering, key data, and legacy numeric edge behavior.",See CryCommonMigrationValidation.md and category tests.,accept,pending frozen-SHA signoff,pending frozen-SHA signoff
Code/Editor/TrackView/CommentNodeAnimator.cpp#9,animation/math,Code/Editor/TrackView/CommentNodeAnimator.cpp,181,1,184,1,"Preserve animation ordering, key data, and legacy numeric edge behavior.",See CryCommonMigrationValidation.md and category tests.,accept,pending frozen-SHA signoff,pending frozen-SHA signoff
Code/Editor/TrackView/CommentNodeAnimator.cpp#10,animation/math,Code/Editor/TrackView/CommentNodeAnimator.cpp,187,1,190,1,"Preserve animation ordering, key data, and legacy numeric edge behavior.",See CryCommonMigrationValidation.md and category tests.,accept,pending frozen-SHA signoff,pending frozen-SHA signoff
Code/Editor/TrackView/CommentNodeAnimator.cpp#11,animation/math,Code/Editor/TrackView/CommentNodeAnimator.cpp,191,1,194,1,"Preserve animation ordering, key data, and legacy numeric edge behavior.",See CryCommonMigrationValidation.md and category tests.,accept,pending frozen-SHA signoff,pending frozen-SHA signoff
Code/Editor/TrackView/CommentNodeAnimator.cpp#12,animation/math,Code/Editor/TrackView/CommentNodeAnimator.cpp,195,1,198,1,"Preserve animation ordering, key data, and legacy numeric edge behavior.",See CryCommonMigrationValidation.md and category tests.,accept,pending frozen-SHA signoff,pending frozen-SHA signoff
Code/Editor/TrackView/CommentNodeAnimator.cpp#13,animation/math,Code/Editor/TrackView/CommentNodeAnimator.cpp,201,1,204,1,"Preserve animation ordering, key data, and legacy numeric edge behavior.",See CryCommonMigrationValidation.md and category tests.,accept,pending frozen-SHA signoff,pending frozen-SHA signoff
Code/Editor/TrackView/CommentNodeAnimator.h#1,animation/math,Code/Editor/TrackView/CommentNodeAnimator.h,33,1,33,1,"Preserve animation ordering, key data, and legacy numeric edge behavior.",See CryCommonMigrationValidation.md and category tests.,accept,pending frozen-SHA signoff,pending frozen-SHA signoff
Code/Editor/TrackView/CommentNodeAnimator.h#2,animation/math,Code/Editor/TrackView/CommentNodeAnimator.h,40,1,40,1,"Preserve animation ordering, key data, and legacy numeric edge behavior.",See CryCommonMigrationValidation.md and category tests.,accept,pending frozen-SHA signoff,pending frozen-SHA signoff
Code/Editor/TrackView/CommentNodeAnimator.h#3,animation/math,Code/Editor/TrackView/CommentNodeAnimator.h,59,2,59,2,"Preserve animation ordering, key data, and legacy numeric edge behavior.",See CryCommonMigrationValidation.md and category tests.,accept,pending frozen-SHA signoff,pending frozen-SHA signoff
Code/Editor/TrackView/DirectorNodeAnimator.cpp#1,animation/math,Code/Editor/TrackView/DirectorNodeAnimator.cpp,58,2,58,9,"Preserve animation ordering, key data, and legacy numeric edge behavior.",See CryCommonMigrationValidation.md and category tests.,accept,pending frozen-SHA signoff,pending frozen-SHA signoff
Code/Editor/TrackView/DirectorNodeAnimator.cpp#2,animation/math,Code/Editor/TrackView/DirectorNodeAnimator.cpp,63,1,70,1,"Preserve animation ordering, key data, and legacy numeric edge behavior.",See CryCommonMigrationValidation.md and category tests.,accept,pending frozen-SHA signoff,pending frozen-SHA signoff
Code/Editor/TrackView/DirectorNodeAnimator.cpp#3,animation/math,Code/Editor/TrackView/DirectorNodeAnimator.cpp,65,1,72,4,"Preserve animation ordering, key data, and legacy numeric edge behavior.",See CryCommonMigrationValidation.md and category tests.,accept,pending frozen-SHA signoff,pending frozen-SHA signoff
Code/Editor/TrackView/ScreenFaderKeyUIControls.cpp#1,animation/math,Code/Editor/TrackView/ScreenFaderKeyUIControls.cpp,120,1,120,1,"Preserve animation ordering, key data, and legacy numeric edge behavior.",See CryCommonMigrationValidation.md and category tests.,accept,pending frozen-SHA signoff,pending frozen-SHA signoff
Code/Editor/TrackView/SequenceBatchRenderDialog.cpp#1,animation/math,Code/Editor/TrackView/SequenceBatchRenderDialog.cpp,663,2,663,2,"Preserve animation ordering, key data, and legacy numeric edge behavior.",See CryCommonMigrationValidation.md and category tests.,accept,pending frozen-SHA signoff,pending frozen-SHA signoff
Code/Editor/TrackView/SoundKeyUIControls.cpp#1,animation/math,Code/Editor/TrackView/SoundKeyUIControls.cpp,40,1,40,1,"Preserve animation ordering, key data, and legacy numeric edge behavior.",See CryCommonMigrationValidation.md and category tests.,accept,pending frozen-SHA signoff,pending frozen-SHA signoff
Code/Editor/TrackView/SoundKeyUIControls.cpp#2,animation/math,Code/Editor/TrackView/SoundKeyUIControls.cpp,81,1,81,1,"Preserve animation ordering, key data, and legacy numeric edge behavior.",See CryCommonMigrationValidation.md and category tests.,accept,pending frozen-SHA signoff,pending frozen-SHA signoff
Code/Editor/TrackView/TrackViewAnimNode.cpp#1,animation/math,Code/Editor/TrackView/TrackViewAnimNode.cpp,30,1,29,0,"Preserve animation ordering, key data, and legacy numeric edge behavior.",See CryCommonMigrationValidation.md and category tests.,accept,pending frozen-SHA signoff,pending frozen-SHA signoff
Code/Editor/TrackView/TrackViewAnimNode.cpp#2,animation/math,Code/Editor/TrackView/TrackViewAnimNode.cpp,139,1,138,4,"Preserve animation ordering, key data, and legacy numeric edge behavior.",See CryCommonMigrationValidation.md and category tests.,accept,pending frozen-SHA signoff,pending frozen-SHA signoff
Code/Editor/TrackView/TrackViewAnimNode.cpp#3,animation/math,Code/Editor/TrackView/TrackViewAnimNode.cpp,327,1,329,1,"Preserve animation ordering, key data, and legacy numeric edge behavior.",See CryCommonMigrationValidation.md and category tests.,accept,pending frozen-SHA signoff,pending frozen-SHA signoff
Code/Editor/TrackView/TrackViewAnimNode.cpp#4,animation/math,Code/Editor/TrackView/TrackViewAnimNode.cpp,455,1,457,1,"Preserve animation ordering, key data, and legacy numeric edge behavior.",See CryCommonMigrationValidation.md and category tests.,accept,pending frozen-SHA signoff,pending frozen-SHA signoff
Code/Editor/TrackView/TrackViewAnimNode.cpp#5,animation/math,Code/Editor/TrackView/TrackViewAnimNode.cpp,640,1,642,1,"Preserve animation ordering, key data, and legacy numeric edge behavior.",See CryCommonMigrationValidation.md and category tests.,accept,pending frozen-SHA signoff,pending frozen-SHA signoff
Code/Editor/TrackView/TrackViewAnimNode.cpp#6,animation/math,Code/Editor/TrackView/TrackViewAnimNode.cpp,1252,1,1254,1,"Preserve animation ordering, key data, and legacy numeric edge behavior.",See CryCommonMigrationValidation.md and category tests.,accept,pending frozen-SHA signoff,pending frozen-SHA signoff
Code/Editor/TrackView/TrackViewAnimNode.cpp#7,animation/math,Code/Editor/TrackView/TrackViewAnimNode.cpp,1501,1,1503,1,"Preserve animation ordering, key data, and legacy numeric edge behavior.",See CryCommonMigrationValidation.md and category tests.,accept,pending frozen-SHA signoff,pending frozen-SHA signoff
Code/Editor/TrackView/TrackViewAnimNode.cpp#8,animation/math,Code/Editor/TrackView/TrackViewAnimNode.cpp,1535,1,1537,1,"Preserve animation ordering, key data, and legacy numeric edge behavior.",See CryCommonMigrationValidation.md and category tests.,accept,pending frozen-SHA signoff,pending frozen-SHA signoff
Code/Editor/TrackView/TrackViewAnimNode.cpp#9,animation/math,Code/Editor/TrackView/TrackViewAnimNode.cpp,1754,1,1756,1,"Preserve animation ordering, key data, and legacy numeric edge behavior.",See CryCommonMigrationValidation.md and category tests.,accept,pending frozen-SHA signoff,pending frozen-SHA signoff
Code/Editor/TrackView/TrackViewDopeSheetBase.cpp#1,animation/math,Code/Editor/TrackView/TrackViewDopeSheetBase.cpp,2000,3,2000,3,"Preserve animation ordering, key data, and legacy numeric edge behavior.",See CryCommonMigrationValidation.md and category tests.,accept,pending frozen-SHA signoff,pending frozen-SHA signoff
Code/Editor/TrackView/TrackViewDopeSheetBase.cpp#2,animation/math,Code/Editor/TrackView/TrackViewDopeSheetBase.cpp,2028,1,2028,1,"Preserve animation ordering, key data, and legacy numeric edge behavior.",See CryCommonMigrationValidation.md and category tests.,accept,pending frozen-SHA signoff,pending frozen-SHA signoff
Code/Editor/TrackView/TrackViewDopeSheetBase.cpp#3,animation/math,Code/Editor/TrackView/TrackViewDopeSheetBase.cpp,2095,2,2095,2,"Preserve animation ordering, key data, and legacy numeric edge behavior.",See CryCommonMigrationValidation.md and category tests.,accept,pending frozen-SHA signoff,pending frozen-SHA signoff
Code/Editor/TrackView/TrackViewDopeSheetBase.cpp#4,animation/math,Code/Editor/TrackView/TrackViewDopeSheetBase.cpp,2116,3,2116,3,"Preserve animation ordering, key data, and legacy numeric edge behavior.",See CryCommonMigrationValidation.md and category tests.,accept,pending frozen-SHA signoff,pending frozen-SHA signoff
Code/Editor/TrackView/TrackViewDopeSheetBase.cpp#5,animation/math,Code/Editor/TrackView/TrackViewDopeSheetBase.cpp,2531,2,2531,2,"Preserve animation ordering, key data, and legacy numeric edge behavior.",See CryCommonMigrationValidation.md and category tests.,accept,pending frozen-SHA signoff,pending frozen-SHA signoff
Code/Editor/TrackView/TrackViewDopeSheetBase.cpp#6,animation/math,Code/Editor/TrackView/TrackViewDopeSheetBase.cpp,2540,1,2540,1,"Preserve animation ordering, key data, and legacy numeric edge behavior.",See CryCommonMigrationValidation.md and category tests.,accept,pending frozen-SHA signoff,pending frozen-SHA signoff
Code/Editor/TrackView/TrackViewDopeSheetBase.cpp#7,animation/math,Code/Editor/TrackView/TrackViewDopeSheetBase.cpp,2693,2,2693,2,"Preserve animation ordering, key data, and legacy numeric edge behavior.",See CryCommonMigrationValidation.md and category tests.,accept,pending frozen-SHA signoff,pending frozen-SHA signoff
Code/Editor/TrackView/TrackViewDopeSheetBase.cpp#8,animation/math,Code/Editor/TrackView/TrackViewDopeSheetBase.cpp,2796,2,2796,2,"Preserve animation ordering, key data, and legacy numeric edge behavior.",See CryCommonMigrationValidation.md and category tests.,accept,pending frozen-SHA signoff,pending frozen-SHA signoff
Code/Editor/TrackView/TrackViewDopeSheetBase.cpp#9,animation/math,Code/Editor/TrackView/TrackViewDopeSheetBase.cpp,3664,1,3664,1,"Preserve animation ordering, key data, and legacy numeric edge behavior.",See CryCommonMigrationValidation.md and category tests.,accept,pending frozen-SHA signoff,pending frozen-SHA signoff
Code/Editor/TrackView/TrackViewDopeSheetBase.cpp#10,animation/math,Code/Editor/TrackView/TrackViewDopeSheetBase.cpp,3680,1,3680,1,"Preserve animation ordering, key data, and legacy numeric edge behavior.",See CryCommonMigrationValidation.md and category tests.,accept,pending frozen-SHA signoff,pending frozen-SHA signoff
Code/Editor/TrackView/TrackViewNodes.cpp#1,animation/math,Code/Editor/TrackView/TrackViewNodes.cpp,16,0,17,2,"Preserve animation ordering, key data, and legacy numeric edge behavior.",See CryCommonMigrationValidation.md and category tests.,accept,pending frozen-SHA signoff,pending frozen-SHA signoff
Code/Editor/TrackView/TrackViewNodes.cpp#2,animation/math,Code/Editor/TrackView/TrackViewNodes.cpp,2175,1,2177,1,"Preserve animation ordering, key data, and legacy numeric edge behavior.",See CryCommonMigrationValidation.md and category tests.,accept,pending frozen-SHA signoff,pending frozen-SHA signoff
Code/Editor/TrackView/TrackViewSequence.cpp#1,animation/math,Code/Editor/TrackView/TrackViewSequence.cpp,30,1,29,0,"Preserve animation ordering, key data, and legacy numeric edge behavior.",See CryCommonMigrationValidation.md and category tests.,accept,pending frozen-SHA signoff,pending frozen-SHA signoff
Code/Editor/TrackView/TrackViewSequence.cpp#2,animation/math,Code/Editor/TrackView/TrackViewSequence.cpp,335,1,334,4,"Preserve animation ordering, key data, and legacy numeric edge behavior.",See CryCommonMigrationValidation.md and category tests.,accept,pending frozen-SHA signoff,pending frozen-SHA signoff
Code/Editor/TrackView/TrackViewSequence.cpp#3,animation/math,Code/Editor/TrackView/TrackViewSequence.cpp,340,1,342,5,"Preserve animation ordering, key data, and legacy numeric edge behavior.",See CryCommonMigrationValidation.md and category tests.,accept,pending frozen-SHA signoff,pending frozen-SHA signoff
Code/Editor/TrackView/TrackViewSequence.cpp#4,animation/math,Code/Editor/TrackView/TrackViewSequence.cpp,722,2,728,2,"Preserve animation ordering, key data, and legacy numeric edge behavior.",See CryCommonMigrationValidation.md and category tests.,accept,pending frozen-SHA signoff,pending frozen-SHA signoff
Code/Editor/TrackView/TrackViewSequence.cpp#5,animation/math,Code/Editor/TrackView/TrackViewSequence.cpp,726,1,732,1,"Preserve animation ordering, key data, and legacy numeric edge behavior.",See CryCommonMigrationValidation.md and category tests.,accept,pending frozen-SHA signoff,pending frozen-SHA signoff
Code/Editor/TrackView/TrackViewSequence.cpp#6,animation/math,Code/Editor/TrackView/TrackViewSequence.cpp,1003,1,1009,4,"Preserve animation ordering, key data, and legacy numeric edge behavior.",See CryCommonMigrationValidation.md and category tests.,accept,pending frozen-SHA signoff,pending frozen-SHA signoff
Code/Editor/TrackView/TrackViewSequence.cpp#7,animation/math,Code/Editor/TrackView/TrackViewSequence.cpp,1075,1,1084,4,"Preserve animation ordering, key data, and legacy numeric edge behavior.",See CryCommonMigrationValidation.md and category tests.,accept,pending frozen-SHA signoff,pending frozen-SHA signoff
Code/Editor/TrackView/TrackViewSequenceManager.h#1,animation/math,Code/Editor/TrackView/TrackViewSequenceManager.h,13,0,14,1,"Preserve animation ordering, key data, and legacy numeric edge behavior.",See CryCommonMigrationValidation.md and category tests.,accept,pending frozen-SHA signoff,pending frozen-SHA signoff
Code/Editor/TrackView/TrackViewSequenceManager.h#2,animation/math,Code/Editor/TrackView/TrackViewSequenceManager.h,45,2,46,15,"Preserve animation ordering, key data, and legacy numeric edge behavior.",See CryCommonMigrationValidation.md and category tests.,accept,pending frozen-SHA signoff,pending frozen-SHA signoff
Code/Editor/TrackView/TrackViewSplineCtrl.cpp#1,animation/math,Code/Editor/TrackView/TrackViewSplineCtrl.cpp,275,7,275,7,"Preserve animation ordering, key data, and legacy numeric edge behavior.",See CryCommonMigrationValidation.md and category tests.,accept,pending frozen-SHA signoff,pending frozen-SHA signoff
Code/Editor/TrackView/TrackViewSplineCtrl.cpp#2,animation/math,Code/Editor/TrackView/TrackViewSplineCtrl.cpp,286,1,286,1,"Preserve animation ordering, key data, and legacy numeric edge behavior.",See CryCommonMigrationValidation.md and category tests.,accept,pending frozen-SHA signoff,pending frozen-SHA signoff
Code/Editor/TrackView/TrackViewSplineCtrl.cpp#3,animation/math,Code/Editor/TrackView/TrackViewSplineCtrl.cpp,288,6,288,6,"Preserve animation ordering, key data, and legacy numeric edge behavior.",See CryCommonMigrationValidation.md and category tests.,accept,pending frozen-SHA signoff,pending frozen-SHA signoff
Code/Editor/TrackView/TrackViewSplineCtrl.cpp#4,animation/math,Code/Editor/TrackView/TrackViewSplineCtrl.cpp,297,2,297,2,"Preserve animation ordering, key data, and legacy numeric edge behavior.",See CryCommonMigrationValidation.md and category tests.,accept,pending frozen-SHA signoff,pending frozen-SHA signoff
Code/Editor/TrackView/TrackViewSplineCtrl.cpp#5,animation/math,Code/Editor/TrackView/TrackViewSplineCtrl.cpp,308,7,308,7,"Preserve animation ordering, key data, and legacy numeric edge behavior.",See CryCommonMigrationValidation.md and category tests.,accept,pending frozen-SHA signoff,pending frozen-SHA signoff
Code/Editor/TrackView/TrackViewSplineCtrl.cpp#6,animation/math,Code/Editor/TrackView/TrackViewSplineCtrl.cpp,342,3,342,3,"Preserve animation ordering, key data, and legacy numeric edge behavior.",See CryCommonMigrationValidation.md and category tests.,accept,pending frozen-SHA signoff,pending frozen-SHA signoff
Code/Editor/TrackView/TrackViewSplineCtrl.cpp#7,animation/math,Code/Editor/TrackView/TrackViewSplineCtrl.cpp,348,1,348,1,"Preserve animation ordering, key data, and legacy numeric edge behavior.",See CryCommonMigrationValidation.md and category tests.,accept,pending frozen-SHA signoff,pending frozen-SHA signoff
Code/Editor/TrackView/TrackViewSplineCtrl.cpp#8,animation/math,Code/Editor/TrackView/TrackViewSplineCtrl.cpp,351,2,351,2,"Preserve animation ordering, key data, and legacy numeric edge behavior.",See CryCommonMigrationValidation.md and category tests.,accept,pending frozen-SHA signoff,pending frozen-SHA signoff
Code/Editor/TrackView/TrackViewSplineCtrl.cpp#9,animation/math,Code/Editor/TrackView/TrackViewSplineCtrl.cpp,358,2,358,2,"Preserve animation ordering, key data, and legacy numeric edge behavior.",See CryCommonMigrationValidation.md and category tests.,accept,pending frozen-SHA signoff,pending frozen-SHA signoff
Code/Editor/TrackView/TrackViewSplineCtrl.cpp#10,animation/math,Code/Editor/TrackView/TrackViewSplineCtrl.cpp,361,1,361,1,"Preserve animation ordering, key data, and legacy numeric edge behavior.",See CryCommonMigrationValidation.md and category tests.,accept,pending frozen-SHA signoff,pending frozen-SHA signoff
Code/Editor/TrackView/TrackViewSplineCtrl.cpp#11,animation/math,Code/Editor/TrackView/TrackViewSplineCtrl.cpp,372,1,372,1,"Preserve animation ordering, key data, and legacy numeric edge behavior.",See CryCommonMigrationValidation.md and category tests.,accept,pending frozen-SHA signoff,pending frozen-SHA signoff
Code/Editor/TrackView/TrackViewSplineCtrl.cpp#12,animation/math,Code/Editor/TrackView/TrackViewSplineCtrl.cpp,395,3,395,3,"Preserve animation ordering, key data, and legacy numeric edge behavior.",See CryCommonMigrationValidation.md and category tests.,accept,pending frozen-SHA signoff,pending frozen-SHA signoff
Code/Editor/TrackView/TrackViewSplineCtrl.cpp#13,animation/math,Code/Editor/TrackView/TrackViewSplineCtrl.cpp,401,1,401,1,"Preserve animation ordering, key data, and legacy numeric edge behavior.",See CryCommonMigrationValidation.md and category tests.,accept,pending frozen-SHA signoff,pending frozen-SHA signoff
Code/Editor/TrackView/TrackViewSplineCtrl.cpp#14,animation/math,Code/Editor/TrackView/TrackViewSplineCtrl.cpp,404,2,404,2,"Preserve animation ordering, key data, and legacy numeric edge behavior.",See CryCommonMigrationValidation.md and category tests.,accept,pending frozen-SHA signoff,pending frozen-SHA signoff
Code/Editor/TrackView/TrackViewSplineCtrl.cpp#15,animation/math,Code/Editor/TrackView/TrackViewSplineCtrl.cpp,411,2,411,2,"Preserve animation ordering, key data, and legacy numeric edge behavior.",See CryCommonMigrationValidation.md and category tests.,accept,pending frozen-SHA signoff,pending frozen-SHA signoff
Code/Editor/TrackView/TrackViewSplineCtrl.cpp#16,animation/math,Code/Editor/TrackView/TrackViewSplineCtrl.cpp,414,1,414,1,"Preserve animation ordering, key data, and legacy numeric edge behavior.",See CryCommonMigrationValidation.md and category tests.,accept,pending frozen-SHA signoff,pending frozen-SHA signoff
Code/Editor/TrackView/TrackViewSplineCtrl.cpp#17,animation/math,Code/Editor/TrackView/TrackViewSplineCtrl.cpp,425,1,425,1,"Preserve animation ordering, key data, and legacy numeric edge behavior.",See CryCommonMigrationValidation.md and category tests.,accept,pending frozen-SHA signoff,pending frozen-SHA signoff
Code/Editor/TrackView/TrackViewSplineCtrl.cpp#18,animation/math,Code/Editor/TrackView/TrackViewSplineCtrl.cpp,557,1,557,1,"Preserve animation ordering, key data, and legacy numeric edge behavior.",See CryCommonMigrationValidation.md and category tests.,accept,pending frozen-SHA signoff,pending frozen-SHA signoff
Code/Editor/TrackView/TrackViewSplineCtrl.cpp#19,animation/math,Code/Editor/TrackView/TrackViewSplineCtrl.cpp,565,1,565,1,"Preserve animation ordering, key data, and legacy numeric edge behavior.",See CryCommonMigrationValidation.md and category tests.,accept,pending frozen-SHA signoff,pending frozen-SHA signoff
Code/Editor/TrackView/TrackViewSplineCtrl.cpp#20,animation/math,Code/Editor/TrackView/TrackViewSplineCtrl.cpp,576,1,576,1,"Preserve animation ordering, key data, and legacy numeric edge behavior.",See CryCommonMigrationValidation.md and category tests.,accept,pending frozen-SHA signoff,pending frozen-SHA signoff
Code/Editor/TrackView/TrackViewSplineCtrl.cpp#21,animation/math,Code/Editor/TrackView/TrackViewSplineCtrl.cpp,586,1,586,1,"Preserve animation ordering, key data, and legacy numeric edge behavior.",See CryCommonMigrationValidation.md and category tests.,accept,pending frozen-SHA signoff,pending frozen-SHA signoff
Code/Editor/TrackView/TrackViewSplineCtrl.cpp#22,animation/math,Code/Editor/TrackView/TrackViewSplineCtrl.cpp,597,1,597,1,"Preserve animation ordering, key data, and legacy numeric edge behavior.",See CryCommonMigrationValidation.md and category tests.,accept,pending frozen-SHA signoff,pending frozen-SHA signoff
Code/Editor/TrackView/TrackViewSplineCtrl.cpp#23,animation/math,Code/Editor/TrackView/TrackViewSplineCtrl.cpp,667,2,667,2,"Preserve animation ordering, key data, and legacy numeric edge behavior.",See CryCommonMigrationValidation.md and category tests.,accept,pending frozen-SHA signoff,pending frozen-SHA signoff
Code/Editor/TrackView/TrackViewSplineCtrl.cpp#24,animation/math,Code/Editor/TrackView/TrackViewSplineCtrl.cpp,680,1,680,1,"Preserve animation ordering, key data, and legacy numeric edge behavior.",See CryCommonMigrationValidation.md and category tests.,accept,pending frozen-SHA signoff,pending frozen-SHA signoff
Code/Editor/TrackView/TrackViewSplineCtrl.cpp#25,animation/math,Code/Editor/TrackView/TrackViewSplineCtrl.cpp,684,1,684,1,"Preserve animation ordering, key data, and legacy numeric edge behavior.",See CryCommonMigrationValidation.md and category tests.,accept,pending frozen-SHA signoff,pending frozen-SHA signoff
Code/Editor/TrackView/TrackViewSplineCtrl.cpp#26,animation/math,Code/Editor/TrackView/TrackViewSplineCtrl.cpp,689,1,689,1,"Preserve animation ordering, key data, and legacy numeric edge behavior.",See CryCommonMigrationValidation.md and category tests.,accept,pending frozen-SHA signoff,pending frozen-SHA signoff
Code/Editor/TrackView/TrackViewSplineCtrl.cpp#27,animation/math,Code/Editor/TrackView/TrackViewSplineCtrl.cpp,694,1,694,1,"Preserve animation ordering, key data, and legacy numeric edge behavior.",See CryCommonMigrationValidation.md and category tests.,accept,pending frozen-SHA signoff,pending frozen-SHA signoff
Code/Editor/TrackView/TrackViewSplineCtrl.cpp#28,animation/math,Code/Editor/TrackView/TrackViewSplineCtrl.cpp,769,1,769,1,"Preserve animation ordering, key data, and legacy numeric edge behavior.",See CryCommonMigrationValidation.md and category tests.,accept,pending frozen-SHA signoff,pending frozen-SHA signoff
Code/Editor/TrackView/TrackViewSplineCtrl.cpp#29,animation/math,Code/Editor/TrackView/TrackViewSplineCtrl.cpp,782,1,782,1,"Preserve animation ordering, key data, and legacy numeric edge behavior.",See CryCommonMigrationValidation.md and category tests.,accept,pending frozen-SHA signoff,pending frozen-SHA signoff
Code/Editor/TrackView/TrackViewSplineCtrl.cpp#30,animation/math,Code/Editor/TrackView/TrackViewSplineCtrl.cpp,786,1,786,1,"Preserve animation ordering, key data, and legacy numeric edge behavior.",See CryCommonMigrationValidation.md and category tests.,accept,pending frozen-SHA signoff,pending frozen-SHA signoff
Code/Editor/TrackView/TrackViewSplineCtrl.cpp#31,animation/math,Code/Editor/TrackView/TrackViewSplineCtrl.cpp,788,1,788,1,"Preserve animation ordering, key data, and legacy numeric edge behavior.",See CryCommonMigrationValidation.md and category tests.,accept,pending frozen-SHA signoff,pending frozen-SHA signoff
Code/Editor/TrackView/TrackViewTrack.cpp#1,animation/math,Code/Editor/TrackView/TrackViewTrack.cpp,13,0,14,2,"Preserve animation ordering, key data, and legacy numeric edge behavior.",See CryCommonMigrationValidation.md and category tests.,accept,pending frozen-SHA signoff,pending frozen-SHA signoff
Code/Editor/TrackView/TrackViewTrack.cpp#2,animation/math,Code/Editor/TrackView/TrackViewTrack.cpp,45,1,47,4,"Preserve animation ordering, key data, and legacy numeric edge behavior.",See CryCommonMigrationValidation.md and category tests.,accept,pending frozen-SHA signoff,pending frozen-SHA signoff
Code/Editor/TrackView/TrackViewTrack.cpp#3,animation/math,Code/Editor/TrackView/TrackViewTrack.cpp,64,1,69,7,"Preserve animation ordering, key data, and legacy numeric edge behavior.",See CryCommonMigrationValidation.md and category tests.,accept,pending frozen-SHA signoff,pending frozen-SHA signoff
Code/Editor/Undo/Undo.cpp#1,consumers,Code/Editor/Undo/Undo.cpp,13,0,14,2,Use an equivalent AZ/AZStd contract or remove a proven dead dependency.,See CryCommonMigrationValidation.md and category tests.,accept,pending frozen-SHA signoff,pending frozen-SHA signoff
Code/Editor/Undo/Undo.cpp#2,consumers,Code/Editor/Undo/Undo.cpp,597,1,599,4,Use an equivalent AZ/AZStd contract or remove a proven dead dependency.,See CryCommonMigrationValidation.md and category tests.,accept,pending frozen-SHA signoff,pending frozen-SHA signoff
Code/Editor/Undo/Undo.cpp#3,consumers,Code/Editor/Undo/Undo.cpp,602,1,607,5,Use an equivalent AZ/AZStd contract or remove a proven dead dependency.,See CryCommonMigrationValidation.md and category tests.,accept,pending frozen-SHA signoff,pending frozen-SHA signoff
Code/Editor/Undo/Undo.h#1,consumers,Code/Editor/Undo/Undo.h,18,1,18,1,Use an equivalent AZ/AZStd contract or remove a proven dead dependency.,See CryCommonMigrationValidation.md and category tests.,accept,pending frozen-SHA signoff,pending frozen-SHA signoff
Code/Editor/Undo/Undo.h#2,consumers,Code/Editor/Undo/Undo.h,111,1,111,1,Use an equivalent AZ/AZStd contract or remove a proven dead dependency.,See CryCommonMigrationValidation.md and category tests.,accept,pending frozen-SHA signoff,pending frozen-SHA signoff
Code/Editor/UsedResources.h#1,consumers,Code/Editor/UsedResources.h,13,0,14,1,Use an equivalent AZ/AZStd contract or remove a proven dead dependency.,See CryCommonMigrationValidation.md and category tests.,accept,pending frozen-SHA signoff,pending frozen-SHA signoff
Code/Editor/UsedResources.h#2,consumers,Code/Editor/UsedResources.h,18,1,19,1,Use an equivalent AZ/AZStd contract or remove a proven dead dependency.,See CryCommonMigrationValidation.md and category tests.,accept,pending frozen-SHA signoff,pending frozen-SHA signoff
Code/Editor/Util/AffineParts.cpp#1,consumers,Code/Editor/Util/AffineParts.cpp,12,1,12,1,Use an equivalent AZ/AZStd contract or remove a proven dead dependency.,See CryCommonMigrationValidation.md and category tests.,accept,pending frozen-SHA signoff,pending frozen-SHA signoff
Code/Editor/Util/AffineParts.cpp#2,consumers,Code/Editor/Util/AffineParts.cpp,838,2,838,2,Use an equivalent AZ/AZStd contract or remove a proven dead dependency.,See CryCommonMigrationValidation.md and category tests.,accept,pending frozen-SHA signoff,pending frozen-SHA signoff
Code/Editor/Util/AffineParts.cpp#3,consumers,Code/Editor/Util/AffineParts.cpp,856,2,856,2,Use an equivalent AZ/AZStd contract or remove a proven dead dependency.,See CryCommonMigrationValidation.md and category tests.,accept,pending frozen-SHA signoff,pending frozen-SHA signoff
Code/Editor/Util/AffineParts.h#1,consumers,Code/Editor/Util/AffineParts.h,13,1,13,1,Use an equivalent AZ/AZStd contract or remove a proven dead dependency.,See CryCommonMigrationValidation.md and category tests.,accept,pending frozen-SHA signoff,pending frozen-SHA signoff
Code/Editor/Util/AffineParts.h#2,consumers,Code/Editor/Util/AffineParts.h,16,1,16,1,Use an equivalent AZ/AZStd contract or remove a proven dead dependency.,See CryCommonMigrationValidation.md and category tests.,accept,pending frozen-SHA signoff,pending frozen-SHA signoff
Code/Editor/Util/EditorUtils.cpp#1,consumers,Code/Editor/Util/EditorUtils.cpp,195,1,195,1,Use an equivalent AZ/AZStd contract or remove a proven dead dependency.,See CryCommonMigrationValidation.md and category tests.,accept,pending frozen-SHA signoff,pending frozen-SHA signoff
Code/Editor/Util/EditorUtils.cpp#2,consumers,Code/Editor/Util/EditorUtils.cpp,248,1,247,0,Use an equivalent AZ/AZStd contract or remove a proven dead dependency.,See CryCommonMigrationValidation.md and category tests.,accept,pending frozen-SHA signoff,pending frozen-SHA signoff
Code/Editor/Util/EditorUtils.h#1,consumers,Code/Editor/Util/EditorUtils.h,13,3,12,0,Use an equivalent AZ/AZStd contract or remove a proven dead dependency.,See CryCommonMigrationValidation.md and category tests.,accept,pending frozen-SHA signoff,pending frozen-SHA signoff
Code/Editor/Util/EditorUtils.h#2,consumers,Code/Editor/Util/EditorUtils.h,17,1,14,2,Use an equivalent AZ/AZStd contract or remove a proven dead dependency.,See CryCommonMigrationValidation.md and category tests.,accept,pending frozen-SHA signoff,pending frozen-SHA signoff
Code/Editor/Util/EditorUtils.h#3,consumers,Code/Editor/Util/EditorUtils.h,18,0,17,1,Use an equivalent AZ/AZStd contract or remove a proven dead dependency.,See CryCommonMigrationValidation.md and category tests.,accept,pending frozen-SHA signoff,pending frozen-SHA signoff
Code/Editor/Util/EditorUtils.h#4,consumers,Code/Editor/Util/EditorUtils.h,25,1,23,0,Use an equivalent AZ/AZStd contract or remove a proven dead dependency.,See CryCommonMigrationValidation.md and category tests.,accept,pending frozen-SHA signoff,pending frozen-SHA signoff
Code/Editor/Util/EditorUtils.h#5,consumers,Code/Editor/Util/EditorUtils.h,27,0,26,1,Use an equivalent AZ/AZStd contract or remove a proven dead dependency.,See CryCommonMigrationValidation.md and category tests.,accept,pending frozen-SHA signoff,pending frozen-SHA signoff
Code/Editor/Util/EditorUtils.h#6,consumers,Code/Editor/Util/EditorUtils.h,37,1,35,0,Use an equivalent AZ/AZStd contract or remove a proven dead dependency.,See CryCommonMigrationValidation.md and category tests.,accept,pending frozen-SHA signoff,pending frozen-SHA signoff
Code/Editor/Util/EditorUtils.h#7,consumers,Code/Editor/Util/EditorUtils.h,44,1,42,1,Use an equivalent AZ/AZStd contract or remove a proven dead dependency.,See CryCommonMigrationValidation.md and category tests.,accept,pending frozen-SHA signoff,pending frozen-SHA signoff
Code/Editor/Util/EditorUtils.h#8,consumers,Code/Editor/Util/EditorUtils.h,50,2,48,2,Use an equivalent AZ/AZStd contract or remove a proven dead dependency.,See CryCommonMigrationValidation.md and category tests.,accept,pending frozen-SHA signoff,pending frozen-SHA signoff
Code/Editor/Util/EditorUtils.h#9,consumers,Code/Editor/Util/EditorUtils.h,54,8,52,8,Use an equivalent AZ/AZStd contract or remove a proven dead dependency.,See CryCommonMigrationValidation.md and category tests.,accept,pending frozen-SHA signoff,pending frozen-SHA signoff
Code/Editor/Util/EditorUtils.h#10,consumers,Code/Editor/Util/EditorUtils.h,63,1,61,1,Use an equivalent AZ/AZStd contract or remove a proven dead dependency.,See CryCommonMigrationValidation.md and category tests.,accept,pending frozen-SHA signoff,pending frozen-SHA signoff
Code/Editor/Util/EditorUtils.h#11,consumers,Code/Editor/Util/EditorUtils.h,78,2,76,8,Use an equivalent AZ/AZStd contract or remove a proven dead dependency.,See CryCommonMigrationValidation.md and category tests.,accept,pending frozen-SHA signoff,pending frozen-SHA signoff
Code/Editor/Util/EditorUtils.h#12,consumers,Code/Editor/Util/EditorUtils.h,88,1,92,1,Use an equivalent AZ/AZStd contract or remove a proven dead dependency.,See CryCommonMigrationValidation.md and category tests.,accept,pending frozen-SHA signoff,pending frozen-SHA signoff
Code/Editor/Util/EditorUtils.h#13,consumers,Code/Editor/Util/EditorUtils.h,159,2,163,1,Use an equivalent AZ/AZStd contract or remove a proven dead dependency.,See CryCommonMigrationValidation.md and category tests.,accept,pending frozen-SHA signoff,pending frozen-SHA signoff
Code/Editor/Util/EditorUtils.h#14,consumers,Code/Editor/Util/EditorUtils.h,177,2,180,2,Use an equivalent AZ/AZStd contract or remove a proven dead dependency.,See CryCommonMigrationValidation.md and category tests.,accept,pending frozen-SHA signoff,pending frozen-SHA signoff
Code/Editor/Util/EditorUtils.h#15,consumers,Code/Editor/Util/EditorUtils.h,208,1,211,1,Use an equivalent AZ/AZStd contract or remove a proven dead dependency.,See CryCommonMigrationValidation.md and category tests.,accept,pending frozen-SHA signoff,pending frozen-SHA signoff
Code/Editor/Util/EditorUtils.h#16,consumers,Code/Editor/Util/EditorUtils.h,212,1,214,0,Use an equivalent AZ/AZStd contract or remove a proven dead dependency.,See CryCommonMigrationValidation.md and category tests.,accept,pending frozen-SHA signoff,pending frozen-SHA signoff
Code/Editor/Util/EditorUtils.h#17,consumers,Code/Editor/Util/EditorUtils.h,218,1,220,1,Use an equivalent AZ/AZStd contract or remove a proven dead dependency.,See CryCommonMigrationValidation.md and category tests.,accept,pending frozen-SHA signoff,pending frozen-SHA signoff
Code/Editor/Util/EditorUtils.h#18,consumers,Code/Editor/Util/EditorUtils.h,229,6,231,24,Use an equivalent AZ/AZStd contract or remove a proven dead dependency.,See CryCommonMigrationValidation.md and category tests.,accept,pending frozen-SHA signoff,pending frozen-SHA signoff
Code/Editor/Util/EditorUtils.h#19,consumers,Code/Editor/Util/EditorUtils.h,245,2,265,8,Use an equivalent AZ/AZStd contract or remove a proven dead dependency.,See CryCommonMigrationValidation.md and category tests.,accept,pending frozen-SHA signoff,pending frozen-SHA signoff
Code/Editor/Util/EditorUtils.h#20,consumers,Code/Editor/Util/EditorUtils.h,261,4,287,16,Use an equivalent AZ/AZStd contract or remove a proven dead dependency.,See CryCommonMigrationValidation.md and category tests.,accept,pending frozen-SHA signoff,pending frozen-SHA signoff
Code/Editor/Util/EditorUtils.h#21,consumers,Code/Editor/Util/EditorUtils.h,266,1,304,1,Use an equivalent AZ/AZStd contract or remove a proven dead dependency.,See CryCommonMigrationValidation.md and category tests.,accept,pending frozen-SHA signoff,pending frozen-SHA signoff
Code/Editor/Util/EditorUtils.h#22,consumers,Code/Editor/Util/EditorUtils.h,323,1,361,1,Use an equivalent AZ/AZStd contract or remove a proven dead dependency.,See CryCommonMigrationValidation.md and category tests.,accept,pending frozen-SHA signoff,pending frozen-SHA signoff
Code/Editor/Util/EditorUtils.h#23,consumers,Code/Editor/Util/EditorUtils.h,329,1,367,1,Use an equivalent AZ/AZStd contract or remove a proven dead dependency.,See CryCommonMigrationValidation.md and category tests.,accept,pending frozen-SHA signoff,pending frozen-SHA signoff
Code/Editor/Util/EditorUtils.h#24,consumers,Code/Editor/Util/EditorUtils.h,387,1,425,2,Use an equivalent AZ/AZStd contract or remove a proven dead dependency.,See CryCommonMigrationValidation.md and category tests.,accept,pending frozen-SHA signoff,pending frozen-SHA signoff
Code/Editor/Util/EditorUtils.h#25,consumers,Code/Editor/Util/EditorUtils.h,397,1,435,0,Use an equivalent AZ/AZStd contract or remove a proven dead dependency.,See CryCommonMigrationValidation.md and category tests.,accept,pending frozen-SHA signoff,pending frozen-SHA signoff
Code/Editor/Util/EditorUtils.h#26,consumers,Code/Editor/Util/EditorUtils.h,513,1,551,2,Use an equivalent AZ/AZStd contract or remove a proven dead dependency.,See CryCommonMigrationValidation.md and category tests.,accept,pending frozen-SHA signoff,pending frozen-SHA signoff
Code/Editor/Util/FileUtil.cpp#1,consumers,Code/Editor/Util/FileUtil.cpp,1109,1,1109,1,Use an equivalent AZ/AZStd contract or remove a proven dead dependency.,See CryCommonMigrationValidation.md and category tests.,accept,pending frozen-SHA signoff,pending frozen-SHA signoff
Code/Editor/Util/FileUtil.cpp#2,consumers,Code/Editor/Util/FileUtil.cpp,1857,1,1857,1,Use an equivalent AZ/AZStd contract or remove a proven dead dependency.,See CryCommonMigrationValidation.md and category tests.,accept,pending frozen-SHA signoff,pending frozen-SHA signoff
Code/Editor/Util/FileUtil.cpp#3,consumers,Code/Editor/Util/FileUtil.cpp,1963,1,1963,1,Use an equivalent AZ/AZStd contract or remove a proven dead dependency.,See CryCommonMigrationValidation.md and category tests.,accept,pending frozen-SHA signoff,pending frozen-SHA signoff
Code/Editor/Util/FileUtil.cpp#4,consumers,Code/Editor/Util/FileUtil.cpp,2014,1,2014,1,Use an equivalent AZ/AZStd contract or remove a proven dead dependency.,See CryCommonMigrationValidation.md and category tests.,accept,pending frozen-SHA signoff,pending frozen-SHA signoff
Code/Editor/Util/FileUtil.cpp#5,consumers,Code/Editor/Util/FileUtil.cpp,2085,2,2085,2,Use an equivalent AZ/AZStd contract or remove a proven dead dependency.,See CryCommonMigrationValidation.md and category tests.,accept,pending frozen-SHA signoff,pending frozen-SHA signoff
Code/Editor/Util/FileUtil.cpp#6,consumers,Code/Editor/Util/FileUtil.cpp,2105,1,2105,1,Use an equivalent AZ/AZStd contract or remove a proven dead dependency.,See CryCommonMigrationValidation.md and category tests.,accept,pending frozen-SHA signoff,pending frozen-SHA signoff
Code/Editor/Util/FileUtil.cpp#7,consumers,Code/Editor/Util/FileUtil.cpp,2109,1,2109,1,Use an equivalent AZ/AZStd contract or remove a proven dead dependency.,See CryCommonMigrationValidation.md and category tests.,accept,pending frozen-SHA signoff,pending frozen-SHA signoff
Code/Editor/Util/FileUtil.cpp#8,consumers,Code/Editor/Util/FileUtil.cpp,2219,1,2218,0,Use an equivalent AZ/AZStd contract or remove a proven dead dependency.,See CryCommonMigrationValidation.md and category tests.,accept,pending frozen-SHA signoff,pending frozen-SHA signoff
Code/Editor/Util/FileUtil.h#1,consumers,Code/Editor/Util/FileUtil.h,13,0,14,1,Use an equivalent AZ/AZStd contract or remove a proven dead dependency.,See CryCommonMigrationValidation.md and category tests.,accept,pending frozen-SHA signoff,pending frozen-SHA signoff
Code/Editor/Util/FileUtil.h#2,consumers,Code/Editor/Util/FileUtil.h,90,1,91,1,Use an equivalent AZ/AZStd contract or remove a proven dead dependency.,See CryCommonMigrationValidation.md and category tests.,accept,pending frozen-SHA signoff,pending frozen-SHA signoff
Code/Editor/Util/FileUtil.h#3,consumers,Code/Editor/Util/FileUtil.h,130,1,131,1,Use an equivalent AZ/AZStd contract or remove a proven dead dependency.,See CryCommonMigrationValidation.md and category tests.,accept,pending frozen-SHA signoff,pending frozen-SHA signoff
Code/Editor/Util/FileUtil_impl.cpp#1,consumers,Code/Editor/Util/FileUtil_impl.cpp,113,1,113,1,Use an equivalent AZ/AZStd contract or remove a proven dead dependency.,See CryCommonMigrationValidation.md and category tests.,accept,pending frozen-SHA signoff,pending frozen-SHA signoff
Code/Editor/Util/FileUtil_impl.cpp#2,consumers,Code/Editor/Util/FileUtil_impl.cpp,153,1,153,1,Use an equivalent AZ/AZStd contract or remove a proven dead dependency.,See CryCommonMigrationValidation.md and category tests.,accept,pending frozen-SHA signoff,pending frozen-SHA signoff
Code/Editor/Util/FileUtil_impl.cpp#3,consumers,Code/Editor/Util/FileUtil_impl.cpp,168,1,167,0,Use an equivalent AZ/AZStd contract or remove a proven dead dependency.,See CryCommonMigrationValidation.md and category tests.,accept,pending frozen-SHA signoff,pending frozen-SHA signoff
Code/Editor/Util/FileUtil_impl.h#1,consumers,Code/Editor/Util/FileUtil_impl.h,85,1,85,1,Use an equivalent AZ/AZStd contract or remove a proven dead dependency.,See CryCommonMigrationValidation.md and category tests.,accept,pending frozen-SHA signoff,pending frozen-SHA signoff
Code/Editor/Util/FileUtil_impl.h#2,consumers,Code/Editor/Util/FileUtil_impl.h,117,1,117,1,Use an equivalent AZ/AZStd contract or remove a proven dead dependency.,See CryCommonMigrationValidation.md and category tests.,accept,pending frozen-SHA signoff,pending frozen-SHA signoff
Code/Editor/Util/FileUtil_impl.h#3,consumers,Code/Editor/Util/FileUtil_impl.h,125,1,124,0,Use an equivalent AZ/AZStd contract or remove a proven dead dependency.,See CryCommonMigrationValidation.md and category tests.,accept,pending frozen-SHA signoff,pending frozen-SHA signoff
Code/Editor/Util/Image.cpp#1,consumers,Code/Editor/Util/Image.cpp,46,1,46,1,Use an equivalent AZ/AZStd contract or remove a proven dead dependency.,See CryCommonMigrationValidation.md and category tests.,accept,pending frozen-SHA signoff,pending frozen-SHA signoff
Code/Editor/Util/Image.h#1,consumers,Code/Editor/Util/Image.h,216,1,216,4,Use an equivalent AZ/AZStd contract or remove a proven dead dependency.,See CryCommonMigrationValidation.md and category tests.,accept,pending frozen-SHA signoff,pending frozen-SHA signoff
Code/Editor/Util/ImageTIF.cpp#1,consumers,Code/Editor/Util/ImageTIF.cpp,320,1,320,1,Use an equivalent AZ/AZStd contract or remove a proven dead dependency.,See CryCommonMigrationValidation.md and category tests.,accept,pending frozen-SHA signoff,pending frozen-SHA signoff
Code/Editor/Util/ImageTIF.cpp#2,consumers,Code/Editor/Util/ImageTIF.cpp,325,1,325,1,Use an equivalent AZ/AZStd contract or remove a proven dead dependency.,See CryCommonMigrationValidation.md and category tests.,accept,pending frozen-SHA signoff,pending frozen-SHA signoff
Code/Editor/Util/ImageTIF.cpp#3,consumers,Code/Editor/Util/ImageTIF.cpp,343,1,343,1,Use an equivalent AZ/AZStd contract or remove a proven dead dependency.,See CryCommonMigrationValidation.md and category tests.,accept,pending frozen-SHA signoff,pending frozen-SHA signoff
Code/Editor/Util/NamedData.cpp#1,consumers,Code/Editor/Util/NamedData.cpp,39,1,39,2,Use an equivalent AZ/AZStd contract or remove a proven dead dependency.,See CryCommonMigrationValidation.md and category tests.,accept,pending frozen-SHA signoff,pending frozen-SHA signoff
Code/Editor/Util/NamedData.cpp#2,consumers,Code/Editor/Util/NamedData.cpp,69,1,70,2,Use an equivalent AZ/AZStd contract or remove a proven dead dependency.,See CryCommonMigrationValidation.md and category tests.,accept,pending frozen-SHA signoff,pending frozen-SHA signoff
Code/Editor/Util/NamedData.cpp#3,consumers,Code/Editor/Util/NamedData.cpp,122,1,124,2,Use an equivalent AZ/AZStd contract or remove a proven dead dependency.,See CryCommonMigrationValidation.md and category tests.,accept,pending frozen-SHA signoff,pending frozen-SHA signoff
Code/Editor/Util/NamedData.h#1,consumers,Code/Editor/Util/NamedData.h,16,0,17,2,Use an equivalent AZ/AZStd contract or remove a proven dead dependency.,See CryCommonMigrationValidation.md and category tests.,accept,pending frozen-SHA signoff,pending frozen-SHA signoff
Code/Editor/Util/NamedData.h#2,consumers,Code/Editor/Util/NamedData.h,55,1,57,1,Use an equivalent AZ/AZStd contract or remove a proven dead dependency.,See CryCommonMigrationValidation.md and category tests.,accept,pending frozen-SHA signoff,pending frozen-SHA signoff
Code/Editor/Util/Variable.cpp#1,consumers,Code/Editor/Util/Variable.cpp,13,0,14,2,Use an equivalent AZ/AZStd contract or remove a proven dead dependency.,See CryCommonMigrationValidation.md and category tests.,accept,pending frozen-SHA signoff,pending frozen-SHA signoff
Code/Editor/Util/Variable.cpp#2,consumers,Code/Editor/Util/Variable.cpp,101,1,103,6,Use an equivalent AZ/AZStd contract or remove a proven dead dependency.,See CryCommonMigrationValidation.md and category tests.,accept,pending frozen-SHA signoff,pending frozen-SHA signoff
Code/Editor/Util/Variable.h#1,consumers,Code/Editor/Util/Variable.h,21,1,21,1,Use an equivalent AZ/AZStd contract or remove a proven dead dependency.,See CryCommonMigrationValidation.md and category tests.,accept,pending frozen-SHA signoff,pending frozen-SHA signoff
Code/Editor/Util/Variable.h#2,consumers,Code/Editor/Util/Variable.h,264,4,263,0,Use an equivalent AZ/AZStd contract or remove a proven dead dependency.,See CryCommonMigrationValidation.md and category tests.,accept,pending frozen-SHA signoff,pending frozen-SHA signoff
Code/Editor/Util/Variable.h#3,consumers,Code/Editor/Util/Variable.h,289,4,284,0,Use an equivalent AZ/AZStd contract or remove a proven dead dependency.,See CryCommonMigrationValidation.md and category tests.,accept,pending frozen-SHA signoff,pending frozen-SHA signoff
Code/Editor/Util/Variable.h#4,consumers,Code/Editor/Util/Variable.h,436,4,427,0,Use an equivalent AZ/AZStd contract or remove a proven dead dependency.,See CryCommonMigrationValidation.md and category tests.,accept,pending frozen-SHA signoff,pending frozen-SHA signoff
Code/Editor/Util/Variable.h#5,consumers,Code/Editor/Util/Variable.h,458,4,445,0,Use an equivalent AZ/AZStd contract or remove a proven dead dependency.,See CryCommonMigrationValidation.md and category tests.,accept,pending frozen-SHA signoff,pending frozen-SHA signoff
Code/Editor/Util/Variable.h#6,consumers,Code/Editor/Util/Variable.h,504,1,488,5,Use an equivalent AZ/AZStd contract or remove a proven dead dependency.,See CryCommonMigrationValidation.md and category tests.,accept,pending frozen-SHA signoff,pending frozen-SHA signoff
Code/Editor/Util/Variable.h#7,consumers,Code/Editor/Util/Variable.h,511,1,499,1,Use an equivalent AZ/AZStd contract or remove a proven dead dependency.,See CryCommonMigrationValidation.md and category tests.,accept,pending frozen-SHA signoff,pending frozen-SHA signoff
Code/Editor/Util/Variable.h#8,consumers,Code/Editor/Util/Variable.h,520,1,508,5,Use an equivalent AZ/AZStd contract or remove a proven dead dependency.,See CryCommonMigrationValidation.md and category tests.,accept,pending frozen-SHA signoff,pending frozen-SHA signoff
Code/Editor/Util/Variable.h#9,consumers,Code/Editor/Util/Variable.h,531,1,523,1,Use an equivalent AZ/AZStd contract or remove a proven dead dependency.,See CryCommonMigrationValidation.md and category tests.,accept,pending frozen-SHA signoff,pending frozen-SHA signoff
Code/Editor/Util/Variable.h#10,consumers,Code/Editor/Util/Variable.h,540,1,532,5,Use an equivalent AZ/AZStd contract or remove a proven dead dependency.,See CryCommonMigrationValidation.md and category tests.,accept,pending frozen-SHA signoff,pending frozen-SHA signoff
Code/Editor/Util/Variable.h#11,consumers,Code/Editor/Util/Variable.h,777,1,773,6,Use an equivalent AZ/AZStd contract or remove a proven dead dependency.,See CryCommonMigrationValidation.md and category tests.,accept,pending frozen-SHA signoff,pending frozen-SHA signoff
Code/Editor/Util/Variable.h#12,consumers,Code/Editor/Util/Variable.h,912,9,913,3,Use an equivalent AZ/AZStd contract or remove a proven dead dependency.,See CryCommonMigrationValidation.md and category tests.,accept,pending frozen-SHA signoff,pending frozen-SHA signoff
Code/Editor/Util/Variable.h#13,consumers,Code/Editor/Util/Variable.h,963,3,957,0,Use an equivalent AZ/AZStd contract or remove a proven dead dependency.,See CryCommonMigrationValidation.md and category tests.,accept,pending frozen-SHA signoff,pending frozen-SHA signoff
Code/Editor/Util/Variable.h#14,consumers,Code/Editor/Util/Variable.h,979,4,970,0,Use an equivalent AZ/AZStd contract or remove a proven dead dependency.,See CryCommonMigrationValidation.md and category tests.,accept,pending frozen-SHA signoff,pending frozen-SHA signoff
Code/Editor/Util/Variable.h#15,consumers,Code/Editor/Util/Variable.h,995,28,982,0,Use an equivalent AZ/AZStd contract or remove a proven dead dependency.,See CryCommonMigrationValidation.md and category tests.,accept,pending frozen-SHA signoff,pending frozen-SHA signoff
Code/Editor/Util/Variable.h#16,consumers,Code/Editor/Util/Variable.h,1060,4,1019,0,Use an equivalent AZ/AZStd contract or remove a proven dead dependency.,See CryCommonMigrationValidation.md and category tests.,accept,pending frozen-SHA signoff,pending frozen-SHA signoff
Code/Editor/Util/Variable.h#17,consumers,Code/Editor/Util/Variable.h,1065,4,1020,0,Use an equivalent AZ/AZStd contract or remove a proven dead dependency.,See CryCommonMigrationValidation.md and category tests.,accept,pending frozen-SHA signoff,pending frozen-SHA signoff
Code/Editor/Util/Variable.h#18,consumers,Code/Editor/Util/Variable.h,1075,44,1026,0,Use an equivalent AZ/AZStd contract or remove a proven dead dependency.,See CryCommonMigrationValidation.md and category tests.,accept,pending frozen-SHA signoff,pending frozen-SHA signoff
Code/Editor/Util/Variable.h#19,consumers,Code/Editor/Util/Variable.h,1207,20,1114,0,Use an equivalent AZ/AZStd contract or remove a proven dead dependency.,See CryCommonMigrationValidation.md and category tests.,accept,pending frozen-SHA signoff,pending frozen-SHA signoff
Code/Editor/Util/Variable.h#20,consumers,Code/Editor/Util/Variable.h,1274,5,1162,1,Use an equivalent AZ/AZStd contract or remove a proven dead dependency.,See CryCommonMigrationValidation.md and category tests.,accept,pending frozen-SHA signoff,pending frozen-SHA signoff
Code/Editor/Util/Variable.h#21,consumers,Code/Editor/Util/Variable.h,1280,1,1164,1,Use an equivalent AZ/AZStd contract or remove a proven dead dependency.,See CryCommonMigrationValidation.md and category tests.,accept,pending frozen-SHA signoff,pending frozen-SHA signoff
Code/Editor/Util/Variable.h#22,consumers,Code/Editor/Util/Variable.h,1282,1,1166,1,Use an equivalent AZ/AZStd contract or remove a proven dead dependency.,See CryCommonMigrationValidation.md and category tests.,accept,pending frozen-SHA signoff,pending frozen-SHA signoff
Code/Editor/Util/Variable.h#23,consumers,Code/Editor/Util/Variable.h,1284,1,1168,1,Use an equivalent AZ/AZStd contract or remove a proven dead dependency.,See CryCommonMigrationValidation.md and category tests.,accept,pending frozen-SHA signoff,pending frozen-SHA signoff
Code/Editor/Util/Variable.h#24,consumers,Code/Editor/Util/Variable.h,1286,1,1170,1,Use an equivalent AZ/AZStd contract or remove a proven dead dependency.,See CryCommonMigrationValidation.md and category tests.,accept,pending frozen-SHA signoff,pending frozen-SHA signoff
Code/Editor/Util/Variable.h#25,consumers,Code/Editor/Util/Variable.h,1288,1,1172,1,Use an equivalent AZ/AZStd contract or remove a proven dead dependency.,See CryCommonMigrationValidation.md and category tests.,accept,pending frozen-SHA signoff,pending frozen-SHA signoff
Code/Editor/Util/Variable.h#26,consumers,Code/Editor/Util/Variable.h,1305,4,1188,0,Use an equivalent AZ/AZStd contract or remove a proven dead dependency.,See CryCommonMigrationValidation.md and category tests.,accept,pending frozen-SHA signoff,pending frozen-SHA signoff
Code/Editor/Util/Variable.h#27,consumers,Code/Editor/Util/Variable.h,1383,4,1262,0,Use an equivalent AZ/AZStd contract or remove a proven dead dependency.,See CryCommonMigrationValidation.md and category tests.,accept,pending frozen-SHA signoff,pending frozen-SHA signoff
Code/Editor/Util/Variable.h#28,consumers,Code/Editor/Util/Variable.h,1404,3,1279,0,Use an equivalent AZ/AZStd contract or remove a proven dead dependency.,See CryCommonMigrationValidation.md and category tests.,accept,pending frozen-SHA signoff,pending frozen-SHA signoff
Code/Editor/Util/VariablePropertyType.cpp#1,consumers,Code/Editor/Util/VariablePropertyType.cpp,155,3,155,3,Use an equivalent AZ/AZStd contract or remove a proven dead dependency.,See CryCommonMigrationValidation.md and category tests.,accept,pending frozen-SHA signoff,pending frozen-SHA signoff
Code/Editor/Util/VariablePropertyType.cpp#2,consumers,Code/Editor/Util/VariablePropertyType.cpp,164,2,164,2,Use an equivalent AZ/AZStd contract or remove a proven dead dependency.,See CryCommonMigrationValidation.md and category tests.,accept,pending frozen-SHA signoff,pending frozen-SHA signoff
Code/Editor/ViewManager.cpp#1,consumers,Code/Editor/ViewManager.cpp,17,0,18,1,Use an equivalent AZ/AZStd contract or remove a proven dead dependency.,See CryCommonMigrationValidation.md and category tests.,accept,pending frozen-SHA signoff,pending frozen-SHA signoff
Code/Editor/ViewManager.cpp#2,consumers,Code/Editor/ViewManager.cpp,56,1,57,1,Use an equivalent AZ/AZStd contract or remove a proven dead dependency.,See CryCommonMigrationValidation.md and category tests.,accept,pending frozen-SHA signoff,pending frozen-SHA signoff
Code/Editor/ViewManager.cpp#3,consumers,Code/Editor/ViewManager.cpp,106,1,107,5,Use an equivalent AZ/AZStd contract or remove a proven dead dependency.,See CryCommonMigrationValidation.md and category tests.,accept,pending frozen-SHA signoff,pending frozen-SHA signoff
Code/Editor/ViewManager.h#1,consumers,Code/Editor/ViewManager.h,64,1,64,1,Use an equivalent AZ/AZStd contract or remove a proven dead dependency.,See CryCommonMigrationValidation.md and category tests.,accept,pending frozen-SHA signoff,pending frozen-SHA signoff
Code/Editor/ViewManager.h#2,consumers,Code/Editor/ViewManager.h,68,1,68,1,Use an equivalent AZ/AZStd contract or remove a proven dead dependency.,See CryCommonMigrationValidation.md and category tests.,accept,pending frozen-SHA signoff,pending frozen-SHA signoff
Code/Editor/ViewManager.h#3,consumers,Code/Editor/ViewManager.h,122,1,122,1,Use an equivalent AZ/AZStd contract or remove a proven dead dependency.,See CryCommonMigrationValidation.md and category tests.,accept,pending frozen-SHA signoff,pending frozen-SHA signoff
Code/Editor/Viewport.cpp#1,consumers,Code/Editor/Viewport.cpp,21,1,21,1,Use an equivalent AZ/AZStd contract or remove a proven dead dependency.,See CryCommonMigrationValidation.md and category tests.,accept,pending frozen-SHA signoff,pending frozen-SHA signoff
Code/Editor/Viewport.cpp#2,consumers,Code/Editor/Viewport.cpp,233,1,233,4,Use an equivalent AZ/AZStd contract or remove a proven dead dependency.,See CryCommonMigrationValidation.md and category tests.,accept,pending frozen-SHA signoff,pending frozen-SHA signoff
Code/Editor/Viewport.cpp#3,consumers,Code/Editor/Viewport.cpp,342,1,345,1,Use an equivalent AZ/AZStd contract or remove a proven dead dependency.,See CryCommonMigrationValidation.md and category tests.,accept,pending frozen-SHA signoff,pending frozen-SHA signoff
Code/Editor/Viewport.cpp#4,consumers,Code/Editor/Viewport.cpp,344,1,347,1,Use an equivalent AZ/AZStd contract or remove a proven dead dependency.,See CryCommonMigrationValidation.md and category tests.,accept,pending frozen-SHA signoff,pending frozen-SHA signoff
Code/Editor/Viewport.cpp#5,consumers,Code/Editor/Viewport.cpp,348,1,351,1,Use an equivalent AZ/AZStd contract or remove a proven dead dependency.,See CryCommonMigrationValidation.md and category tests.,accept,pending frozen-SHA signoff,pending frozen-SHA signoff
Code/Editor/Viewport.cpp#6,consumers,Code/Editor/Viewport.cpp,351,4,354,4,Use an equivalent AZ/AZStd contract or remove a proven dead dependency.,See CryCommonMigrationValidation.md and category tests.,accept,pending frozen-SHA signoff,pending frozen-SHA signoff
Code/Editor/Viewport.cpp#7,consumers,Code/Editor/Viewport.cpp,359,1,362,1,Use an equivalent AZ/AZStd contract or remove a proven dead dependency.,See CryCommonMigrationValidation.md and category tests.,accept,pending frozen-SHA signoff,pending frozen-SHA signoff
Code/Editor/Viewport.cpp#8,consumers,Code/Editor/Viewport.cpp,361,4,364,4,Use an equivalent AZ/AZStd contract or remove a proven dead dependency.,See CryCommonMigrationValidation.md and category tests.,accept,pending frozen-SHA signoff,pending frozen-SHA signoff
Code/Editor/Viewport.cpp#9,consumers,Code/Editor/Viewport.cpp,373,1,376,1,Use an equivalent AZ/AZStd contract or remove a proven dead dependency.,See CryCommonMigrationValidation.md and category tests.,accept,pending frozen-SHA signoff,pending frozen-SHA signoff
Code/Editor/Viewport.cpp#10,consumers,Code/Editor/Viewport.cpp,375,1,378,1,Use an equivalent AZ/AZStd contract or remove a proven dead dependency.,See CryCommonMigrationValidation.md and category tests.,accept,pending frozen-SHA signoff,pending frozen-SHA signoff
Code/Editor/Viewport.cpp#11,consumers,Code/Editor/Viewport.cpp,379,1,382,1,Use an equivalent AZ/AZStd contract or remove a proven dead dependency.,See CryCommonMigrationValidation.md and category tests.,accept,pending frozen-SHA signoff,pending frozen-SHA signoff
Code/Editor/Viewport.cpp#12,consumers,Code/Editor/Viewport.cpp,381,2,384,2,Use an equivalent AZ/AZStd contract or remove a proven dead dependency.,See CryCommonMigrationValidation.md and category tests.,accept,pending frozen-SHA signoff,pending frozen-SHA signoff
Code/Editor/Viewport.cpp#13,consumers,Code/Editor/Viewport.cpp,544,1,547,1,Use an equivalent AZ/AZStd contract or remove a proven dead dependency.,See CryCommonMigrationValidation.md and category tests.,accept,pending frozen-SHA signoff,pending frozen-SHA signoff
Code/Editor/Viewport.cpp#14,consumers,Code/Editor/Viewport.cpp,549,2,552,2,Use an equivalent AZ/AZStd contract or remove a proven dead dependency.,See CryCommonMigrationValidation.md and category tests.,accept,pending frozen-SHA signoff,pending frozen-SHA signoff
Code/Editor/Viewport.cpp#15,consumers,Code/Editor/Viewport.cpp,555,2,558,2,Use an equivalent AZ/AZStd contract or remove a proven dead dependency.,See CryCommonMigrationValidation.md and category tests.,accept,pending frozen-SHA signoff,pending frozen-SHA signoff
Code/Editor/Viewport.cpp#16,consumers,Code/Editor/Viewport.cpp,561,4,564,4,Use an equivalent AZ/AZStd contract or remove a proven dead dependency.,See CryCommonMigrationValidation.md and category tests.,accept,pending frozen-SHA signoff,pending frozen-SHA signoff
Code/Editor/Viewport.cpp#17,consumers,Code/Editor/Viewport.cpp,577,1,580,1,Use an equivalent AZ/AZStd contract or remove a proven dead dependency.,See CryCommonMigrationValidation.md and category tests.,accept,pending frozen-SHA signoff,pending frozen-SHA signoff
Code/Editor/Viewport.cpp#18,consumers,Code/Editor/Viewport.cpp,653,1,656,1,Use an equivalent AZ/AZStd contract or remove a proven dead dependency.,See CryCommonMigrationValidation.md and category tests.,accept,pending frozen-SHA signoff,pending frozen-SHA signoff
Code/Editor/Viewport.cpp#19,consumers,Code/Editor/Viewport.cpp,729,1,732,1,Use an equivalent AZ/AZStd contract or remove a proven dead dependency.,See CryCommonMigrationValidation.md and category tests.,accept,pending frozen-SHA signoff,pending frozen-SHA signoff
Code/Editor/Viewport.cpp#20,consumers,Code/Editor/Viewport.cpp,789,1,792,1,Use an equivalent AZ/AZStd contract or remove a proven dead dependency.,See CryCommonMigrationValidation.md and category tests.,accept,pending frozen-SHA signoff,pending frozen-SHA signoff
Code/Editor/Viewport.cpp#21,consumers,Code/Editor/Viewport.cpp,860,1,863,1,Use an equivalent AZ/AZStd contract or remove a proven dead dependency.,See CryCommonMigrationValidation.md and category tests.,accept,pending frozen-SHA signoff,pending frozen-SHA signoff
Code/Editor/Viewport.cpp#22,consumers,Code/Editor/Viewport.cpp,866,1,868,0,Use an equivalent AZ/AZStd contract or remove a proven dead dependency.,See CryCommonMigrationValidation.md and category tests.,accept,pending frozen-SHA signoff,pending frozen-SHA signoff
Code/Editor/Viewport.h#1,consumers,Code/Editor/Viewport.h,16,1,16,1,Use an equivalent AZ/AZStd contract or remove a proven dead dependency.,See CryCommonMigrationValidation.md and category tests.,accept,pending frozen-SHA signoff,pending frozen-SHA signoff
Code/Editor/Viewport.h#2,consumers,Code/Editor/Viewport.h,140,1,140,1,Use an equivalent AZ/AZStd contract or remove a proven dead dependency.,See CryCommonMigrationValidation.md and category tests.,accept,pending frozen-SHA signoff,pending frozen-SHA signoff
Code/Editor/Viewport.h#3,consumers,Code/Editor/Viewport.h,173,1,173,1,Use an equivalent AZ/AZStd contract or remove a proven dead dependency.,See CryCommonMigrationValidation.md and category tests.,accept,pending frozen-SHA signoff,pending frozen-SHA signoff
Code/Editor/Viewport.h#4,consumers,Code/Editor/Viewport.h,175,1,175,1,Use an equivalent AZ/AZStd contract or remove a proven dead dependency.,See CryCommonMigrationValidation.md and category tests.,accept,pending frozen-SHA signoff,pending frozen-SHA signoff
Code/Editor/Viewport.h#5,consumers,Code/Editor/Viewport.h,177,1,177,1,Use an equivalent AZ/AZStd contract or remove a proven dead dependency.,See CryCommonMigrationValidation.md and category tests.,accept,pending frozen-SHA signoff,pending frozen-SHA signoff
Code/Editor/Viewport.h#6,consumers,Code/Editor/Viewport.h,342,1,342,1,Use an equivalent AZ/AZStd contract or remove a proven dead dependency.,See CryCommonMigrationValidation.md and category tests.,accept,pending frozen-SHA signoff,pending frozen-SHA signoff
Code/Editor/Viewport.h#7,consumers,Code/Editor/Viewport.h,345,1,345,1,Use an equivalent AZ/AZStd contract or remove a proven dead dependency.,See CryCommonMigrationValidation.md and category tests.,accept,pending frozen-SHA signoff,pending frozen-SHA signoff
Code/Editor/Viewport.h#8,consumers,Code/Editor/Viewport.h,348,1,348,1,Use an equivalent AZ/AZStd contract or remove a proven dead dependency.,See CryCommonMigrationValidation.md and category tests.,accept,pending frozen-SHA signoff,pending frozen-SHA signoff
Code/Editor/Viewport.h#9,consumers,Code/Editor/Viewport.h,350,1,350,1,Use an equivalent AZ/AZStd contract or remove a proven dead dependency.,See CryCommonMigrationValidation.md and category tests.,accept,pending frozen-SHA signoff,pending frozen-SHA signoff
Code/Editor/Viewport.h#10,consumers,Code/Editor/Viewport.h,352,1,352,1,Use an equivalent AZ/AZStd contract or remove a proven dead dependency.,See CryCommonMigrationValidation.md and category tests.,accept,pending frozen-SHA signoff,pending frozen-SHA signoff
Code/Editor/Viewport.h#11,consumers,Code/Editor/Viewport.h,356,1,356,1,Use an equivalent AZ/AZStd contract or remove a proven dead dependency.,See CryCommonMigrationValidation.md and category tests.,accept,pending frozen-SHA signoff,pending frozen-SHA signoff
Code/Editor/Viewport.h#12,consumers,Code/Editor/Viewport.h,360,1,360,1,Use an equivalent AZ/AZStd contract or remove a proven dead dependency.,See CryCommonMigrationValidation.md and category tests.,accept,pending frozen-SHA signoff,pending frozen-SHA signoff
Code/Editor/Viewport.h#13,consumers,Code/Editor/Viewport.h,391,1,391,1,Use an equivalent AZ/AZStd contract or remove a proven dead dependency.,See CryCommonMigrationValidation.md and category tests.,accept,pending frozen-SHA signoff,pending frozen-SHA signoff
Code/Editor/Viewport.h#14,consumers,Code/Editor/Viewport.h,437,1,437,1,Use an equivalent AZ/AZStd contract or remove a proven dead dependency.,See CryCommonMigrationValidation.md and category tests.,accept,pending frozen-SHA signoff,pending frozen-SHA signoff
Code/Editor/Viewport.h#15,consumers,Code/Editor/Viewport.h,440,2,440,2,Use an equivalent AZ/AZStd contract or remove a proven dead dependency.,See CryCommonMigrationValidation.md and category tests.,accept,pending frozen-SHA signoff,pending frozen-SHA signoff
Code/Editor/Viewport.h#16,consumers,Code/Editor/Viewport.h,450,2,450,2,Use an equivalent AZ/AZStd contract or remove a proven dead dependency.,See CryCommonMigrationValidation.md and category tests.,accept,pending frozen-SHA signoff,pending frozen-SHA signoff
Code/Editor/ViewportTitleDlg.cpp#1,consumers,Code/Editor/ViewportTitleDlg.cpp,29,1,28,0,Use an equivalent AZ/AZStd contract or remove a proven dead dependency.,See CryCommonMigrationValidation.md and category tests.,accept,pending frozen-SHA signoff,pending frozen-SHA signoff
Code/Editor/ViewportTitleDlg.cpp#2,consumers,Code/Editor/ViewportTitleDlg.cpp,268,9,266,0,Use an equivalent AZ/AZStd contract or remove a proven dead dependency.,See CryCommonMigrationValidation.md and category tests.,accept,pending frozen-SHA signoff,pending frozen-SHA signoff
Code/Editor/ViewportTitleDlg.cpp#3,consumers,Code/Editor/ViewportTitleDlg.cpp,323,1,312,0,Use an equivalent AZ/AZStd contract or remove a proven dead dependency.,See CryCommonMigrationValidation.md and category tests.,accept,pending frozen-SHA signoff,pending frozen-SHA signoff
Code/Framework/AzCore/AzCore/Math/MathReflection.cpp#1,consumers,Code/Framework/AzCore/AzCore/Math/MathReflection.cpp,48,0,49,73,Use an equivalent AZ/AZStd contract or remove a proven dead dependency.,See CryCommonMigrationValidation.md and category tests.,accept,pending frozen-SHA signoff,pending frozen-SHA signoff
Code/Framework/AzCore/AzCore/Math/MathReflection.cpp#2,consumers,Code/Framework/AzCore/AzCore/Math/MathReflection.cpp,50,0,124,8,Use an equivalent AZ/AZStd contract or remove a proven dead dependency.,See CryCommonMigrationValidation.md and category tests.,accept,pending frozen-SHA signoff,pending frozen-SHA signoff
Code/Framework/AzCore/AzCore/Serialization/SerializeContext.cpp#1,serialization,Code/Framework/AzCore/AzCore/Serialization/SerializeContext.cpp,595,1,595,1,"Preserve reflected ids, legacy conversion behavior, and semantic asset values.",See CryCommonMigrationValidation.md and category tests.,accept,pending frozen-SHA signoff,pending frozen-SHA signoff
Code/LauncherUnified/Launcher.h#1,consumers,Code/LauncherUnified/Launcher.h,14,1,13,0,Use an equivalent AZ/AZStd contract or remove a proven dead dependency.,See CryCommonMigrationValidation.md and category tests.,accept,pending frozen-SHA signoff,pending frozen-SHA signoff
Code/LauncherUnified/Platform/Android/Launcher_Android.cpp#1,consumers,Code/LauncherUnified/Platform/Android/Launcher_Android.cpp,22,1,21,0,Use an equivalent AZ/AZStd contract or remove a proven dead dependency.,See CryCommonMigrationValidation.md and category tests.,accept,pending frozen-SHA signoff,pending frozen-SHA signoff
Code/Legacy/CryCommon/AnimKey.h#1,consumers,Code/Legacy/CryCommon/AnimKey.h,13,1,12,0,Use an equivalent AZ/AZStd contract or remove a proven dead dependency.,See CryCommonMigrationValidation.md and category tests.,accept,pending frozen-SHA signoff,pending frozen-SHA signoff
Code/Legacy/CryCommon/AnimKey.h#2,consumers,Code/Legacy/CryCommon/AnimKey.h,14,0,14,1,Use an equivalent AZ/AZStd contract or remove a proven dead dependency.,See CryCommonMigrationValidation.md and category tests.,accept,pending frozen-SHA signoff,pending frozen-SHA signoff
Code/Legacy/CryCommon/AnimKey.h#3,consumers,Code/Legacy/CryCommon/AnimKey.h,17,1,16,0,Use an equivalent AZ/AZStd contract or remove a proven dead dependency.,See CryCommonMigrationValidation.md and category tests.,accept,pending frozen-SHA signoff,pending frozen-SHA signoff
Code/Legacy/CryCommon/AnimKey.h#4,consumers,Code/Legacy/CryCommon/AnimKey.h,56,1,55,1,Use an equivalent AZ/AZStd contract or remove a proven dead dependency.,See CryCommonMigrationValidation.md and category tests.,accept,pending frozen-SHA signoff,pending frozen-SHA signoff
Code/Legacy/CryCommon/AnimKey.h#5,consumers,Code/Legacy/CryCommon/AnimKey.h,85,1,84,1,Use an equivalent AZ/AZStd contract or remove a proven dead dependency.,See CryCommonMigrationValidation.md and category tests.,accept,pending frozen-SHA signoff,pending frozen-SHA signoff
Code/Legacy/CryCommon/AnimKey.h#6,consumers,Code/Legacy/CryCommon/AnimKey.h,87,3,86,3,Use an equivalent AZ/AZStd contract or remove a proven dead dependency.,See CryCommonMigrationValidation.md and category tests.,accept,pending frozen-SHA signoff,pending frozen-SHA signoff
Code/Legacy/CryCommon/AnimKey.h#7,consumers,Code/Legacy/CryCommon/AnimKey.h,97,1,96,1,Use an equivalent AZ/AZStd contract or remove a proven dead dependency.,See CryCommonMigrationValidation.md and category tests.,accept,pending frozen-SHA signoff,pending frozen-SHA signoff
Code/Legacy/CryCommon/AnimKey.h#8,consumers,Code/Legacy/CryCommon/AnimKey.h,101,1,100,1,Use an equivalent AZ/AZStd contract or remove a proven dead dependency.,See CryCommonMigrationValidation.md and category tests.,accept,pending frozen-SHA signoff,pending frozen-SHA signoff
Code/Legacy/CryCommon/AnimKey.h#9,consumers,Code/Legacy/CryCommon/AnimKey.h,103,4,102,4,Use an equivalent AZ/AZStd contract or remove a proven dead dependency.,See CryCommonMigrationValidation.md and category tests.,accept,pending frozen-SHA signoff,pending frozen-SHA signoff
Code/Legacy/CryCommon/AnimKey.h#10,consumers,Code/Legacy/CryCommon/AnimKey.h,114,1,113,1,Use an equivalent AZ/AZStd contract or remove a proven dead dependency.,See CryCommonMigrationValidation.md and category tests.,accept,pending frozen-SHA signoff,pending frozen-SHA signoff
Code/Legacy/CryCommon/AnimKey.h#11,consumers,Code/Legacy/CryCommon/AnimKey.h,164,1,163,1,Use an equivalent AZ/AZStd contract or remove a proven dead dependency.,See CryCommonMigrationValidation.md and category tests.,accept,pending frozen-SHA signoff,pending frozen-SHA signoff
Code/Legacy/CryCommon/AnimKey.h#12,consumers,Code/Legacy/CryCommon/AnimKey.h,239,1,238,1,Use an equivalent AZ/AZStd contract or remove a proven dead dependency.,See CryCommonMigrationValidation.md and category tests.,accept,pending frozen-SHA signoff,pending frozen-SHA signoff
Code/Legacy/CryCommon/AnimKey.h#13,consumers,Code/Legacy/CryCommon/AnimKey.h,245,1,244,1,Use an equivalent AZ/AZStd contract or remove a proven dead dependency.,See CryCommonMigrationValidation.md and category tests.,accept,pending frozen-SHA signoff,pending frozen-SHA signoff
Code/Legacy/CryCommon/AnimKey.h#14,consumers,Code/Legacy/CryCommon/AnimKey.h,532,1,531,1,Use an equivalent AZ/AZStd contract or remove a proven dead dependency.,See CryCommonMigrationValidation.md and category tests.,accept,pending frozen-SHA signoff,pending frozen-SHA signoff
Code/Legacy/CryCommon/CryCommonMigrationValidation.md#1,other,Code/Legacy/CryCommon/CryCommonMigrationValidation.md,0,0,1,117,Preserve the observable baseline contract.,See CryCommonMigrationValidation.md and category tests.,accept,pending frozen-SHA signoff,pending frozen-SHA signoff
Code/Legacy/CryCommon/CryFile.h#1,consumers,Code/Legacy/CryCommon/CryFile.h,11,0,12,1,Use an equivalent AZ/AZStd contract or remove a proven dead dependency.,See CryCommonMigrationValidation.md and category tests.,accept,pending frozen-SHA signoff,pending frozen-SHA signoff
Code/Legacy/CryCommon/CryHalf.inl#1,consumers,Code/Legacy/CryCommon/CryHalf.inl,10,0,11,4,Use an equivalent AZ/AZStd contract or remove a proven dead dependency.,See CryCommonMigrationValidation.md and category tests.,accept,pending frozen-SHA signoff,pending frozen-SHA signoff
Code/Legacy/CryCommon/IFont.h#1,consumers,Code/Legacy/CryCommon/IFont.h,16,2,15,0,Use an equivalent AZ/AZStd contract or remove a proven dead dependency.,See CryCommonMigrationValidation.md and category tests.,accept,pending frozen-SHA signoff,pending frozen-SHA signoff
Code/Legacy/CryCommon/IFont.h#2,consumers,Code/Legacy/CryCommon/IFont.h,138,2,136,5,Use an equivalent AZ/AZStd contract or remove a proven dead dependency.,See CryCommonMigrationValidation.md and category tests.,accept,pending frozen-SHA signoff,pending frozen-SHA signoff
Code/Legacy/CryCommon/IFont.h#3,consumers,Code/Legacy/CryCommon/IFont.h,170,1,171,2,Use an equivalent AZ/AZStd contract or remove a proven dead dependency.,See CryCommonMigrationValidation.md and category tests.,accept,pending frozen-SHA signoff,pending frozen-SHA signoff
Code/Legacy/CryCommon/IFont.h#4,consumers,Code/Legacy/CryCommon/IFont.h,195,1,197,1,Use an equivalent AZ/AZStd contract or remove a proven dead dependency.,See CryCommonMigrationValidation.md and category tests.,accept,pending frozen-SHA signoff,pending frozen-SHA signoff
Code/Legacy/CryCommon/IFont.h#5,consumers,Code/Legacy/CryCommon/IFont.h,209,2,211,2,Use an equivalent AZ/AZStd contract or remove a proven dead dependency.,See CryCommonMigrationValidation.md and category tests.,accept,pending frozen-SHA signoff,pending frozen-SHA signoff
Code/Legacy/CryCommon/IFont.h#6,consumers,Code/Legacy/CryCommon/IFont.h,256,1,258,1,Use an equivalent AZ/AZStd contract or remove a proven dead dependency.,See CryCommonMigrationValidation.md and category tests.,accept,pending frozen-SHA signoff,pending frozen-SHA signoff
Code/Legacy/CryCommon/IFont.h#7,consumers,Code/Legacy/CryCommon/IFont.h,273,1,275,1,Use an equivalent AZ/AZStd contract or remove a proven dead dependency.,See CryCommonMigrationValidation.md and category tests.,accept,pending frozen-SHA signoff,pending frozen-SHA signoff
Code/Legacy/CryCommon/IFont.h#8,consumers,Code/Legacy/CryCommon/IFont.h,288,1,290,1,Use an equivalent AZ/AZStd contract or remove a proven dead dependency.,See CryCommonMigrationValidation.md and category tests.,accept,pending frozen-SHA signoff,pending frozen-SHA signoff
Code/Legacy/CryCommon/IIndexedMesh.h#1,consumers,Code/Legacy/CryCommon/IIndexedMesh.h,12,1,11,0,Use an equivalent AZ/AZStd contract or remove a proven dead dependency.,See CryCommonMigrationValidation.md and category tests.,accept,pending frozen-SHA signoff,pending frozen-SHA signoff
Code/Legacy/CryCommon/IIndexedMesh.h#2,consumers,Code/Legacy/CryCommon/IIndexedMesh.h,28,2,27,2,Use an equivalent AZ/AZStd contract or remove a proven dead dependency.,See CryCommonMigrationValidation.md and category tests.,accept,pending frozen-SHA signoff,pending frozen-SHA signoff
Code/Legacy/CryCommon/IIndexedMesh.h#3,consumers,Code/Legacy/CryCommon/IIndexedMesh.h,31,1,30,1,Use an equivalent AZ/AZStd contract or remove a proven dead dependency.,See CryCommonMigrationValidation.md and category tests.,accept,pending frozen-SHA signoff,pending frozen-SHA signoff
Code/Legacy/CryCommon/IIndexedMesh.h#4,consumers,Code/Legacy/CryCommon/IIndexedMesh.h,33,1,32,1,Use an equivalent AZ/AZStd contract or remove a proven dead dependency.,See CryCommonMigrationValidation.md and category tests.,accept,pending frozen-SHA signoff,pending frozen-SHA signoff
Code/Legacy/CryCommon/IMovieSystem.cpp#1,consumers,Code/Legacy/CryCommon/IMovieSystem.cpp,168,1,168,1,Use an equivalent AZ/AZStd contract or remove a proven dead dependency.,See CryCommonMigrationValidation.md and category tests.,accept,pending frozen-SHA signoff,pending frozen-SHA signoff
Code/Legacy/CryCommon/IMovieSystem.h#1,consumers,Code/Legacy/CryCommon/IMovieSystem.h,25,1,25,1,Use an equivalent AZ/AZStd contract or remove a proven dead dependency.,See CryCommonMigrationValidation.md and category tests.,accept,pending frozen-SHA signoff,pending frozen-SHA signoff
Code/Legacy/CryCommon/IMovieSystem.h#2,consumers,Code/Legacy/CryCommon/IMovieSystem.h,560,1,560,1,Use an equivalent AZ/AZStd contract or remove a proven dead dependency.,See CryCommonMigrationValidation.md and category tests.,accept,pending frozen-SHA signoff,pending frozen-SHA signoff
Code/Legacy/CryCommon/IMovieSystem.h#3,consumers,Code/Legacy/CryCommon/IMovieSystem.h,563,1,563,1,Use an equivalent AZ/AZStd contract or remove a proven dead dependency.,See CryCommonMigrationValidation.md and category tests.,accept,pending frozen-SHA signoff,pending frozen-SHA signoff
Code/Legacy/CryCommon/IMovieSystem.h#4,consumers,Code/Legacy/CryCommon/IMovieSystem.h,569,1,569,1,Use an equivalent AZ/AZStd contract or remove a proven dead dependency.,See CryCommonMigrationValidation.md and category tests.,accept,pending frozen-SHA signoff,pending frozen-SHA signoff
Code/Legacy/CryCommon/ISerialize.h#1,serialization,Code/Legacy/CryCommon/ISerialize.h,13,1,12,0,"Preserve reflected ids, legacy conversion behavior, and semantic asset values.",See CryCommonMigrationValidation.md and category tests.,accept,pending frozen-SHA signoff,pending frozen-SHA signoff
Code/Legacy/CryCommon/ISplines.h#1,consumers,Code/Legacy/CryCommon/ISplines.h,12,0,13,4,Use an equivalent AZ/AZStd contract or remove a proven dead dependency.,See CryCommonMigrationValidation.md and category tests.,accept,pending frozen-SHA signoff,pending frozen-SHA signoff
Code/Legacy/CryCommon/ISplines.h#2,consumers,Code/Legacy/CryCommon/ISplines.h,73,11,77,2,Use an equivalent AZ/AZStd contract or remove a proven dead dependency.,See CryCommonMigrationValidation.md and category tests.,accept,pending frozen-SHA signoff,pending frozen-SHA signoff
Code/Legacy/CryCommon/ISplines.h#3,consumers,Code/Legacy/CryCommon/ISplines.h,251,1,246,1,Use an equivalent AZ/AZStd contract or remove a proven dead dependency.,See CryCommonMigrationValidation.md and category tests.,accept,pending frozen-SHA signoff,pending frozen-SHA signoff
Code/Legacy/CryCommon/ISplines.h#4,consumers,Code/Legacy/CryCommon/ISplines.h,253,1,248,1,Use an equivalent AZ/AZStd contract or remove a proven dead dependency.,See CryCommonMigrationValidation.md and category tests.,accept,pending frozen-SHA signoff,pending frozen-SHA signoff
Code/Legacy/CryCommon/ISplines.h#5,consumers,Code/Legacy/CryCommon/ISplines.h,258,1,253,1,Use an equivalent AZ/AZStd contract or remove a proven dead dependency.,See CryCommonMigrationValidation.md and category tests.,accept,pending frozen-SHA signoff,pending frozen-SHA signoff
Code/Legacy/CryCommon/ISplines.h#6,consumers,Code/Legacy/CryCommon/ISplines.h,261,1,256,1,Use an equivalent AZ/AZStd contract or remove a proven dead dependency.,See CryCommonMigrationValidation.md and category tests.,accept,pending frozen-SHA signoff,pending frozen-SHA signoff
Code/Legacy/CryCommon/ISplines.h#7,consumers,Code/Legacy/CryCommon/ISplines.h,356,1,351,1,Use an equivalent AZ/AZStd contract or remove a proven dead dependency.,See CryCommonMigrationValidation.md and category tests.,accept,pending frozen-SHA signoff,pending frozen-SHA signoff
Code/Legacy/CryCommon/ISplines.h#8,consumers,Code/Legacy/CryCommon/ISplines.h,410,1,405,1,Use an equivalent AZ/AZStd contract or remove a proven dead dependency.,See CryCommonMigrationValidation.md and category tests.,accept,pending frozen-SHA signoff,pending frozen-SHA signoff
Code/Legacy/CryCommon/ISplines.h#9,consumers,Code/Legacy/CryCommon/ISplines.h,1071,2,1066,24,Use an equivalent AZ/AZStd contract or remove a proven dead dependency.,See CryCommonMigrationValidation.md and category tests.,accept,pending frozen-SHA signoff,pending frozen-SHA signoff
Code/Legacy/CryCommon/ISplines.h#10,consumers,Code/Legacy/CryCommon/ISplines.h,1251,1,1268,1,Use an equivalent AZ/AZStd contract or remove a proven dead dependency.,See CryCommonMigrationValidation.md and category tests.,accept,pending frozen-SHA signoff,pending frozen-SHA signoff
Code/Legacy/CryCommon/IXml.h#1,consumers,Code/Legacy/CryCommon/IXml.h,11,1,10,0,Use an equivalent AZ/AZStd contract or remove a proven dead dependency.,See CryCommonMigrationValidation.md and category tests.,accept,pending frozen-SHA signoff,pending frozen-SHA signoff
Code/Legacy/CryCommon/IXml.h#2,consumers,Code/Legacy/CryCommon/IXml.h,15,14,14,6,Use an equivalent AZ/AZStd contract or remove a proven dead dependency.,See CryCommonMigrationValidation.md and category tests.,accept,pending frozen-SHA signoff,pending frozen-SHA signoff
Code/Legacy/CryCommon/IXml.h#3,consumers,Code/Legacy/CryCommon/IXml.h,296,4,287,3,Use an equivalent AZ/AZStd contract or remove a proven dead dependency.,See CryCommonMigrationValidation.md and category tests.,accept,pending frozen-SHA signoff,pending frozen-SHA signoff
Code/Legacy/CryCommon/IXml.h#4,consumers,Code/Legacy/CryCommon/IXml.h,343,4,333,3,Use an equivalent AZ/AZStd contract or remove a proven dead dependency.,See CryCommonMigrationValidation.md and category tests.,accept,pending frozen-SHA signoff,pending frozen-SHA signoff
Code/Legacy/CryCommon/SerializationTypes.h#1,serialization,Code/Legacy/CryCommon/SerializationTypes.h,13,2,13,2,"Preserve reflected ids, legacy conversion behavior, and semantic asset values.",See CryCommonMigrationValidation.md and category tests.,accept,pending frozen-SHA signoff,pending frozen-SHA signoff
Code/Legacy/CryCommon/SerializationTypes.h#2,serialization,Code/Legacy/CryCommon/SerializationTypes.h,16,1,15,0,"Preserve reflected ids, legacy conversion behavior, and semantic asset values.",See CryCommonMigrationValidation.md and category tests.,accept,pending frozen-SHA signoff,pending frozen-SHA signoff
Code/Legacy/CryCommon/VertexFormats.h#1,layout/fonts,Code/Legacy/CryCommon/VertexFormats.h,11,1,11,6,"Preserve CPU/GPU size, alignment, offsets, strides, bytes, and text output.",See CryCommonMigrationValidation.md and category tests.,accept,pending frozen-SHA signoff,pending frozen-SHA signoff
Code/Legacy/CryCommon/VertexFormats.h#2,layout/fonts,Code/Legacy/CryCommon/VertexFormats.h,50,1,55,1,"Preserve CPU/GPU size, alignment, offsets, strides, bytes, and text output.",See CryCommonMigrationValidation.md and category tests.,accept,pending frozen-SHA signoff,pending frozen-SHA signoff
Code/Legacy/CryCommon/VertexFormats.h#3,layout/fonts,Code/Legacy/CryCommon/VertexFormats.h,52,1,57,1,"Preserve CPU/GPU size, alignment, offsets, strides, bytes, and text output.",See CryCommonMigrationValidation.md and category tests.,accept,pending frozen-SHA signoff,pending frozen-SHA signoff
Code/Legacy/CryCommon/VertexFormats.h#4,layout/fonts,Code/Legacy/CryCommon/VertexFormats.h,79,1,84,1,"Preserve CPU/GPU size, alignment, offsets, strides, bytes, and text output.",See CryCommonMigrationValidation.md and category tests.,accept,pending frozen-SHA signoff,pending frozen-SHA signoff
Code/Legacy/CryCommon/VertexFormats.h#5,layout/fonts,Code/Legacy/CryCommon/VertexFormats.h,81,3,86,3,"Preserve CPU/GPU size, alignment, offsets, strides, bytes, and text output.",See CryCommonMigrationValidation.md and category tests.,accept,pending frozen-SHA signoff,pending frozen-SHA signoff
Code/Legacy/CryCommon/VertexFormats.h#6,layout/fonts,Code/Legacy/CryCommon/VertexFormats.h,87,1,92,1,"Preserve CPU/GPU size, alignment, offsets, strides, bytes, and text output.",See CryCommonMigrationValidation.md and category tests.,accept,pending frozen-SHA signoff,pending frozen-SHA signoff
Code/Legacy/CryCommon/VertexFormats.h#7,layout/fonts,Code/Legacy/CryCommon/VertexFormats.h,89,4,94,4,"Preserve CPU/GPU size, alignment, offsets, strides, bytes, and text output.",See CryCommonMigrationValidation.md and category tests.,accept,pending frozen-SHA signoff,pending frozen-SHA signoff
Code/Legacy/CryCommon/VertexFormats.h#8,layout/fonts,Code/Legacy/CryCommon/VertexFormats.h,95,1,100,1,"Preserve CPU/GPU size, alignment, offsets, strides, bytes, and text output.",See CryCommonMigrationValidation.md and category tests.,accept,pending frozen-SHA signoff,pending frozen-SHA signoff
Code/Legacy/CryCommon/VertexFormats.h#9,layout/fonts,Code/Legacy/CryCommon/VertexFormats.h,97,4,102,4,"Preserve CPU/GPU size, alignment, offsets, strides, bytes, and text output.",See CryCommonMigrationValidation.md and category tests.,accept,pending frozen-SHA signoff,pending frozen-SHA signoff
Code/Legacy/CryCommon/VertexFormats.h#10,layout/fonts,Code/Legacy/CryCommon/VertexFormats.h,107,1,112,1,"Preserve CPU/GPU size, alignment, offsets, strides, bytes, and text output.",See CryCommonMigrationValidation.md and category tests.,accept,pending frozen-SHA signoff,pending frozen-SHA signoff
Code/Legacy/CryCommon/VertexFormats.h#11,layout/fonts,Code/Legacy/CryCommon/VertexFormats.h,113,1,118,1,"Preserve CPU/GPU size, alignment, offsets, strides, bytes, and text output.",See CryCommonMigrationValidation.md and category tests.,accept,pending frozen-SHA signoff,pending frozen-SHA signoff
Code/Legacy/CryCommon/VertexFormats.h#12,layout/fonts,Code/Legacy/CryCommon/VertexFormats.h,115,1,120,1,"Preserve CPU/GPU size, alignment, offsets, strides, bytes, and text output.",See CryCommonMigrationValidation.md and category tests.,accept,pending frozen-SHA signoff,pending frozen-SHA signoff
Code/Legacy/CryCommon/VertexFormats.h#13,layout/fonts,Code/Legacy/CryCommon/VertexFormats.h,120,1,125,1,"Preserve CPU/GPU size, alignment, offsets, strides, bytes, and text output.",See CryCommonMigrationValidation.md and category tests.,accept,pending frozen-SHA signoff,pending frozen-SHA signoff
Code/Legacy/CryCommon/VertexFormats.h#14,layout/fonts,Code/Legacy/CryCommon/VertexFormats.h,122,1,127,1,"Preserve CPU/GPU size, alignment, offsets, strides, bytes, and text output.",See CryCommonMigrationValidation.md and category tests.,accept,pending frozen-SHA signoff,pending frozen-SHA signoff
Code/Legacy/CryCommon/VertexFormats.h#15,layout/fonts,Code/Legacy/CryCommon/VertexFormats.h,131,1,136,1,"Preserve CPU/GPU size, alignment, offsets, strides, bytes, and text output.",See CryCommonMigrationValidation.md and category tests.,accept,pending frozen-SHA signoff,pending frozen-SHA signoff
Code/Legacy/CryCommon/VertexFormats.h#16,layout/fonts,Code/Legacy/CryCommon/VertexFormats.h,132,0,138,19,"Preserve CPU/GPU size, alignment, offsets, strides, bytes, and text output.",See CryCommonMigrationValidation.md and category tests.,accept,pending frozen-SHA signoff,pending frozen-SHA signoff
Code/Legacy/CryCommon/crycommon_declaration_use_ledger.csv#1,other,Code/Legacy/CryCommon/crycommon_declaration_use_ledger.csv,0,0,1,35215,Preserve the observable baseline contract.,See CryCommonMigrationValidation.md and category tests.,accept,pending frozen-SHA signoff,pending frozen-SHA signoff
Code/Legacy/CryCommon/crycommon_declaration_use_ledger.md#1,other,Code/Legacy/CryCommon/crycommon_declaration_use_ledger.md,0,0,1,335,Preserve the observable baseline contract.,See CryCommonMigrationValidation.md and category tests.,accept,pending frozen-SHA signoff,pending frozen-SHA signoff
Code/Legacy/CrySystem/CrySystem_precompiled.h#1,consumers,Code/Legacy/CrySystem/CrySystem_precompiled.h,75,1,75,1,Use an equivalent AZ/AZStd contract or remove a proven dead dependency.,See CryCommonMigrationValidation.md and category tests.,accept,pending frozen-SHA signoff,pending frozen-SHA signoff
Code/Legacy/CrySystem/CrySystem_precompiled.h#2,consumers,Code/Legacy/CrySystem/CrySystem_precompiled.h,78,1,77,0,Use an equivalent AZ/AZStd contract or remove a proven dead dependency.,See CryCommonMigrationValidation.md and category tests.,accept,pending frozen-SHA signoff,pending frozen-SHA signoff
Code/Legacy/CrySystem/CrySystem_precompiled.h#3,consumers,Code/Legacy/CrySystem/CrySystem_precompiled.h,120,1,118,0,Use an equivalent AZ/AZStd contract or remove a proven dead dependency.,See CryCommonMigrationValidation.md and category tests.,accept,pending frozen-SHA signoff,pending frozen-SHA signoff
Code/Legacy/CrySystem/DebugCallStack.cpp#1,consumers,Code/Legacy/CrySystem/DebugCallStack.cpp,17,1,16,0,Use an equivalent AZ/AZStd contract or remove a proven dead dependency.,See CryCommonMigrationValidation.md and category tests.,accept,pending frozen-SHA signoff,pending frozen-SHA signoff
Code/Legacy/CrySystem/DebugCallStack.cpp#2,consumers,Code/Legacy/CrySystem/DebugCallStack.cpp,184,1,183,1,Use an equivalent AZ/AZStd contract or remove a proven dead dependency.,See CryCommonMigrationValidation.md and category tests.,accept,pending frozen-SHA signoff,pending frozen-SHA signoff
Code/Legacy/CrySystem/LocalizedStringManager.cpp#1,consumers,Code/Legacy/CrySystem/LocalizedStringManager.cpp,322,1,322,4,Use an equivalent AZ/AZStd contract or remove a proven dead dependency.,See CryCommonMigrationValidation.md and category tests.,accept,pending frozen-SHA signoff,pending frozen-SHA signoff
Code/Legacy/CrySystem/LocalizedStringManager.cpp#2,consumers,Code/Legacy/CrySystem/LocalizedStringManager.cpp,2020,1,2023,3,Use an equivalent AZ/AZStd contract or remove a proven dead dependency.,See CryCommonMigrationValidation.md and category tests.,accept,pending frozen-SHA signoff,pending frozen-SHA signoff
Code/Legacy/CrySystem/LocalizedStringManager.cpp#3,consumers,Code/Legacy/CrySystem/LocalizedStringManager.cpp,2069,1,2074,3,Use an equivalent AZ/AZStd contract or remove a proven dead dependency.,See CryCommonMigrationValidation.md and category tests.,accept,pending frozen-SHA signoff,pending frozen-SHA signoff
Code/Legacy/CrySystem/LocalizedStringManager.cpp#4,consumers,Code/Legacy/CrySystem/LocalizedStringManager.cpp,2078,1,2085,2,Use an equivalent AZ/AZStd contract or remove a proven dead dependency.,See CryCommonMigrationValidation.md and category tests.,accept,pending frozen-SHA signoff,pending frozen-SHA signoff
Code/Legacy/CrySystem/LocalizedStringManager.cpp#5,consumers,Code/Legacy/CrySystem/LocalizedStringManager.cpp,2112,1,2120,3,Use an equivalent AZ/AZStd contract or remove a proven dead dependency.,See CryCommonMigrationValidation.md and category tests.,accept,pending frozen-SHA signoff,pending frozen-SHA signoff
Code/Legacy/CrySystem/LocalizedStringManager.cpp#6,consumers,Code/Legacy/CrySystem/LocalizedStringManager.cpp,2128,1,2138,3,Use an equivalent AZ/AZStd contract or remove a proven dead dependency.,See CryCommonMigrationValidation.md and category tests.,accept,pending frozen-SHA signoff,pending frozen-SHA signoff
Code/Legacy/CrySystem/LocalizedStringManager.cpp#7,consumers,Code/Legacy/CrySystem/LocalizedStringManager.cpp,2159,1,2171,3,Use an equivalent AZ/AZStd contract or remove a proven dead dependency.,See CryCommonMigrationValidation.md and category tests.,accept,pending frozen-SHA signoff,pending frozen-SHA signoff
Code/Legacy/CrySystem/LocalizedStringManager.cpp#8,consumers,Code/Legacy/CrySystem/LocalizedStringManager.cpp,2312,1,2326,3,Use an equivalent AZ/AZStd contract or remove a proven dead dependency.,See CryCommonMigrationValidation.md and category tests.,accept,pending frozen-SHA signoff,pending frozen-SHA signoff
Code/Legacy/CrySystem/LocalizedStringManager.cpp#9,consumers,Code/Legacy/CrySystem/LocalizedStringManager.cpp,2616,1,2632,4,Use an equivalent AZ/AZStd contract or remove a proven dead dependency.,See CryCommonMigrationValidation.md and category tests.,accept,pending frozen-SHA signoff,pending frozen-SHA signoff
Code/Legacy/CrySystem/LocalizedStringManager.cpp#10,consumers,Code/Legacy/CrySystem/LocalizedStringManager.cpp,2782,2,2800,0,Use an equivalent AZ/AZStd contract or remove a proven dead dependency.,See CryCommonMigrationValidation.md and category tests.,accept,pending frozen-SHA signoff,pending frozen-SHA signoff
Code/Legacy/CrySystem/LocalizedStringManager.h#1,consumers,Code/Legacy/CrySystem/LocalizedStringManager.h,14,1,13,0,Use an equivalent AZ/AZStd contract or remove a proven dead dependency.,See CryCommonMigrationValidation.md and category tests.,accept,pending frozen-SHA signoff,pending frozen-SHA signoff
Code/Legacy/CrySystem/Log.cpp#1,consumers,Code/Legacy/CrySystem/Log.cpp,9,1,8,0,Use an equivalent AZ/AZStd contract or remove a proven dead dependency.,See CryCommonMigrationValidation.md and category tests.,accept,pending frozen-SHA signoff,pending frozen-SHA signoff
Code/Legacy/CrySystem/Log.cpp#2,consumers,Code/Legacy/CrySystem/Log.cpp,12,2,10,0,Use an equivalent AZ/AZStd contract or remove a proven dead dependency.,See CryCommonMigrationValidation.md and category tests.,accept,pending frozen-SHA signoff,pending frozen-SHA signoff
Code/Legacy/CrySystem/Log.cpp#3,consumers,Code/Legacy/CrySystem/Log.cpp,14,0,12,1,Use an equivalent AZ/AZStd contract or remove a proven dead dependency.,See CryCommonMigrationValidation.md and category tests.,accept,pending frozen-SHA signoff,pending frozen-SHA signoff
Code/Legacy/CrySystem/Log.cpp#4,consumers,Code/Legacy/CrySystem/Log.cpp,16,1,14,3,Use an equivalent AZ/AZStd contract or remove a proven dead dependency.,See CryCommonMigrationValidation.md and category tests.,accept,pending frozen-SHA signoff,pending frozen-SHA signoff
Code/Legacy/CrySystem/Log.cpp#5,consumers,Code/Legacy/CrySystem/Log.cpp,19,2,18,0,Use an equivalent AZ/AZStd contract or remove a proven dead dependency.,See CryCommonMigrationValidation.md and category tests.,accept,pending frozen-SHA signoff,pending frozen-SHA signoff
Code/Legacy/CrySystem/Log.cpp#6,consumers,Code/Legacy/CrySystem/Log.cpp,22,1,19,0,Use an equivalent AZ/AZStd contract or remove a proven dead dependency.,See CryCommonMigrationValidation.md and category tests.,accept,pending frozen-SHA signoff,pending frozen-SHA signoff
Code/Legacy/CrySystem/Log.cpp#7,consumers,Code/Legacy/CrySystem/Log.cpp,26,0,24,2,Use an equivalent AZ/AZStd contract or remove a proven dead dependency.,See CryCommonMigrationValidation.md and category tests.,accept,pending frozen-SHA signoff,pending frozen-SHA signoff
Code/Legacy/CrySystem/Log.cpp#8,consumers,Code/Legacy/CrySystem/Log.cpp,38,11,37,15,Use an equivalent AZ/AZStd contract or remove a proven dead dependency.,See CryCommonMigrationValidation.md and category tests.,accept,pending frozen-SHA signoff,pending frozen-SHA signoff
Code/Legacy/CrySystem/Log.cpp#9,consumers,Code/Legacy/CrySystem/Log.cpp,54,2,57,2,Use an equivalent AZ/AZStd contract or remove a proven dead dependency.,See CryCommonMigrationValidation.md and category tests.,accept,pending frozen-SHA signoff,pending frozen-SHA signoff
Code/Legacy/CrySystem/Log.cpp#10,consumers,Code/Legacy/CrySystem/Log.cpp,58,1,61,1,Use an equivalent AZ/AZStd contract or remove a proven dead dependency.,See CryCommonMigrationValidation.md and category tests.,accept,pending frozen-SHA signoff,pending frozen-SHA signoff
Code/Legacy/CrySystem/Log.cpp#11,consumers,Code/Legacy/CrySystem/Log.cpp,140,1,143,1,Use an equivalent AZ/AZStd contract or remove a proven dead dependency.,See CryCommonMigrationValidation.md and category tests.,accept,pending frozen-SHA signoff,pending frozen-SHA signoff
Code/Legacy/CrySystem/Log.cpp#12,consumers,Code/Legacy/CrySystem/Log.cpp,147,1,150,1,Use an equivalent AZ/AZStd contract or remove a proven dead dependency.,See CryCommonMigrationValidation.md and category tests.,accept,pending frozen-SHA signoff,pending frozen-SHA signoff
Code/Legacy/CrySystem/Log.cpp#13,consumers,Code/Legacy/CrySystem/Log.cpp,155,1,158,1,Use an equivalent AZ/AZStd contract or remove a proven dead dependency.,See CryCommonMigrationValidation.md and category tests.,accept,pending frozen-SHA signoff,pending frozen-SHA signoff
Code/Legacy/CrySystem/Log.cpp#14,consumers,Code/Legacy/CrySystem/Log.cpp,170,1,172,0,Use an equivalent AZ/AZStd contract or remove a proven dead dependency.,See CryCommonMigrationValidation.md and category tests.,accept,pending frozen-SHA signoff,pending frozen-SHA signoff
Code/Legacy/CrySystem/Log.cpp#15,consumers,Code/Legacy/CrySystem/Log.cpp,177,6,179,6,Use an equivalent AZ/AZStd contract or remove a proven dead dependency.,See CryCommonMigrationValidation.md and category tests.,accept,pending frozen-SHA signoff,pending frozen-SHA signoff
Code/Legacy/CrySystem/Log.cpp#16,consumers,Code/Legacy/CrySystem/Log.cpp,184,1,186,1,Use an equivalent AZ/AZStd contract or remove a proven dead dependency.,See CryCommonMigrationValidation.md and category tests.,accept,pending frozen-SHA signoff,pending frozen-SHA signoff
Code/Legacy/CrySystem/Log.cpp#17,consumers,Code/Legacy/CrySystem/Log.cpp,189,10,191,13,Use an equivalent AZ/AZStd contract or remove a proven dead dependency.,See CryCommonMigrationValidation.md and category tests.,accept,pending frozen-SHA signoff,pending frozen-SHA signoff
Code/Legacy/CrySystem/Log.cpp#18,consumers,Code/Legacy/CrySystem/Log.cpp,201,9,206,16,Use an equivalent AZ/AZStd contract or remove a proven dead dependency.,See CryCommonMigrationValidation.md and category tests.,accept,pending frozen-SHA signoff,pending frozen-SHA signoff
Code/Legacy/CrySystem/Log.cpp#19,consumers,Code/Legacy/CrySystem/Log.cpp,215,1,227,6,Use an equivalent AZ/AZStd contract or remove a proven dead dependency.,See CryCommonMigrationValidation.md and category tests.,accept,pending frozen-SHA signoff,pending frozen-SHA signoff
Code/Legacy/CrySystem/Log.cpp#20,consumers,Code/Legacy/CrySystem/Log.cpp,217,1,234,6,Use an equivalent AZ/AZStd contract or remove a proven dead dependency.,See CryCommonMigrationValidation.md and category tests.,accept,pending frozen-SHA signoff,pending frozen-SHA signoff
Code/Legacy/CrySystem/Log.cpp#21,consumers,Code/Legacy/CrySystem/Log.cpp,223,1,245,1,Use an equivalent AZ/AZStd contract or remove a proven dead dependency.,See CryCommonMigrationValidation.md and category tests.,accept,pending frozen-SHA signoff,pending frozen-SHA signoff
Code/Legacy/CrySystem/Log.cpp#22,consumers,Code/Legacy/CrySystem/Log.cpp,235,1,257,1,Use an equivalent AZ/AZStd contract or remove a proven dead dependency.,See CryCommonMigrationValidation.md and category tests.,accept,pending frozen-SHA signoff,pending frozen-SHA signoff
Code/Legacy/CrySystem/Log.cpp#23,consumers,Code/Legacy/CrySystem/Log.cpp,313,1,334,0,Use an equivalent AZ/AZStd contract or remove a proven dead dependency.,See CryCommonMigrationValidation.md and category tests.,accept,pending frozen-SHA signoff,pending frozen-SHA signoff
Code/Legacy/CrySystem/Log.cpp#24,consumers,Code/Legacy/CrySystem/Log.cpp,324,1,345,1,Use an equivalent AZ/AZStd contract or remove a proven dead dependency.,See CryCommonMigrationValidation.md and category tests.,accept,pending frozen-SHA signoff,pending frozen-SHA signoff
Code/Legacy/CrySystem/Log.cpp#25,consumers,Code/Legacy/CrySystem/Log.cpp,344,1,365,1,Use an equivalent AZ/AZStd contract or remove a proven dead dependency.,See CryCommonMigrationValidation.md and category tests.,accept,pending frozen-SHA signoff,pending frozen-SHA signoff
Code/Legacy/CrySystem/Log.cpp#26,consumers,Code/Legacy/CrySystem/Log.cpp,365,1,386,1,Use an equivalent AZ/AZStd contract or remove a proven dead dependency.,See CryCommonMigrationValidation.md and category tests.,accept,pending frozen-SHA signoff,pending frozen-SHA signoff
Code/Legacy/CrySystem/Log.cpp#27,consumers,Code/Legacy/CrySystem/Log.cpp,379,1,400,1,Use an equivalent AZ/AZStd contract or remove a proven dead dependency.,See CryCommonMigrationValidation.md and category tests.,accept,pending frozen-SHA signoff,pending frozen-SHA signoff
Code/Legacy/CrySystem/Log.cpp#28,consumers,Code/Legacy/CrySystem/Log.cpp,410,4,431,5,Use an equivalent AZ/AZStd contract or remove a proven dead dependency.,See CryCommonMigrationValidation.md and category tests.,accept,pending frozen-SHA signoff,pending frozen-SHA signoff
Code/Legacy/CrySystem/Log.cpp#29,consumers,Code/Legacy/CrySystem/Log.cpp,418,1,440,1,Use an equivalent AZ/AZStd contract or remove a proven dead dependency.,See CryCommonMigrationValidation.md and category tests.,accept,pending frozen-SHA signoff,pending frozen-SHA signoff
Code/Legacy/CrySystem/Log.cpp#30,consumers,Code/Legacy/CrySystem/Log.cpp,426,2,448,1,Use an equivalent AZ/AZStd contract or remove a proven dead dependency.,See CryCommonMigrationValidation.md and category tests.,accept,pending frozen-SHA signoff,pending frozen-SHA signoff
Code/Legacy/CrySystem/Log.cpp#31,consumers,Code/Legacy/CrySystem/Log.cpp,446,1,466,0,Use an equivalent AZ/AZStd contract or remove a proven dead dependency.,See CryCommonMigrationValidation.md and category tests.,accept,pending frozen-SHA signoff,pending frozen-SHA signoff
Code/Legacy/CrySystem/Log.cpp#32,consumers,Code/Legacy/CrySystem/Log.cpp,461,1,480,0,Use an equivalent AZ/AZStd contract or remove a proven dead dependency.,See CryCommonMigrationValidation.md and category tests.,accept,pending frozen-SHA signoff,pending frozen-SHA signoff
Code/Legacy/CrySystem/Log.cpp#33,consumers,Code/Legacy/CrySystem/Log.cpp,465,1,484,1,Use an equivalent AZ/AZStd contract or remove a proven dead dependency.,See CryCommonMigrationValidation.md and category tests.,accept,pending frozen-SHA signoff,pending frozen-SHA signoff
Code/Legacy/CrySystem/Log.cpp#34,consumers,Code/Legacy/CrySystem/Log.cpp,516,1,535,1,Use an equivalent AZ/AZStd contract or remove a proven dead dependency.,See CryCommonMigrationValidation.md and category tests.,accept,pending frozen-SHA signoff,pending frozen-SHA signoff
Code/Legacy/CrySystem/Log.cpp#35,consumers,Code/Legacy/CrySystem/Log.cpp,524,1,543,1,Use an equivalent AZ/AZStd contract or remove a proven dead dependency.,See CryCommonMigrationValidation.md and category tests.,accept,pending frozen-SHA signoff,pending frozen-SHA signoff
Code/Legacy/CrySystem/Log.cpp#36,consumers,Code/Legacy/CrySystem/Log.cpp,576,1,595,2,Use an equivalent AZ/AZStd contract or remove a proven dead dependency.,See CryCommonMigrationValidation.md and category tests.,accept,pending frozen-SHA signoff,pending frozen-SHA signoff
Code/Legacy/CrySystem/Log.cpp#37,consumers,Code/Legacy/CrySystem/Log.cpp,635,1,655,1,Use an equivalent AZ/AZStd contract or remove a proven dead dependency.,See CryCommonMigrationValidation.md and category tests.,accept,pending frozen-SHA signoff,pending frozen-SHA signoff
Code/Legacy/CrySystem/Log.cpp#38,consumers,Code/Legacy/CrySystem/Log.cpp,689,2,709,1,Use an equivalent AZ/AZStd contract or remove a proven dead dependency.,See CryCommonMigrationValidation.md and category tests.,accept,pending frozen-SHA signoff,pending frozen-SHA signoff
Code/Legacy/CrySystem/Log.cpp#39,consumers,Code/Legacy/CrySystem/Log.cpp,717,2,736,2,Use an equivalent AZ/AZStd contract or remove a proven dead dependency.,See CryCommonMigrationValidation.md and category tests.,accept,pending frozen-SHA signoff,pending frozen-SHA signoff
Code/Legacy/CrySystem/Log.cpp#40,consumers,Code/Legacy/CrySystem/Log.cpp,753,2,772,1,Use an equivalent AZ/AZStd contract or remove a proven dead dependency.,See CryCommonMigrationValidation.md and category tests.,accept,pending frozen-SHA signoff,pending frozen-SHA signoff
Code/Legacy/CrySystem/Log.cpp#41,consumers,Code/Legacy/CrySystem/Log.cpp,796,1,813,0,Use an equivalent AZ/AZStd contract or remove a proven dead dependency.,See CryCommonMigrationValidation.md and category tests.,accept,pending frozen-SHA signoff,pending frozen-SHA signoff
Code/Legacy/CrySystem/Log.cpp#42,consumers,Code/Legacy/CrySystem/Log.cpp,841,2,858,2,Use an equivalent AZ/AZStd contract or remove a proven dead dependency.,See CryCommonMigrationValidation.md and category tests.,accept,pending frozen-SHA signoff,pending frozen-SHA signoff
Code/Legacy/CrySystem/Log.cpp#43,consumers,Code/Legacy/CrySystem/Log.cpp,924,1,941,1,Use an equivalent AZ/AZStd contract or remove a proven dead dependency.,See CryCommonMigrationValidation.md and category tests.,accept,pending frozen-SHA signoff,pending frozen-SHA signoff
Code/Legacy/CrySystem/Log.cpp#44,consumers,Code/Legacy/CrySystem/Log.cpp,956,1,973,1,Use an equivalent AZ/AZStd contract or remove a proven dead dependency.,See CryCommonMigrationValidation.md and category tests.,accept,pending frozen-SHA signoff,pending frozen-SHA signoff
Code/Legacy/CrySystem/Log.cpp#45,consumers,Code/Legacy/CrySystem/Log.cpp,974,1,991,1,Use an equivalent AZ/AZStd contract or remove a proven dead dependency.,See CryCommonMigrationValidation.md and category tests.,accept,pending frozen-SHA signoff,pending frozen-SHA signoff
Code/Legacy/CrySystem/Log.cpp#46,consumers,Code/Legacy/CrySystem/Log.cpp,978,1,995,1,Use an equivalent AZ/AZStd contract or remove a proven dead dependency.,See CryCommonMigrationValidation.md and category tests.,accept,pending frozen-SHA signoff,pending frozen-SHA signoff
Code/Legacy/CrySystem/Log.cpp#47,consumers,Code/Legacy/CrySystem/Log.cpp,980,1,997,1,Use an equivalent AZ/AZStd contract or remove a proven dead dependency.,See CryCommonMigrationValidation.md and category tests.,accept,pending frozen-SHA signoff,pending frozen-SHA signoff
Code/Legacy/CrySystem/Log.cpp#48,consumers,Code/Legacy/CrySystem/Log.cpp,1018,1,1035,1,Use an equivalent AZ/AZStd contract or remove a proven dead dependency.,See CryCommonMigrationValidation.md and category tests.,accept,pending frozen-SHA signoff,pending frozen-SHA signoff
Code/Legacy/CrySystem/Log.cpp#49,consumers,Code/Legacy/CrySystem/Log.cpp,1044,1,1061,1,Use an equivalent AZ/AZStd contract or remove a proven dead dependency.,See CryCommonMigrationValidation.md and category tests.,accept,pending frozen-SHA signoff,pending frozen-SHA signoff
Code/Legacy/CrySystem/Log.cpp#50,consumers,Code/Legacy/CrySystem/Log.cpp,1080,1,1097,1,Use an equivalent AZ/AZStd contract or remove a proven dead dependency.,See CryCommonMigrationValidation.md and category tests.,accept,pending frozen-SHA signoff,pending frozen-SHA signoff
Code/Legacy/CrySystem/Log.cpp#51,consumers,Code/Legacy/CrySystem/Log.cpp,1097,2,1113,0,Use an equivalent AZ/AZStd contract or remove a proven dead dependency.,See CryCommonMigrationValidation.md and category tests.,accept,pending frozen-SHA signoff,pending frozen-SHA signoff
Code/Legacy/CrySystem/Log.cpp#52,consumers,Code/Legacy/CrySystem/Log.cpp,1134,2,1149,2,Use an equivalent AZ/AZStd contract or remove a proven dead dependency.,See CryCommonMigrationValidation.md and category tests.,accept,pending frozen-SHA signoff,pending frozen-SHA signoff
Code/Legacy/CrySystem/Log.cpp#53,consumers,Code/Legacy/CrySystem/Log.cpp,1176,1,1191,1,Use an equivalent AZ/AZStd contract or remove a proven dead dependency.,See CryCommonMigrationValidation.md and category tests.,accept,pending frozen-SHA signoff,pending frozen-SHA signoff
Code/Legacy/CrySystem/Log.cpp#54,consumers,Code/Legacy/CrySystem/Log.cpp,1212,1,1227,2,Use an equivalent AZ/AZStd contract or remove a proven dead dependency.,See CryCommonMigrationValidation.md and category tests.,accept,pending frozen-SHA signoff,pending frozen-SHA signoff
Code/Legacy/CrySystem/Log.cpp#55,consumers,Code/Legacy/CrySystem/Log.cpp,1254,3,1270,1,Use an equivalent AZ/AZStd contract or remove a proven dead dependency.,See CryCommonMigrationValidation.md and category tests.,accept,pending frozen-SHA signoff,pending frozen-SHA signoff
Code/Legacy/CrySystem/Log.cpp#56,consumers,Code/Legacy/CrySystem/Log.cpp,1295,1,1309,1,Use an equivalent AZ/AZStd contract or remove a proven dead dependency.,See CryCommonMigrationValidation.md and category tests.,accept,pending frozen-SHA signoff,pending frozen-SHA signoff
Code/Legacy/CrySystem/Log.cpp#57,consumers,Code/Legacy/CrySystem/Log.cpp,1305,1,1318,0,Use an equivalent AZ/AZStd contract or remove a proven dead dependency.,See CryCommonMigrationValidation.md and category tests.,accept,pending frozen-SHA signoff,pending frozen-SHA signoff
Code/Legacy/CrySystem/Log.cpp#58,consumers,Code/Legacy/CrySystem/Log.cpp,1371,1,1384,1,Use an equivalent AZ/AZStd contract or remove a proven dead dependency.,See CryCommonMigrationValidation.md and category tests.,accept,pending frozen-SHA signoff,pending frozen-SHA signoff
Code/Legacy/CrySystem/Log.cpp#59,consumers,Code/Legacy/CrySystem/Log.cpp,1397,1,1410,1,Use an equivalent AZ/AZStd contract or remove a proven dead dependency.,See CryCommonMigrationValidation.md and category tests.,accept,pending frozen-SHA signoff,pending frozen-SHA signoff
Code/Legacy/CrySystem/Log.cpp#60,consumers,Code/Legacy/CrySystem/Log.cpp,1405,1,1418,1,Use an equivalent AZ/AZStd contract or remove a proven dead dependency.,See CryCommonMigrationValidation.md and category tests.,accept,pending frozen-SHA signoff,pending frozen-SHA signoff
Code/Legacy/CrySystem/Log.cpp#61,consumers,Code/Legacy/CrySystem/Log.cpp,1431,1,1444,1,Use an equivalent AZ/AZStd contract or remove a proven dead dependency.,See CryCommonMigrationValidation.md and category tests.,accept,pending frozen-SHA signoff,pending frozen-SHA signoff
Code/Legacy/CrySystem/Log.cpp#62,consumers,Code/Legacy/CrySystem/Log.cpp,1494,1,1507,1,Use an equivalent AZ/AZStd contract or remove a proven dead dependency.,See CryCommonMigrationValidation.md and category tests.,accept,pending frozen-SHA signoff,pending frozen-SHA signoff
Code/Legacy/CrySystem/Log.cpp#63,consumers,Code/Legacy/CrySystem/Log.cpp,1549,2,1562,5,Use an equivalent AZ/AZStd contract or remove a proven dead dependency.,See CryCommonMigrationValidation.md and category tests.,accept,pending frozen-SHA signoff,pending frozen-SHA signoff
Code/Legacy/CrySystem/Log.cpp#64,consumers,Code/Legacy/CrySystem/Log.cpp,1552,5,1568,5,Use an equivalent AZ/AZStd contract or remove a proven dead dependency.,See CryCommonMigrationValidation.md and category tests.,accept,pending frozen-SHA signoff,pending frozen-SHA signoff
Code/Legacy/CrySystem/Log.cpp#65,consumers,Code/Legacy/CrySystem/Log.cpp,1558,3,1574,3,Use an equivalent AZ/AZStd contract or remove a proven dead dependency.,See CryCommonMigrationValidation.md and category tests.,accept,pending frozen-SHA signoff,pending frozen-SHA signoff
Code/Legacy/CrySystem/Log.cpp#66,consumers,Code/Legacy/CrySystem/Log.cpp,1563,1,1579,1,Use an equivalent AZ/AZStd contract or remove a proven dead dependency.,See CryCommonMigrationValidation.md and category tests.,accept,pending frozen-SHA signoff,pending frozen-SHA signoff
Code/Legacy/CrySystem/Log.cpp#67,consumers,Code/Legacy/CrySystem/Log.cpp,1568,1,1584,5,Use an equivalent AZ/AZStd contract or remove a proven dead dependency.,See CryCommonMigrationValidation.md and category tests.,accept,pending frozen-SHA signoff,pending frozen-SHA signoff
Code/Legacy/CrySystem/Log.cpp#68,consumers,Code/Legacy/CrySystem/Log.cpp,1579,1,1599,1,Use an equivalent AZ/AZStd contract or remove a proven dead dependency.,See CryCommonMigrationValidation.md and category tests.,accept,pending frozen-SHA signoff,pending frozen-SHA signoff
Code/Legacy/CrySystem/Log.cpp#69,consumers,Code/Legacy/CrySystem/Log.cpp,1672,2,1692,2,Use an equivalent AZ/AZStd contract or remove a proven dead dependency.,See CryCommonMigrationValidation.md and category tests.,accept,pending frozen-SHA signoff,pending frozen-SHA signoff
Code/Legacy/CrySystem/Log.cpp#70,consumers,Code/Legacy/CrySystem/Log.cpp,1680,1,1699,0,Use an equivalent AZ/AZStd contract or remove a proven dead dependency.,See CryCommonMigrationValidation.md and category tests.,accept,pending frozen-SHA signoff,pending frozen-SHA signoff
Code/Legacy/CrySystem/Log.cpp#71,consumers,Code/Legacy/CrySystem/Log.cpp,1684,1,1703,4,Use an equivalent AZ/AZStd contract or remove a proven dead dependency.,See CryCommonMigrationValidation.md and category tests.,accept,pending frozen-SHA signoff,pending frozen-SHA signoff
Code/Legacy/CrySystem/Log.cpp#72,consumers,Code/Legacy/CrySystem/Log.cpp,1700,1,1722,2,Use an equivalent AZ/AZStd contract or remove a proven dead dependency.,See CryCommonMigrationValidation.md and category tests.,accept,pending frozen-SHA signoff,pending frozen-SHA signoff
Code/Legacy/CrySystem/Log.cpp#73,consumers,Code/Legacy/CrySystem/Log.cpp,1723,1,1746,1,Use an equivalent AZ/AZStd contract or remove a proven dead dependency.,See CryCommonMigrationValidation.md and category tests.,accept,pending frozen-SHA signoff,pending frozen-SHA signoff
Code/Legacy/CrySystem/Log.h#1,consumers,Code/Legacy/CrySystem/Log.h,9,1,8,0,Use an equivalent AZ/AZStd contract or remove a proven dead dependency.,See CryCommonMigrationValidation.md and category tests.,accept,pending frozen-SHA signoff,pending frozen-SHA signoff
Code/Legacy/CrySystem/Log.h#2,consumers,Code/Legacy/CrySystem/Log.h,11,0,11,2,Use an equivalent AZ/AZStd contract or remove a proven dead dependency.,See CryCommonMigrationValidation.md and category tests.,accept,pending frozen-SHA signoff,pending frozen-SHA signoff
Code/Legacy/CrySystem/Log.h#3,consumers,Code/Legacy/CrySystem/Log.h,12,0,14,1,Use an equivalent AZ/AZStd contract or remove a proven dead dependency.,See CryCommonMigrationValidation.md and category tests.,accept,pending frozen-SHA signoff,pending frozen-SHA signoff
Code/Legacy/CrySystem/Log.h#4,consumers,Code/Legacy/CrySystem/Log.h,15,2,16,0,Use an equivalent AZ/AZStd contract or remove a proven dead dependency.,See CryCommonMigrationValidation.md and category tests.,accept,pending frozen-SHA signoff,pending frozen-SHA signoff
Code/Legacy/CrySystem/Log.h#5,consumers,Code/Legacy/CrySystem/Log.h,18,0,19,1,Use an equivalent AZ/AZStd contract or remove a proven dead dependency.,See CryCommonMigrationValidation.md and category tests.,accept,pending frozen-SHA signoff,pending frozen-SHA signoff
Code/Legacy/CrySystem/Log.h#6,consumers,Code/Legacy/CrySystem/Log.h,24,1,25,1,Use an equivalent AZ/AZStd contract or remove a proven dead dependency.,See CryCommonMigrationValidation.md and category tests.,accept,pending frozen-SHA signoff,pending frozen-SHA signoff
Code/Legacy/CrySystem/Log.h#7,consumers,Code/Legacy/CrySystem/Log.h,32,1,33,1,Use an equivalent AZ/AZStd contract or remove a proven dead dependency.,See CryCommonMigrationValidation.md and category tests.,accept,pending frozen-SHA signoff,pending frozen-SHA signoff
Code/Legacy/CrySystem/Log.h#8,consumers,Code/Legacy/CrySystem/Log.h,34,1,35,1,Use an equivalent AZ/AZStd contract or remove a proven dead dependency.,See CryCommonMigrationValidation.md and category tests.,accept,pending frozen-SHA signoff,pending frozen-SHA signoff
Code/Legacy/CrySystem/Log.h#9,consumers,Code/Legacy/CrySystem/Log.h,38,1,38,0,Use an equivalent AZ/AZStd contract or remove a proven dead dependency.,See CryCommonMigrationValidation.md and category tests.,accept,pending frozen-SHA signoff,pending frozen-SHA signoff
Code/Legacy/CrySystem/Log.h#10,consumers,Code/Legacy/CrySystem/Log.h,40,2,40,1,Use an equivalent AZ/AZStd contract or remove a proven dead dependency.,See CryCommonMigrationValidation.md and category tests.,accept,pending frozen-SHA signoff,pending frozen-SHA signoff
Code/Legacy/CrySystem/Log.h#11,consumers,Code/Legacy/CrySystem/Log.h,52,1,50,0,Use an equivalent AZ/AZStd contract or remove a proven dead dependency.,See CryCommonMigrationValidation.md and category tests.,accept,pending frozen-SHA signoff,pending frozen-SHA signoff
Code/Legacy/CrySystem/Log.h#12,consumers,Code/Legacy/CrySystem/Log.h,55,1,53,4,Use an equivalent AZ/AZStd contract or remove a proven dead dependency.,See CryCommonMigrationValidation.md and category tests.,accept,pending frozen-SHA signoff,pending frozen-SHA signoff
Code/Legacy/CrySystem/Log.h#13,consumers,Code/Legacy/CrySystem/Log.h,66,1,67,1,Use an equivalent AZ/AZStd contract or remove a proven dead dependency.,See CryCommonMigrationValidation.md and category tests.,accept,pending frozen-SHA signoff,pending frozen-SHA signoff
Code/Legacy/CrySystem/Log.h#14,consumers,Code/Legacy/CrySystem/Log.h,73,9,74,27,Use an equivalent AZ/AZStd contract or remove a proven dead dependency.,See CryCommonMigrationValidation.md and category tests.,accept,pending frozen-SHA signoff,pending frozen-SHA signoff
Code/Legacy/CrySystem/Log.h#15,consumers,Code/Legacy/CrySystem/Log.h,85,1,104,1,Use an equivalent AZ/AZStd contract or remove a proven dead dependency.,See CryCommonMigrationValidation.md and category tests.,accept,pending frozen-SHA signoff,pending frozen-SHA signoff
Code/Legacy/CrySystem/Log.h#16,consumers,Code/Legacy/CrySystem/Log.h,103,1,122,1,Use an equivalent AZ/AZStd contract or remove a proven dead dependency.,See CryCommonMigrationValidation.md and category tests.,accept,pending frozen-SHA signoff,pending frozen-SHA signoff
Code/Legacy/CrySystem/Log.h#17,consumers,Code/Legacy/CrySystem/Log.h,110,1,129,1,Use an equivalent AZ/AZStd contract or remove a proven dead dependency.,See CryCommonMigrationValidation.md and category tests.,accept,pending frozen-SHA signoff,pending frozen-SHA signoff
Code/Legacy/CrySystem/Log.h#18,consumers,Code/Legacy/CrySystem/Log.h,119,1,138,5,Use an equivalent AZ/AZStd contract or remove a proven dead dependency.,See CryCommonMigrationValidation.md and category tests.,accept,pending frozen-SHA signoff,pending frozen-SHA signoff
Code/Legacy/CrySystem/Log.h#19,consumers,Code/Legacy/CrySystem/Log.h,121,1,144,2,Use an equivalent AZ/AZStd contract or remove a proven dead dependency.,See CryCommonMigrationValidation.md and category tests.,accept,pending frozen-SHA signoff,pending frozen-SHA signoff
Code/Legacy/CrySystem/Log.h#20,consumers,Code/Legacy/CrySystem/Log.h,135,3,159,9,Use an equivalent AZ/AZStd contract or remove a proven dead dependency.,See CryCommonMigrationValidation.md and category tests.,accept,pending frozen-SHA signoff,pending frozen-SHA signoff
Code/Legacy/CrySystem/Log.h#21,consumers,Code/Legacy/CrySystem/Log.h,155,4,185,4,Use an equivalent AZ/AZStd contract or remove a proven dead dependency.,See CryCommonMigrationValidation.md and category tests.,accept,pending frozen-SHA signoff,pending frozen-SHA signoff
Code/Legacy/CrySystem/Log.h#22,consumers,Code/Legacy/CrySystem/Log.h,164,2,194,2,Use an equivalent AZ/AZStd contract or remove a proven dead dependency.,See CryCommonMigrationValidation.md and category tests.,accept,pending frozen-SHA signoff,pending frozen-SHA signoff
Code/Legacy/CrySystem/Log.h#23,consumers,Code/Legacy/CrySystem/Log.h,179,1,209,1,Use an equivalent AZ/AZStd contract or remove a proven dead dependency.,See CryCommonMigrationValidation.md and category tests.,accept,pending frozen-SHA signoff,pending frozen-SHA signoff
Code/Legacy/CrySystem/Log.h#24,consumers,Code/Legacy/CrySystem/Log.h,205,7,235,7,Use an equivalent AZ/AZStd contract or remove a proven dead dependency.,See CryCommonMigrationValidation.md and category tests.,accept,pending frozen-SHA signoff,pending frozen-SHA signoff
Code/Legacy/CrySystem/Log.h#25,consumers,Code/Legacy/CrySystem/Log.h,213,2,243,2,Use an equivalent AZ/AZStd contract or remove a proven dead dependency.,See CryCommonMigrationValidation.md and category tests.,accept,pending frozen-SHA signoff,pending frozen-SHA signoff
Code/Legacy/CrySystem/RemoteConsole/RemoteConsole.h#1,consumers,Code/Legacy/CrySystem/RemoteConsole/RemoteConsole.h,11,1,10,0,Use an equivalent AZ/AZStd contract or remove a proven dead dependency.,See CryCommonMigrationValidation.md and category tests.,accept,pending frozen-SHA signoff,pending frozen-SHA signoff
Code/Legacy/CrySystem/SimpleStringPool.h#1,consumers,Code/Legacy/CrySystem/SimpleStringPool.h,12,1,12,1,Use an equivalent AZ/AZStd contract or remove a proven dead dependency.,See CryCommonMigrationValidation.md and category tests.,accept,pending frozen-SHA signoff,pending frozen-SHA signoff
Code/Legacy/CrySystem/SimpleStringPool.h#2,consumers,Code/Legacy/CrySystem/SimpleStringPool.h,39,2,39,1,Use an equivalent AZ/AZStd contract or remove a proven dead dependency.,See CryCommonMigrationValidation.md and category tests.,accept,pending frozen-SHA signoff,pending frozen-SHA signoff
Code/Legacy/CrySystem/SimpleStringPool.h#3,consumers,Code/Legacy/CrySystem/SimpleStringPool.h,42,2,41,10,Use an equivalent AZ/AZStd contract or remove a proven dead dependency.,See CryCommonMigrationValidation.md and category tests.,accept,pending frozen-SHA signoff,pending frozen-SHA signoff
Code/Legacy/CrySystem/SimpleStringPool.h#4,consumers,Code/Legacy/CrySystem/SimpleStringPool.h,73,1,80,1,Use an equivalent AZ/AZStd contract or remove a proven dead dependency.,See CryCommonMigrationValidation.md and category tests.,accept,pending frozen-SHA signoff,pending frozen-SHA signoff
Code/Legacy/CrySystem/SimpleStringPool.h#5,consumers,Code/Legacy/CrySystem/SimpleStringPool.h,346,1,353,2,Use an equivalent AZ/AZStd contract or remove a proven dead dependency.,See CryCommonMigrationValidation.md and category tests.,accept,pending frozen-SHA signoff,pending frozen-SHA signoff
Code/Legacy/CrySystem/System.cpp#1,consumers,Code/Legacy/CrySystem/System.cpp,19,0,20,1,Use an equivalent AZ/AZStd contract or remove a proven dead dependency.,See CryCommonMigrationValidation.md and category tests.,accept,pending frozen-SHA signoff,pending frozen-SHA signoff
Code/Legacy/CrySystem/System.cpp#2,consumers,Code/Legacy/CrySystem/System.cpp,24,1,24,0,Use an equivalent AZ/AZStd contract or remove a proven dead dependency.,See CryCommonMigrationValidation.md and category tests.,accept,pending frozen-SHA signoff,pending frozen-SHA signoff
Code/Legacy/CrySystem/System.cpp#3,consumers,Code/Legacy/CrySystem/System.cpp,464,1,464,1,Use an equivalent AZ/AZStd contract or remove a proven dead dependency.,See CryCommonMigrationValidation.md and category tests.,accept,pending frozen-SHA signoff,pending frozen-SHA signoff
Code/Legacy/CrySystem/System.cpp#4,consumers,Code/Legacy/CrySystem/System.cpp,471,1,471,1,Use an equivalent AZ/AZStd contract or remove a proven dead dependency.,See CryCommonMigrationValidation.md and category tests.,accept,pending frozen-SHA signoff,pending frozen-SHA signoff
Code/Legacy/CrySystem/System.cpp#5,consumers,Code/Legacy/CrySystem/System.cpp,483,1,483,1,Use an equivalent AZ/AZStd contract or remove a proven dead dependency.,See CryCommonMigrationValidation.md and category tests.,accept,pending frozen-SHA signoff,pending frozen-SHA signoff
Code/Legacy/CrySystem/System.cpp#6,consumers,Code/Legacy/CrySystem/System.cpp,485,1,485,1,Use an equivalent AZ/AZStd contract or remove a proven dead dependency.,See CryCommonMigrationValidation.md and category tests.,accept,pending frozen-SHA signoff,pending frozen-SHA signoff
Code/Legacy/CrySystem/System.cpp#7,consumers,Code/Legacy/CrySystem/System.cpp,487,1,487,1,Use an equivalent AZ/AZStd contract or remove a proven dead dependency.,See CryCommonMigrationValidation.md and category tests.,accept,pending frozen-SHA signoff,pending frozen-SHA signoff
Code/Legacy/CrySystem/System.cpp#8,consumers,Code/Legacy/CrySystem/System.cpp,500,2,500,3,Use an equivalent AZ/AZStd contract or remove a proven dead dependency.,See CryCommonMigrationValidation.md and category tests.,accept,pending frozen-SHA signoff,pending frozen-SHA signoff
Code/Legacy/CrySystem/System.cpp#9,consumers,Code/Legacy/CrySystem/System.cpp,764,2,765,2,Use an equivalent AZ/AZStd contract or remove a proven dead dependency.,See CryCommonMigrationValidation.md and category tests.,accept,pending frozen-SHA signoff,pending frozen-SHA signoff
Code/Legacy/CrySystem/System.cpp#10,consumers,Code/Legacy/CrySystem/System.cpp,1253,1,1254,3,Use an equivalent AZ/AZStd contract or remove a proven dead dependency.,See CryCommonMigrationValidation.md and category tests.,accept,pending frozen-SHA signoff,pending frozen-SHA signoff
Code/Legacy/CrySystem/System.cpp#11,consumers,Code/Legacy/CrySystem/System.cpp,1264,1,1267,6,Use an equivalent AZ/AZStd contract or remove a proven dead dependency.,See CryCommonMigrationValidation.md and category tests.,accept,pending frozen-SHA signoff,pending frozen-SHA signoff
Code/Legacy/CrySystem/System.cpp#12,consumers,Code/Legacy/CrySystem/System.cpp,1433,1,1440,0,Use an equivalent AZ/AZStd contract or remove a proven dead dependency.,See CryCommonMigrationValidation.md and category tests.,accept,pending frozen-SHA signoff,pending frozen-SHA signoff
Code/Legacy/CrySystem/System.h#1,consumers,Code/Legacy/CrySystem/System.h,20,1,19,0,Use an equivalent AZ/AZStd contract or remove a proven dead dependency.,See CryCommonMigrationValidation.md and category tests.,accept,pending frozen-SHA signoff,pending frozen-SHA signoff
Code/Legacy/CrySystem/SystemInit.cpp#1,consumers,Code/Legacy/CrySystem/SystemInit.cpp,32,0,33,1,Use an equivalent AZ/AZStd contract or remove a proven dead dependency.,See CryCommonMigrationValidation.md and category tests.,accept,pending frozen-SHA signoff,pending frozen-SHA signoff
Code/Legacy/CrySystem/SystemInit.cpp#2,consumers,Code/Legacy/CrySystem/SystemInit.cpp,57,1,57,0,Use an equivalent AZ/AZStd contract or remove a proven dead dependency.,See CryCommonMigrationValidation.md and category tests.,accept,pending frozen-SHA signoff,pending frozen-SHA signoff
Code/Legacy/CrySystem/SystemInit.cpp#3,consumers,Code/Legacy/CrySystem/SystemInit.cpp,1458,1,1458,6,Use an equivalent AZ/AZStd contract or remove a proven dead dependency.,See CryCommonMigrationValidation.md and category tests.,accept,pending frozen-SHA signoff,pending frozen-SHA signoff
Code/Legacy/CrySystem/SystemInit.cpp#4,consumers,Code/Legacy/CrySystem/SystemInit.cpp,1463,1,1468,7,Use an equivalent AZ/AZStd contract or remove a proven dead dependency.,See CryCommonMigrationValidation.md and category tests.,accept,pending frozen-SHA signoff,pending frozen-SHA signoff
Code/Legacy/CrySystem/XConsole.cpp#1,consumers,Code/Legacy/CrySystem/XConsole.cpp,122,1,122,1,Use an equivalent AZ/AZStd contract or remove a proven dead dependency.,See CryCommonMigrationValidation.md and category tests.,accept,pending frozen-SHA signoff,pending frozen-SHA signoff
Code/Legacy/CrySystem/XConsole.cpp#2,consumers,Code/Legacy/CrySystem/XConsole.cpp,555,1,555,2,Use an equivalent AZ/AZStd contract or remove a proven dead dependency.,See CryCommonMigrationValidation.md and category tests.,accept,pending frozen-SHA signoff,pending frozen-SHA signoff
Code/Legacy/CrySystem/XConsole.cpp#3,consumers,Code/Legacy/CrySystem/XConsole.cpp,581,1,582,2,Use an equivalent AZ/AZStd contract or remove a proven dead dependency.,See CryCommonMigrationValidation.md and category tests.,accept,pending frozen-SHA signoff,pending frozen-SHA signoff
Code/Legacy/CrySystem/XConsole.cpp#4,consumers,Code/Legacy/CrySystem/XConsole.cpp,605,1,607,2,Use an equivalent AZ/AZStd contract or remove a proven dead dependency.,See CryCommonMigrationValidation.md and category tests.,accept,pending frozen-SHA signoff,pending frozen-SHA signoff
Code/Legacy/CrySystem/XConsole.cpp#5,consumers,Code/Legacy/CrySystem/XConsole.cpp,628,1,631,2,Use an equivalent AZ/AZStd contract or remove a proven dead dependency.,See CryCommonMigrationValidation.md and category tests.,accept,pending frozen-SHA signoff,pending frozen-SHA signoff
Code/Legacy/CrySystem/XConsole.cpp#6,consumers,Code/Legacy/CrySystem/XConsole.cpp,648,1,652,2,Use an equivalent AZ/AZStd contract or remove a proven dead dependency.,See CryCommonMigrationValidation.md and category tests.,accept,pending frozen-SHA signoff,pending frozen-SHA signoff
Code/Legacy/CrySystem/XConsole.cpp#7,consumers,Code/Legacy/CrySystem/XConsole.cpp,668,1,673,2,Use an equivalent AZ/AZStd contract or remove a proven dead dependency.,See CryCommonMigrationValidation.md and category tests.,accept,pending frozen-SHA signoff,pending frozen-SHA signoff
Code/Legacy/CrySystem/XConsole.cpp#8,consumers,Code/Legacy/CrySystem/XConsole.cpp,1873,1,1879,3,Use an equivalent AZ/AZStd contract or remove a proven dead dependency.,See CryCommonMigrationValidation.md and category tests.,accept,pending frozen-SHA signoff,pending frozen-SHA signoff
Code/Legacy/CrySystem/XConsole.h#1,consumers,Code/Legacy/CrySystem/XConsole.h,12,1,11,0,Use an equivalent AZ/AZStd contract or remove a proven dead dependency.,See CryCommonMigrationValidation.md and category tests.,accept,pending frozen-SHA signoff,pending frozen-SHA signoff
Code/Legacy/CrySystem/XConsole.h#2,consumers,Code/Legacy/CrySystem/XConsole.h,265,1,264,1,Use an equivalent AZ/AZStd contract or remove a proven dead dependency.,See CryCommonMigrationValidation.md and category tests.,accept,pending frozen-SHA signoff,pending frozen-SHA signoff
Code/Legacy/CrySystem/XML/SerializeXMLReader.h#1,serialization,Code/Legacy/CrySystem/XML/SerializeXMLReader.h,110,1,110,1,"Preserve reflected ids, legacy conversion behavior, and semantic asset values.",See CryCommonMigrationValidation.md and category tests.,accept,pending frozen-SHA signoff,pending frozen-SHA signoff
Code/Legacy/CrySystem/XML/SerializeXMLReader.h#2,serialization,Code/Legacy/CrySystem/XML/SerializeXMLReader.h,147,3,147,2,"Preserve reflected ids, legacy conversion behavior, and semantic asset values.",See CryCommonMigrationValidation.md and category tests.,accept,pending frozen-SHA signoff,pending frozen-SHA signoff
Code/Legacy/CrySystem/XML/SerializeXMLWriter.h#1,serialization,Code/Legacy/CrySystem/XML/SerializeXMLWriter.h,116,3,116,2,"Preserve reflected ids, legacy conversion behavior, and semantic asset values.",See CryCommonMigrationValidation.md and category tests.,accept,pending frozen-SHA signoff,pending frozen-SHA signoff
Code/Legacy/CrySystem/XML/XMLBinaryNode.cpp#1,consumers,Code/Legacy/CrySystem/XML/XMLBinaryNode.cpp,14,0,15,1,Use an equivalent AZ/AZStd contract or remove a proven dead dependency.,See CryCommonMigrationValidation.md and category tests.,accept,pending frozen-SHA signoff,pending frozen-SHA signoff
Code/Legacy/CrySystem/XML/XMLBinaryNode.cpp#2,consumers,Code/Legacy/CrySystem/XML/XMLBinaryNode.cpp,180,1,181,1,Use an equivalent AZ/AZStd contract or remove a proven dead dependency.,See CryCommonMigrationValidation.md and category tests.,accept,pending frozen-SHA signoff,pending frozen-SHA signoff
Code/Legacy/CrySystem/XML/XMLBinaryNode.cpp#3,consumers,Code/Legacy/CrySystem/XML/XMLBinaryNode.cpp,190,1,191,1,Use an equivalent AZ/AZStd contract or remove a proven dead dependency.,See CryCommonMigrationValidation.md and category tests.,accept,pending frozen-SHA signoff,pending frozen-SHA signoff
Code/Legacy/CrySystem/XML/XMLBinaryNode.cpp#4,consumers,Code/Legacy/CrySystem/XML/XMLBinaryNode.cpp,198,19,199,1,Use an equivalent AZ/AZStd contract or remove a proven dead dependency.,See CryCommonMigrationValidation.md and category tests.,accept,pending frozen-SHA signoff,pending frozen-SHA signoff
Code/Legacy/CrySystem/XML/XMLBinaryNode.cpp#5,consumers,Code/Legacy/CrySystem/XML/XMLBinaryNode.cpp,226,1,209,1,Use an equivalent AZ/AZStd contract or remove a proven dead dependency.,See CryCommonMigrationValidation.md and category tests.,accept,pending frozen-SHA signoff,pending frozen-SHA signoff
Code/Legacy/CrySystem/XML/XMLBinaryNode.cpp#6,consumers,Code/Legacy/CrySystem/XML/XMLBinaryNode.cpp,234,1,217,1,Use an equivalent AZ/AZStd contract or remove a proven dead dependency.,See CryCommonMigrationValidation.md and category tests.,accept,pending frozen-SHA signoff,pending frozen-SHA signoff
Code/Legacy/CrySystem/XML/XMLBinaryNode.cpp#7,consumers,Code/Legacy/CrySystem/XML/XMLBinaryNode.cpp,244,1,227,1,Use an equivalent AZ/AZStd contract or remove a proven dead dependency.,See CryCommonMigrationValidation.md and category tests.,accept,pending frozen-SHA signoff,pending frozen-SHA signoff
Code/Legacy/CrySystem/XML/XMLBinaryNode.h#1,consumers,Code/Legacy/CrySystem/XML/XMLBinaryNode.h,148,4,148,3,Use an equivalent AZ/AZStd contract or remove a proven dead dependency.,See CryCommonMigrationValidation.md and category tests.,accept,pending frozen-SHA signoff,pending frozen-SHA signoff
Code/Legacy/CrySystem/XML/XMLBinaryNode.h#2,consumers,Code/Legacy/CrySystem/XML/XMLBinaryNode.h,165,4,164,3,Use an equivalent AZ/AZStd contract or remove a proven dead dependency.,See CryCommonMigrationValidation.md and category tests.,accept,pending frozen-SHA signoff,pending frozen-SHA signoff
Code/Legacy/CrySystem/XML/XMLBinaryReader.cpp#1,consumers,Code/Legacy/CrySystem/XML/XMLBinaryReader.cpp,13,1,12,0,Use an equivalent AZ/AZStd contract or remove a proven dead dependency.,See CryCommonMigrationValidation.md and category tests.,accept,pending frozen-SHA signoff,pending frozen-SHA signoff
Code/Legacy/CrySystem/XML/xml.cpp#1,consumers,Code/Legacy/CrySystem/XML/xml.cpp,309,1,309,1,Use an equivalent AZ/AZStd contract or remove a proven dead dependency.,See CryCommonMigrationValidation.md and category tests.,accept,pending frozen-SHA signoff,pending frozen-SHA signoff
Code/Legacy/CrySystem/XML/xml.cpp#2,consumers,Code/Legacy/CrySystem/XML/xml.cpp,313,1,313,1,Use an equivalent AZ/AZStd contract or remove a proven dead dependency.,See CryCommonMigrationValidation.md and category tests.,accept,pending frozen-SHA signoff,pending frozen-SHA signoff
Code/Legacy/CrySystem/XML/xml.cpp#3,consumers,Code/Legacy/CrySystem/XML/xml.cpp,316,1,316,1,Use an equivalent AZ/AZStd contract or remove a proven dead dependency.,See CryCommonMigrationValidation.md and category tests.,accept,pending frozen-SHA signoff,pending frozen-SHA signoff
Code/Legacy/CrySystem/XML/xml.cpp#4,consumers,Code/Legacy/CrySystem/XML/xml.cpp,320,8,320,1,Use an equivalent AZ/AZStd contract or remove a proven dead dependency.,See CryCommonMigrationValidation.md and category tests.,accept,pending frozen-SHA signoff,pending frozen-SHA signoff
Code/Legacy/CrySystem/XML/xml.cpp#5,consumers,Code/Legacy/CrySystem/XML/xml.cpp,331,1,324,1,Use an equivalent AZ/AZStd contract or remove a proven dead dependency.,See CryCommonMigrationValidation.md and category tests.,accept,pending frozen-SHA signoff,pending frozen-SHA signoff
Code/Legacy/CrySystem/XML/xml.cpp#6,consumers,Code/Legacy/CrySystem/XML/xml.cpp,335,1,328,1,Use an equivalent AZ/AZStd contract or remove a proven dead dependency.,See CryCommonMigrationValidation.md and category tests.,accept,pending frozen-SHA signoff,pending frozen-SHA signoff
Code/Legacy/CrySystem/XML/xml.cpp#7,consumers,Code/Legacy/CrySystem/XML/xml.cpp,440,18,433,1,Use an equivalent AZ/AZStd contract or remove a proven dead dependency.,See CryCommonMigrationValidation.md and category tests.,accept,pending frozen-SHA signoff,pending frozen-SHA signoff
Code/Legacy/CrySystem/XML/xml.cpp#8,consumers,Code/Legacy/CrySystem/XML/xml.cpp,466,1,442,1,Use an equivalent AZ/AZStd contract or remove a proven dead dependency.,See CryCommonMigrationValidation.md and category tests.,accept,pending frozen-SHA signoff,pending frozen-SHA signoff
Code/Legacy/CrySystem/XML/xml.cpp#9,consumers,Code/Legacy/CrySystem/XML/xml.cpp,474,1,450,1,Use an equivalent AZ/AZStd contract or remove a proven dead dependency.,See CryCommonMigrationValidation.md and category tests.,accept,pending frozen-SHA signoff,pending frozen-SHA signoff
Code/Legacy/CrySystem/XML/xml.cpp#10,consumers,Code/Legacy/CrySystem/XML/xml.cpp,483,1,459,1,Use an equivalent AZ/AZStd contract or remove a proven dead dependency.,See CryCommonMigrationValidation.md and category tests.,accept,pending frozen-SHA signoff,pending frozen-SHA signoff
Code/Legacy/CrySystem/XML/xml.cpp#11,consumers,Code/Legacy/CrySystem/XML/xml.cpp,492,1,468,1,Use an equivalent AZ/AZStd contract or remove a proven dead dependency.,See CryCommonMigrationValidation.md and category tests.,accept,pending frozen-SHA signoff,pending frozen-SHA signoff
Code/Legacy/CrySystem/XML/xml.cpp#12,consumers,Code/Legacy/CrySystem/XML/xml.cpp,501,1,477,1,Use an equivalent AZ/AZStd contract or remove a proven dead dependency.,See CryCommonMigrationValidation.md and category tests.,accept,pending frozen-SHA signoff,pending frozen-SHA signoff
Code/Legacy/CrySystem/XML/xml.cpp#13,consumers,Code/Legacy/CrySystem/XML/xml.cpp,518,1,494,3,Use an equivalent AZ/AZStd contract or remove a proven dead dependency.,See CryCommonMigrationValidation.md and category tests.,accept,pending frozen-SHA signoff,pending frozen-SHA signoff
Code/Legacy/CrySystem/XML/xml.h#1,consumers,Code/Legacy/CrySystem/XML/xml.h,206,4,206,3,Use an equivalent AZ/AZStd contract or remove a proven dead dependency.,See CryCommonMigrationValidation.md and category tests.,accept,pending frozen-SHA signoff,pending frozen-SHA signoff
Code/Legacy/CrySystem/XML/xml.h#2,consumers,Code/Legacy/CrySystem/XML/xml.h,229,4,228,3,Use an equivalent AZ/AZStd contract or remove a proven dead dependency.,See CryCommonMigrationValidation.md and category tests.,accept,pending frozen-SHA signoff,pending frozen-SHA signoff
Code/Tools/LuaIDE/CMakeLists.txt#1,build dependencies,Code/Tools/LuaIDE/CMakeLists.txt,30,1,29,0,Remove only dependencies proven unused by no-unity compilation.,See CryCommonMigrationValidation.md and category tests.,accept,pending frozen-SHA signoff,pending frozen-SHA signoff
Code/Tools/LuaIDE/Source/LUA/LUAEditorContextInterface.h#1,consumers,Code/Tools/LuaIDE/Source/LUA/LUAEditorContextInterface.h,17,1,16,0,Use an equivalent AZ/AZStd contract or remove a proven dead dependency.,See CryCommonMigrationValidation.md and category tests.,accept,pending frozen-SHA signoff,pending frozen-SHA signoff
Code/Tools/RemoteConsole/Core/RemoteConsoleCore.cpp#1,consumers,Code/Tools/RemoteConsole/Core/RemoteConsoleCore.cpp,15,1,14,0,Use an equivalent AZ/AZStd contract or remove a proven dead dependency.,See CryCommonMigrationValidation.md and category tests.,accept,pending frozen-SHA signoff,pending frozen-SHA signoff
Code/Tools/RemoteConsole/Core/RemoteConsoleCore.h#1,consumers,Code/Tools/RemoteConsole/Core/RemoteConsoleCore.h,119,1,119,1,Use an equivalent AZ/AZStd contract or remove a proven dead dependency.,See CryCommonMigrationValidation.md and category tests.,accept,pending frozen-SHA signoff,pending frozen-SHA signoff
Gems/Atom/Asset/ImageProcessingAtom/Code/Source/Converters/Normalize.cpp#1,consumers,Gems/Atom/Asset/ImageProcessingAtom/Code/Source/Converters/Normalize.cpp,182,1,182,1,Use an equivalent AZ/AZStd contract or remove a proven dead dependency.,See CryCommonMigrationValidation.md and category tests.,accept,pending frozen-SHA signoff,pending frozen-SHA signoff
Gems/Atom/Asset/ImageProcessingAtom/Code/Source/Converters/Normalize.cpp#2,consumers,Gems/Atom/Asset/ImageProcessingAtom/Code/Source/Converters/Normalize.cpp,185,1,185,1,Use an equivalent AZ/AZStd contract or remove a proven dead dependency.,See CryCommonMigrationValidation.md and category tests.,accept,pending frozen-SHA signoff,pending frozen-SHA signoff
Gems/Atom/Asset/ImageProcessingAtom/Code/Source/Converters/Normalize.cpp#3,consumers,Gems/Atom/Asset/ImageProcessingAtom/Code/Source/Converters/Normalize.cpp,188,1,188,1,Use an equivalent AZ/AZStd contract or remove a proven dead dependency.,See CryCommonMigrationValidation.md and category tests.,accept,pending frozen-SHA signoff,pending frozen-SHA signoff
Gems/Atom/Asset/ImageProcessingAtom/Code/Source/Converters/Normalize.cpp#4,consumers,Gems/Atom/Asset/ImageProcessingAtom/Code/Source/Converters/Normalize.cpp,192,1,192,1,Use an equivalent AZ/AZStd contract or remove a proven dead dependency.,See CryCommonMigrationValidation.md and category tests.,accept,pending frozen-SHA signoff,pending frozen-SHA signoff
Gems/Atom/Asset/ImageProcessingAtom/Code/Source/Converters/Normalize.cpp#5,consumers,Gems/Atom/Asset/ImageProcessingAtom/Code/Source/Converters/Normalize.cpp,196,1,196,1,Use an equivalent AZ/AZStd contract or remove a proven dead dependency.,See CryCommonMigrationValidation.md and category tests.,accept,pending frozen-SHA signoff,pending frozen-SHA signoff
Gems/Atom/Asset/Shader/Code/CMakeLists.txt#1,build dependencies,Gems/Atom/Asset/Shader/Code/CMakeLists.txt,147,1,146,0,Remove only dependencies proven unused by no-unity compilation.,See CryCommonMigrationValidation.md and category tests.,accept,pending frozen-SHA signoff,pending frozen-SHA signoff
Gems/Atom/Bootstrap/Code/CMakeLists.txt#1,build dependencies,Gems/Atom/Bootstrap/Code/CMakeLists.txt,39,1,38,0,Remove only dependencies proven unused by no-unity compilation.,See CryCommonMigrationValidation.md and category tests.,accept,pending frozen-SHA signoff,pending frozen-SHA signoff
Gems/Atom/Bootstrap/Code/Source/BootstrapSystemComponent.cpp#1,consumers,Gems/Atom/Bootstrap/Code/Source/BootstrapSystemComponent.cpp,27,1,26,0,Use an equivalent AZ/AZStd contract or remove a proven dead dependency.,See CryCommonMigrationValidation.md and category tests.,accept,pending frozen-SHA signoff,pending frozen-SHA signoff
Gems/Atom/RPI/Code/CMakeLists.txt#1,build dependencies,Gems/Atom/RPI/Code/CMakeLists.txt,202,1,201,0,Remove only dependencies proven unused by no-unity compilation.,See CryCommonMigrationValidation.md and category tests.,accept,pending frozen-SHA signoff,pending frozen-SHA signoff
Gems/AtomLyIntegration/AtomBridge/Code/Source/AtomDebugDisplayViewportInterface.cpp#1,consumers,Gems/AtomLyIntegration/AtomBridge/Code/Source/AtomDebugDisplayViewportInterface.cpp,1118,1,1118,1,Use an equivalent AZ/AZStd contract or remove a proven dead dependency.,See CryCommonMigrationValidation.md and category tests.,accept,pending frozen-SHA signoff,pending frozen-SHA signoff
Gems/AtomLyIntegration/AtomFont/Code/CMakeLists.txt#1,build dependencies,Gems/AtomLyIntegration/AtomFont/Code/CMakeLists.txt,55,0,56,1,Remove only dependencies proven unused by no-unity compilation.,See CryCommonMigrationValidation.md and category tests.,accept,pending frozen-SHA signoff,pending frozen-SHA signoff
Gems/AtomLyIntegration/AtomFont/Code/CMakeLists.txt#2,build dependencies,Gems/AtomLyIntegration/AtomFont/Code/CMakeLists.txt,65,1,65,0,Remove only dependencies proven unused by no-unity compilation.,See CryCommonMigrationValidation.md and category tests.,accept,pending frozen-SHA signoff,pending frozen-SHA signoff
Gems/AtomLyIntegration/AtomFont/Code/Include/AtomLyIntegration/AtomFont/AtomFont.h#1,consumers,Gems/AtomLyIntegration/AtomFont/Code/Include/AtomLyIntegration/AtomFont/AtomFont.h,15,1,15,1,Use an equivalent AZ/AZStd contract or remove a proven dead dependency.,See CryCommonMigrationValidation.md and category tests.,accept,pending frozen-SHA signoff,pending frozen-SHA signoff
Gems/AtomLyIntegration/AtomFont/Code/Include/AtomLyIntegration/AtomFont/AtomFont.h#2,consumers,Gems/AtomLyIntegration/AtomFont/Code/Include/AtomLyIntegration/AtomFont/AtomFont.h,63,1,62,0,Use an equivalent AZ/AZStd contract or remove a proven dead dependency.,See CryCommonMigrationValidation.md and category tests.,accept,pending frozen-SHA signoff,pending frozen-SHA signoff
Gems/AtomLyIntegration/AtomFont/Code/Include/AtomLyIntegration/AtomFont/AtomNullFont.h#1,consumers,Gems/AtomLyIntegration/AtomFont/Code/Include/AtomLyIntegration/AtomFont/AtomNullFont.h,41,1,41,1,Use an equivalent AZ/AZStd contract or remove a proven dead dependency.,See CryCommonMigrationValidation.md and category tests.,accept,pending frozen-SHA signoff,pending frozen-SHA signoff
Gems/AtomLyIntegration/AtomFont/Code/Include/AtomLyIntegration/AtomFont/AtomNullFont.h#2,consumers,Gems/AtomLyIntegration/AtomFont/Code/Include/AtomLyIntegration/AtomFont/AtomNullFont.h,52,1,52,1,Use an equivalent AZ/AZStd contract or remove a proven dead dependency.,See CryCommonMigrationValidation.md and category tests.,accept,pending frozen-SHA signoff,pending frozen-SHA signoff
Gems/AtomLyIntegration/AtomFont/Code/Include/AtomLyIntegration/AtomFont/AtomNullFont.h#3,consumers,Gems/AtomLyIntegration/AtomFont/Code/Include/AtomLyIntegration/AtomFont/AtomNullFont.h,56,1,56,1,Use an equivalent AZ/AZStd contract or remove a proven dead dependency.,See CryCommonMigrationValidation.md and category tests.,accept,pending frozen-SHA signoff,pending frozen-SHA signoff
Gems/AtomLyIntegration/AtomFont/Code/Include/AtomLyIntegration/AtomFont/FFont.h#1,layout/fonts,Gems/AtomLyIntegration/AtomFont/Code/Include/AtomLyIntegration/AtomFont/FFont.h,9,1,8,0,"Preserve CPU/GPU size, alignment, offsets, strides, bytes, and text output.",See CryCommonMigrationValidation.md and category tests.,accept,pending frozen-SHA signoff,pending frozen-SHA signoff
Gems/AtomLyIntegration/AtomFont/Code/Include/AtomLyIntegration/AtomFont/FFont.h#2,layout/fonts,Gems/AtomLyIntegration/AtomFont/Code/Include/AtomLyIntegration/AtomFont/FFont.h,12,1,10,0,"Preserve CPU/GPU size, alignment, offsets, strides, bytes, and text output.",See CryCommonMigrationValidation.md and category tests.,accept,pending frozen-SHA signoff,pending frozen-SHA signoff
Gems/AtomLyIntegration/AtomFont/Code/Include/AtomLyIntegration/AtomFont/FFont.h#3,layout/fonts,Gems/AtomLyIntegration/AtomFont/Code/Include/AtomLyIntegration/AtomFont/FFont.h,15,1,12,0,"Preserve CPU/GPU size, alignment, offsets, strides, bytes, and text output.",See CryCommonMigrationValidation.md and category tests.,accept,pending frozen-SHA signoff,pending frozen-SHA signoff
Gems/AtomLyIntegration/AtomFont/Code/Include/AtomLyIntegration/AtomFont/FFont.h#4,layout/fonts,Gems/AtomLyIntegration/AtomFont/Code/Include/AtomLyIntegration/AtomFont/FFont.h,18,2,14,0,"Preserve CPU/GPU size, alignment, offsets, strides, bytes, and text output.",See CryCommonMigrationValidation.md and category tests.,accept,pending frozen-SHA signoff,pending frozen-SHA signoff
Gems/AtomLyIntegration/AtomFont/Code/Include/AtomLyIntegration/AtomFont/FFont.h#5,layout/fonts,Gems/AtomLyIntegration/AtomFont/Code/Include/AtomLyIntegration/AtomFont/FFont.h,20,0,16,2,"Preserve CPU/GPU size, alignment, offsets, strides, bytes, and text output.",See CryCommonMigrationValidation.md and category tests.,accept,pending frozen-SHA signoff,pending frozen-SHA signoff
Gems/AtomLyIntegration/AtomFont/Code/Include/AtomLyIntegration/AtomFont/FFont.h#6,layout/fonts,Gems/AtomLyIntegration/AtomFont/Code/Include/AtomLyIntegration/AtomFont/FFont.h,21,0,19,1,"Preserve CPU/GPU size, alignment, offsets, strides, bytes, and text output.",See CryCommonMigrationValidation.md and category tests.,accept,pending frozen-SHA signoff,pending frozen-SHA signoff
Gems/AtomLyIntegration/AtomFont/Code/Include/AtomLyIntegration/AtomFont/FFont.h#7,layout/fonts,Gems/AtomLyIntegration/AtomFont/Code/Include/AtomLyIntegration/AtomFont/FFont.h,24,1,21,0,"Preserve CPU/GPU size, alignment, offsets, strides, bytes, and text output.",See CryCommonMigrationValidation.md and category tests.,accept,pending frozen-SHA signoff,pending frozen-SHA signoff
Gems/AtomLyIntegration/AtomFont/Code/Include/AtomLyIntegration/AtomFont/FFont.h#8,layout/fonts,Gems/AtomLyIntegration/AtomFont/Code/Include/AtomLyIntegration/AtomFont/FFont.h,27,0,25,1,"Preserve CPU/GPU size, alignment, offsets, strides, bytes, and text output.",See CryCommonMigrationValidation.md and category tests.,accept,pending frozen-SHA signoff,pending frozen-SHA signoff
Gems/AtomLyIntegration/AtomFont/Code/Include/AtomLyIntegration/AtomFont/FFont.h#9,layout/fonts,Gems/AtomLyIntegration/AtomFont/Code/Include/AtomLyIntegration/AtomFont/FFont.h,30,1,27,0,"Preserve CPU/GPU size, alignment, offsets, strides, bytes, and text output.",See CryCommonMigrationValidation.md and category tests.,accept,pending frozen-SHA signoff,pending frozen-SHA signoff
Gems/AtomLyIntegration/AtomFont/Code/Include/AtomLyIntegration/AtomFont/FFont.h#10,layout/fonts,Gems/AtomLyIntegration/AtomFont/Code/Include/AtomLyIntegration/AtomFont/FFont.h,48,1,45,1,"Preserve CPU/GPU size, alignment, offsets, strides, bytes, and text output.",See CryCommonMigrationValidation.md and category tests.,accept,pending frozen-SHA signoff,pending frozen-SHA signoff
Gems/AtomLyIntegration/AtomFont/Code/Include/AtomLyIntegration/AtomFont/FFont.h#11,layout/fonts,Gems/AtomLyIntegration/AtomFont/Code/Include/AtomLyIntegration/AtomFont/FFont.h,63,0,61,1,"Preserve CPU/GPU size, alignment, offsets, strides, bytes, and text output.",See CryCommonMigrationValidation.md and category tests.,accept,pending frozen-SHA signoff,pending frozen-SHA signoff
Gems/AtomLyIntegration/AtomFont/Code/Include/AtomLyIntegration/AtomFont/FFont.h#12,layout/fonts,Gems/AtomLyIntegration/AtomFont/Code/Include/AtomLyIntegration/AtomFont/FFont.h,68,4,66,4,"Preserve CPU/GPU size, alignment, offsets, strides, bytes, and text output.",See CryCommonMigrationValidation.md and category tests.,accept,pending frozen-SHA signoff,pending frozen-SHA signoff
Gems/AtomLyIntegration/AtomFont/Code/Include/AtomLyIntegration/AtomFont/FFont.h#13,layout/fonts,Gems/AtomLyIntegration/AtomFont/Code/Include/AtomLyIntegration/AtomFont/FFont.h,78,1,76,1,"Preserve CPU/GPU size, alignment, offsets, strides, bytes, and text output.",See CryCommonMigrationValidation.md and category tests.,accept,pending frozen-SHA signoff,pending frozen-SHA signoff
Gems/AtomLyIntegration/AtomFont/Code/Include/AtomLyIntegration/AtomFont/FFont.h#14,layout/fonts,Gems/AtomLyIntegration/AtomFont/Code/Include/AtomLyIntegration/AtomFont/FFont.h,84,3,82,3,"Preserve CPU/GPU size, alignment, offsets, strides, bytes, and text output.",See CryCommonMigrationValidation.md and category tests.,accept,pending frozen-SHA signoff,pending frozen-SHA signoff
Gems/AtomLyIntegration/AtomFont/Code/Include/AtomLyIntegration/AtomFont/FFont.h#15,layout/fonts,Gems/AtomLyIntegration/AtomFont/Code/Include/AtomLyIntegration/AtomFont/FFont.h,94,1,92,3,"Preserve CPU/GPU size, alignment, offsets, strides, bytes, and text output.",See CryCommonMigrationValidation.md and category tests.,accept,pending frozen-SHA signoff,pending frozen-SHA signoff
Gems/AtomLyIntegration/AtomFont/Code/Include/AtomLyIntegration/AtomFont/FFont.h#16,layout/fonts,Gems/AtomLyIntegration/AtomFont/Code/Include/AtomLyIntegration/AtomFont/FFont.h,102,2,102,2,"Preserve CPU/GPU size, alignment, offsets, strides, bytes, and text output.",See CryCommonMigrationValidation.md and category tests.,accept,pending frozen-SHA signoff,pending frozen-SHA signoff
Gems/AtomLyIntegration/AtomFont/Code/Include/AtomLyIntegration/AtomFont/FFont.h#17,layout/fonts,Gems/AtomLyIntegration/AtomFont/Code/Include/AtomLyIntegration/AtomFont/FFont.h,145,1,145,8,"Preserve CPU/GPU size, alignment, offsets, strides, bytes, and text output.",See CryCommonMigrationValidation.md and category tests.,accept,pending frozen-SHA signoff,pending frozen-SHA signoff
Gems/AtomLyIntegration/AtomFont/Code/Include/AtomLyIntegration/AtomFont/FFont.h#18,layout/fonts,Gems/AtomLyIntegration/AtomFont/Code/Include/AtomLyIntegration/AtomFont/FFont.h,150,1,157,1,"Preserve CPU/GPU size, alignment, offsets, strides, bytes, and text output.",See CryCommonMigrationValidation.md and category tests.,accept,pending frozen-SHA signoff,pending frozen-SHA signoff
Gems/AtomLyIntegration/AtomFont/Code/Include/AtomLyIntegration/AtomFont/FFont.h#19,layout/fonts,Gems/AtomLyIntegration/AtomFont/Code/Include/AtomLyIntegration/AtomFont/FFont.h,157,1,164,1,"Preserve CPU/GPU size, alignment, offsets, strides, bytes, and text output.",See CryCommonMigrationValidation.md and category tests.,accept,pending frozen-SHA signoff,pending frozen-SHA signoff
Gems/AtomLyIntegration/AtomFont/Code/Include/AtomLyIntegration/AtomFont/FFont.h#20,layout/fonts,Gems/AtomLyIntegration/AtomFont/Code/Include/AtomLyIntegration/AtomFont/FFont.h,159,2,166,3,"Preserve CPU/GPU size, alignment, offsets, strides, bytes, and text output.",See CryCommonMigrationValidation.md and category tests.,accept,pending frozen-SHA signoff,pending frozen-SHA signoff
Gems/AtomLyIntegration/AtomFont/Code/Include/AtomLyIntegration/AtomFont/FFont.h#21,layout/fonts,Gems/AtomLyIntegration/AtomFont/Code/Include/AtomLyIntegration/AtomFont/FFont.h,166,2,174,14,"Preserve CPU/GPU size, alignment, offsets, strides, bytes, and text output.",See CryCommonMigrationValidation.md and category tests.,accept,pending frozen-SHA signoff,pending frozen-SHA signoff
Gems/AtomLyIntegration/AtomFont/Code/Include/AtomLyIntegration/AtomFont/FFont.h#22,layout/fonts,Gems/AtomLyIntegration/AtomFont/Code/Include/AtomLyIntegration/AtomFont/FFont.h,172,3,192,1,"Preserve CPU/GPU size, alignment, offsets, strides, bytes, and text output.",See CryCommonMigrationValidation.md and category tests.,accept,pending frozen-SHA signoff,pending frozen-SHA signoff
Gems/AtomLyIntegration/AtomFont/Code/Include/AtomLyIntegration/AtomFont/FFont.h#23,layout/fonts,Gems/AtomLyIntegration/AtomFont/Code/Include/AtomLyIntegration/AtomFont/FFont.h,176,3,194,1,"Preserve CPU/GPU size, alignment, offsets, strides, bytes, and text output.",See CryCommonMigrationValidation.md and category tests.,accept,pending frozen-SHA signoff,pending frozen-SHA signoff
Gems/AtomLyIntegration/AtomFont/Code/Include/AtomLyIntegration/AtomFont/FFont.h#24,layout/fonts,Gems/AtomLyIntegration/AtomFont/Code/Include/AtomLyIntegration/AtomFont/FFont.h,180,3,196,1,"Preserve CPU/GPU size, alignment, offsets, strides, bytes, and text output.",See CryCommonMigrationValidation.md and category tests.,accept,pending frozen-SHA signoff,pending frozen-SHA signoff
Gems/AtomLyIntegration/AtomFont/Code/Include/AtomLyIntegration/AtomFont/FFont.h#25,layout/fonts,Gems/AtomLyIntegration/AtomFont/Code/Include/AtomLyIntegration/AtomFont/FFont.h,187,2,201,8,"Preserve CPU/GPU size, alignment, offsets, strides, bytes, and text output.",See CryCommonMigrationValidation.md and category tests.,accept,pending frozen-SHA signoff,pending frozen-SHA signoff
Gems/AtomLyIntegration/AtomFont/Code/Include/AtomLyIntegration/AtomFont/FFont.h#26,layout/fonts,Gems/AtomLyIntegration/AtomFont/Code/Include/AtomLyIntegration/AtomFont/FFont.h,193,1,213,4,"Preserve CPU/GPU size, alignment, offsets, strides, bytes, and text output.",See CryCommonMigrationValidation.md and category tests.,accept,pending frozen-SHA signoff,pending frozen-SHA signoff
Gems/AtomLyIntegration/AtomFont/Code/Include/AtomLyIntegration/AtomFont/FFont.h#27,layout/fonts,Gems/AtomLyIntegration/AtomFont/Code/Include/AtomLyIntegration/AtomFont/FFont.h,202,7,225,7,"Preserve CPU/GPU size, alignment, offsets, strides, bytes, and text output.",See CryCommonMigrationValidation.md and category tests.,accept,pending frozen-SHA signoff,pending frozen-SHA signoff
Gems/AtomLyIntegration/AtomFont/Code/Include/AtomLyIntegration/AtomFont/FFont.h#28,layout/fonts,Gems/AtomLyIntegration/AtomFont/Code/Include/AtomLyIntegration/AtomFont/FFont.h,210,2,233,4,"Preserve CPU/GPU size, alignment, offsets, strides, bytes, and text output.",See CryCommonMigrationValidation.md and category tests.,accept,pending frozen-SHA signoff,pending frozen-SHA signoff
Gems/AtomLyIntegration/AtomFont/Code/Include/AtomLyIntegration/AtomFont/FFont.h#29,layout/fonts,Gems/AtomLyIntegration/AtomFont/Code/Include/AtomLyIntegration/AtomFont/FFont.h,215,1,240,10,"Preserve CPU/GPU size, alignment, offsets, strides, bytes, and text output.",See CryCommonMigrationValidation.md and category tests.,accept,pending frozen-SHA signoff,pending frozen-SHA signoff
Gems/AtomLyIntegration/AtomFont/Code/Include/AtomLyIntegration/AtomFont/FFont.h#30,layout/fonts,Gems/AtomLyIntegration/AtomFont/Code/Include/AtomLyIntegration/AtomFont/FFont.h,220,1,254,1,"Preserve CPU/GPU size, alignment, offsets, strides, bytes, and text output.",See CryCommonMigrationValidation.md and category tests.,accept,pending frozen-SHA signoff,pending frozen-SHA signoff
Gems/AtomLyIntegration/AtomFont/Code/Include/AtomLyIntegration/AtomFont/FFont.h#31,layout/fonts,Gems/AtomLyIntegration/AtomFont/Code/Include/AtomLyIntegration/AtomFont/FFont.h,231,1,265,1,"Preserve CPU/GPU size, alignment, offsets, strides, bytes, and text output.",See CryCommonMigrationValidation.md and category tests.,accept,pending frozen-SHA signoff,pending frozen-SHA signoff
Gems/AtomLyIntegration/AtomFont/Code/Include/AtomLyIntegration/AtomFont/FFont.h#32,layout/fonts,Gems/AtomLyIntegration/AtomFont/Code/Include/AtomLyIntegration/AtomFont/FFont.h,233,1,267,3,"Preserve CPU/GPU size, alignment, offsets, strides, bytes, and text output.",See CryCommonMigrationValidation.md and category tests.,accept,pending frozen-SHA signoff,pending frozen-SHA signoff
Gems/AtomLyIntegration/AtomFont/Code/Include/AtomLyIntegration/AtomFont/FFont.h#33,layout/fonts,Gems/AtomLyIntegration/AtomFont/Code/Include/AtomLyIntegration/AtomFont/FFont.h,235,1,271,1,"Preserve CPU/GPU size, alignment, offsets, strides, bytes, and text output.",See CryCommonMigrationValidation.md and category tests.,accept,pending frozen-SHA signoff,pending frozen-SHA signoff
Gems/AtomLyIntegration/AtomFont/Code/Include/AtomLyIntegration/AtomFont/FFont.h#34,layout/fonts,Gems/AtomLyIntegration/AtomFont/Code/Include/AtomLyIntegration/AtomFont/FFont.h,241,1,277,1,"Preserve CPU/GPU size, alignment, offsets, strides, bytes, and text output.",See CryCommonMigrationValidation.md and category tests.,accept,pending frozen-SHA signoff,pending frozen-SHA signoff
Gems/AtomLyIntegration/AtomFont/Code/Include/AtomLyIntegration/AtomFont/FFont.h#35,layout/fonts,Gems/AtomLyIntegration/AtomFont/Code/Include/AtomLyIntegration/AtomFont/FFont.h,258,1,294,2,"Preserve CPU/GPU size, alignment, offsets, strides, bytes, and text output.",See CryCommonMigrationValidation.md and category tests.,accept,pending frozen-SHA signoff,pending frozen-SHA signoff
Gems/AtomLyIntegration/AtomFont/Code/Include/AtomLyIntegration/AtomFont/FFont.h#36,layout/fonts,Gems/AtomLyIntegration/AtomFont/Code/Include/AtomLyIntegration/AtomFont/FFont.h,275,1,312,1,"Preserve CPU/GPU size, alignment, offsets, strides, bytes, and text output.",See CryCommonMigrationValidation.md and category tests.,accept,pending frozen-SHA signoff,pending frozen-SHA signoff
Gems/AtomLyIntegration/AtomFont/Code/Include/AtomLyIntegration/AtomFont/FFont.h#37,layout/fonts,Gems/AtomLyIntegration/AtomFont/Code/Include/AtomLyIntegration/AtomFont/FFont.h,285,3,322,3,"Preserve CPU/GPU size, alignment, offsets, strides, bytes, and text output.",See CryCommonMigrationValidation.md and category tests.,accept,pending frozen-SHA signoff,pending frozen-SHA signoff
Gems/AtomLyIntegration/AtomFont/Code/Include/AtomLyIntegration/AtomFont/FFont.h#38,layout/fonts,Gems/AtomLyIntegration/AtomFont/Code/Include/AtomLyIntegration/AtomFont/FFont.h,289,2,326,2,"Preserve CPU/GPU size, alignment, offsets, strides, bytes, and text output.",See CryCommonMigrationValidation.md and category tests.,accept,pending frozen-SHA signoff,pending frozen-SHA signoff
Gems/AtomLyIntegration/AtomFont/Code/Include/AtomLyIntegration/AtomFont/FFont.h#39,layout/fonts,Gems/AtomLyIntegration/AtomFont/Code/Include/AtomLyIntegration/AtomFont/FFont.h,292,1,329,1,"Preserve CPU/GPU size, alignment, offsets, strides, bytes, and text output.",See CryCommonMigrationValidation.md and category tests.,accept,pending frozen-SHA signoff,pending frozen-SHA signoff
Gems/AtomLyIntegration/AtomFont/Code/Include/AtomLyIntegration/AtomFont/FFont.h#40,layout/fonts,Gems/AtomLyIntegration/AtomFont/Code/Include/AtomLyIntegration/AtomFont/FFont.h,297,1,334,1,"Preserve CPU/GPU size, alignment, offsets, strides, bytes, and text output.",See CryCommonMigrationValidation.md and category tests.,accept,pending frozen-SHA signoff,pending frozen-SHA signoff
Gems/AtomLyIntegration/AtomFont/Code/Include/AtomLyIntegration/AtomFont/FFont.h#41,layout/fonts,Gems/AtomLyIntegration/AtomFont/Code/Include/AtomLyIntegration/AtomFont/FFont.h,308,1,345,1,"Preserve CPU/GPU size, alignment, offsets, strides, bytes, and text output.",See CryCommonMigrationValidation.md and category tests.,accept,pending frozen-SHA signoff,pending frozen-SHA signoff
Gems/AtomLyIntegration/AtomFont/Code/Include/AtomLyIntegration/AtomFont/FFont.h#42,layout/fonts,Gems/AtomLyIntegration/AtomFont/Code/Include/AtomLyIntegration/AtomFont/FFont.h,320,1,357,1,"Preserve CPU/GPU size, alignment, offsets, strides, bytes, and text output.",See CryCommonMigrationValidation.md and category tests.,accept,pending frozen-SHA signoff,pending frozen-SHA signoff
Gems/AtomLyIntegration/AtomFont/Code/Include/AtomLyIntegration/AtomFont/FontRenderer.h#1,consumers,Gems/AtomLyIntegration/AtomFont/Code/Include/AtomLyIntegration/AtomFont/FontRenderer.h,84,1,84,1,Use an equivalent AZ/AZStd contract or remove a proven dead dependency.,See CryCommonMigrationValidation.md and category tests.,accept,pending frozen-SHA signoff,pending frozen-SHA signoff
Gems/AtomLyIntegration/AtomFont/Code/Include/AtomLyIntegration/AtomFont/FontTexture.h#1,consumers,Gems/AtomLyIntegration/AtomFont/Code/Include/AtomLyIntegration/AtomFont/FontTexture.h,134,1,134,1,Use an equivalent AZ/AZStd contract or remove a proven dead dependency.,See CryCommonMigrationValidation.md and category tests.,accept,pending frozen-SHA signoff,pending frozen-SHA signoff
Gems/AtomLyIntegration/AtomFont/Code/Include/AtomLyIntegration/AtomFont/GlyphCache.h#1,consumers,Gems/AtomLyIntegration/AtomFont/Code/Include/AtomLyIntegration/AtomFont/GlyphCache.h,20,1,19,0,Use an equivalent AZ/AZStd contract or remove a proven dead dependency.,See CryCommonMigrationValidation.md and category tests.,accept,pending frozen-SHA signoff,pending frozen-SHA signoff
Gems/AtomLyIntegration/AtomFont/Code/Include/AtomLyIntegration/AtomFont/GlyphCache.h#2,consumers,Gems/AtomLyIntegration/AtomFont/Code/Include/AtomLyIntegration/AtomFont/GlyphCache.h,113,1,112,1,Use an equivalent AZ/AZStd contract or remove a proven dead dependency.,See CryCommonMigrationValidation.md and category tests.,accept,pending frozen-SHA signoff,pending frozen-SHA signoff
Gems/AtomLyIntegration/AtomFont/Code/Source/AtomFont.cpp#1,consumers,Gems/AtomLyIntegration/AtomFont/Code/Source/AtomFont.cpp,9,1,8,0,Use an equivalent AZ/AZStd contract or remove a proven dead dependency.,See CryCommonMigrationValidation.md and category tests.,accept,pending frozen-SHA signoff,pending frozen-SHA signoff
Gems/AtomLyIntegration/AtomFont/Code/Source/AtomFont.cpp#2,consumers,Gems/AtomLyIntegration/AtomFont/Code/Source/AtomFont.cpp,12,2,10,0,Use an equivalent AZ/AZStd contract or remove a proven dead dependency.,See CryCommonMigrationValidation.md and category tests.,accept,pending frozen-SHA signoff,pending frozen-SHA signoff
Gems/AtomLyIntegration/AtomFont/Code/Source/AtomFont.cpp#3,consumers,Gems/AtomLyIntegration/AtomFont/Code/Source/AtomFont.cpp,18,1,14,0,Use an equivalent AZ/AZStd contract or remove a proven dead dependency.,See CryCommonMigrationValidation.md and category tests.,accept,pending frozen-SHA signoff,pending frozen-SHA signoff
Gems/AtomLyIntegration/AtomFont/Code/Source/AtomFont.cpp#4,consumers,Gems/AtomLyIntegration/AtomFont/Code/Source/AtomFont.cpp,19,0,16,1,Use an equivalent AZ/AZStd contract or remove a proven dead dependency.,See CryCommonMigrationValidation.md and category tests.,accept,pending frozen-SHA signoff,pending frozen-SHA signoff
Gems/AtomLyIntegration/AtomFont/Code/Source/AtomFont.cpp#5,consumers,Gems/AtomLyIntegration/AtomFont/Code/Source/AtomFont.cpp,23,0,21,2,Use an equivalent AZ/AZStd contract or remove a proven dead dependency.,See CryCommonMigrationValidation.md and category tests.,accept,pending frozen-SHA signoff,pending frozen-SHA signoff
Gems/AtomLyIntegration/AtomFont/Code/Source/AtomFont.cpp#6,consumers,Gems/AtomLyIntegration/AtomFont/Code/Source/AtomFont.cpp,26,2,24,0,Use an equivalent AZ/AZStd contract or remove a proven dead dependency.,See CryCommonMigrationValidation.md and category tests.,accept,pending frozen-SHA signoff,pending frozen-SHA signoff
Gems/AtomLyIntegration/AtomFont/Code/Source/AtomFont.cpp#7,consumers,Gems/AtomLyIntegration/AtomFont/Code/Source/AtomFont.cpp,30,1,26,0,Use an equivalent AZ/AZStd contract or remove a proven dead dependency.,See CryCommonMigrationValidation.md and category tests.,accept,pending frozen-SHA signoff,pending frozen-SHA signoff
Gems/AtomLyIntegration/AtomFont/Code/Source/AtomFont.cpp#8,consumers,Gems/AtomLyIntegration/AtomFont/Code/Source/AtomFont.cpp,31,0,28,1,Use an equivalent AZ/AZStd contract or remove a proven dead dependency.,See CryCommonMigrationValidation.md and category tests.,accept,pending frozen-SHA signoff,pending frozen-SHA signoff
Gems/AtomLyIntegration/AtomFont/Code/Source/AtomFont.cpp#9,consumers,Gems/AtomLyIntegration/AtomFont/Code/Source/AtomFont.cpp,35,1,32,2,Use an equivalent AZ/AZStd contract or remove a proven dead dependency.,See CryCommonMigrationValidation.md and category tests.,accept,pending frozen-SHA signoff,pending frozen-SHA signoff
Gems/AtomLyIntegration/AtomFont/Code/Source/AtomFont.cpp#10,consumers,Gems/AtomLyIntegration/AtomFont/Code/Source/AtomFont.cpp,53,1,51,1,Use an equivalent AZ/AZStd contract or remove a proven dead dependency.,See CryCommonMigrationValidation.md and category tests.,accept,pending frozen-SHA signoff,pending frozen-SHA signoff
Gems/AtomLyIntegration/AtomFont/Code/Source/AtomFont.cpp#11,consumers,Gems/AtomLyIntegration/AtomFont/Code/Source/AtomFont.cpp,94,4,92,2,Use an equivalent AZ/AZStd contract or remove a proven dead dependency.,See CryCommonMigrationValidation.md and category tests.,accept,pending frozen-SHA signoff,pending frozen-SHA signoff
Gems/AtomLyIntegration/AtomFont/Code/Source/AtomFont.cpp#12,consumers,Gems/AtomLyIntegration/AtomFont/Code/Source/AtomFont.cpp,100,4,96,4,Use an equivalent AZ/AZStd contract or remove a proven dead dependency.,See CryCommonMigrationValidation.md and category tests.,accept,pending frozen-SHA signoff,pending frozen-SHA signoff
Gems/AtomLyIntegration/AtomFont/Code/Source/AtomFont.cpp#13,consumers,Gems/AtomLyIntegration/AtomFont/Code/Source/AtomFont.cpp,105,4,101,4,Use an equivalent AZ/AZStd contract or remove a proven dead dependency.,See CryCommonMigrationValidation.md and category tests.,accept,pending frozen-SHA signoff,pending frozen-SHA signoff
Gems/AtomLyIntegration/AtomFont/Code/Source/AtomFont.cpp#14,consumers,Gems/AtomLyIntegration/AtomFont/Code/Source/AtomFont.cpp,155,2,151,2,Use an equivalent AZ/AZStd contract or remove a proven dead dependency.,See CryCommonMigrationValidation.md and category tests.,accept,pending frozen-SHA signoff,pending frozen-SHA signoff
Gems/AtomLyIntegration/AtomFont/Code/Source/AtomFont.cpp#15,consumers,Gems/AtomLyIntegration/AtomFont/Code/Source/AtomFont.cpp,162,1,158,1,Use an equivalent AZ/AZStd contract or remove a proven dead dependency.,See CryCommonMigrationValidation.md and category tests.,accept,pending frozen-SHA signoff,pending frozen-SHA signoff
Gems/AtomLyIntegration/AtomFont/Code/Source/AtomFont.cpp#16,consumers,Gems/AtomLyIntegration/AtomFont/Code/Source/AtomFont.cpp,328,1,324,1,Use an equivalent AZ/AZStd contract or remove a proven dead dependency.,See CryCommonMigrationValidation.md and category tests.,accept,pending frozen-SHA signoff,pending frozen-SHA signoff
Gems/AtomLyIntegration/AtomFont/Code/Source/AtomFont.cpp#17,consumers,Gems/AtomLyIntegration/AtomFont/Code/Source/AtomFont.cpp,338,1,334,4,Use an equivalent AZ/AZStd contract or remove a proven dead dependency.,See CryCommonMigrationValidation.md and category tests.,accept,pending frozen-SHA signoff,pending frozen-SHA signoff
Gems/AtomLyIntegration/AtomFont/Code/Source/AtomFont.cpp#18,consumers,Gems/AtomLyIntegration/AtomFont/Code/Source/AtomFont.cpp,342,4,341,2,Use an equivalent AZ/AZStd contract or remove a proven dead dependency.,See CryCommonMigrationValidation.md and category tests.,accept,pending frozen-SHA signoff,pending frozen-SHA signoff
Gems/AtomLyIntegration/AtomFont/Code/Source/AtomFont.cpp#19,consumers,Gems/AtomLyIntegration/AtomFont/Code/Source/AtomFont.cpp,351,1,348,2,Use an equivalent AZ/AZStd contract or remove a proven dead dependency.,See CryCommonMigrationValidation.md and category tests.,accept,pending frozen-SHA signoff,pending frozen-SHA signoff
Gems/AtomLyIntegration/AtomFont/Code/Source/AtomFont.cpp#20,consumers,Gems/AtomLyIntegration/AtomFont/Code/Source/AtomFont.cpp,354,1,351,0,Use an equivalent AZ/AZStd contract or remove a proven dead dependency.,See CryCommonMigrationValidation.md and category tests.,accept,pending frozen-SHA signoff,pending frozen-SHA signoff
Gems/AtomLyIntegration/AtomFont/Code/Source/AtomFont.cpp#21,consumers,Gems/AtomLyIntegration/AtomFont/Code/Source/AtomFont.cpp,367,1,364,1,Use an equivalent AZ/AZStd contract or remove a proven dead dependency.,See CryCommonMigrationValidation.md and category tests.,accept,pending frozen-SHA signoff,pending frozen-SHA signoff
Gems/AtomLyIntegration/AtomFont/Code/Source/AtomFont.cpp#22,consumers,Gems/AtomLyIntegration/AtomFont/Code/Source/AtomFont.cpp,394,1,391,1,Use an equivalent AZ/AZStd contract or remove a proven dead dependency.,See CryCommonMigrationValidation.md and category tests.,accept,pending frozen-SHA signoff,pending frozen-SHA signoff
Gems/AtomLyIntegration/AtomFont/Code/Source/AtomFont.cpp#23,consumers,Gems/AtomLyIntegration/AtomFont/Code/Source/AtomFont.cpp,426,1,423,1,Use an equivalent AZ/AZStd contract or remove a proven dead dependency.,See CryCommonMigrationValidation.md and category tests.,accept,pending frozen-SHA signoff,pending frozen-SHA signoff
Gems/AtomLyIntegration/AtomFont/Code/Source/AtomFont.cpp#24,consumers,Gems/AtomLyIntegration/AtomFont/Code/Source/AtomFont.cpp,440,2,437,2,Use an equivalent AZ/AZStd contract or remove a proven dead dependency.,See CryCommonMigrationValidation.md and category tests.,accept,pending frozen-SHA signoff,pending frozen-SHA signoff
Gems/AtomLyIntegration/AtomFont/Code/Source/AtomFont.cpp#25,consumers,Gems/AtomLyIntegration/AtomFont/Code/Source/AtomFont.cpp,454,1,451,1,Use an equivalent AZ/AZStd contract or remove a proven dead dependency.,See CryCommonMigrationValidation.md and category tests.,accept,pending frozen-SHA signoff,pending frozen-SHA signoff
Gems/AtomLyIntegration/AtomFont/Code/Source/AtomFont.cpp#26,consumers,Gems/AtomLyIntegration/AtomFont/Code/Source/AtomFont.cpp,471,1,468,1,Use an equivalent AZ/AZStd contract or remove a proven dead dependency.,See CryCommonMigrationValidation.md and category tests.,accept,pending frozen-SHA signoff,pending frozen-SHA signoff
Gems/AtomLyIntegration/AtomFont/Code/Source/AtomFont.cpp#27,consumers,Gems/AtomLyIntegration/AtomFont/Code/Source/AtomFont.cpp,486,1,483,2,Use an equivalent AZ/AZStd contract or remove a proven dead dependency.,See CryCommonMigrationValidation.md and category tests.,accept,pending frozen-SHA signoff,pending frozen-SHA signoff
Gems/AtomLyIntegration/AtomFont/Code/Source/AtomFont.cpp#28,consumers,Gems/AtomLyIntegration/AtomFont/Code/Source/AtomFont.cpp,488,2,485,0,Use an equivalent AZ/AZStd contract or remove a proven dead dependency.,See CryCommonMigrationValidation.md and category tests.,accept,pending frozen-SHA signoff,pending frozen-SHA signoff
Gems/AtomLyIntegration/AtomFont/Code/Source/AtomFont.cpp#29,consumers,Gems/AtomLyIntegration/AtomFont/Code/Source/AtomFont.cpp,491,3,487,5,Use an equivalent AZ/AZStd contract or remove a proven dead dependency.,See CryCommonMigrationValidation.md and category tests.,accept,pending frozen-SHA signoff,pending frozen-SHA signoff
Gems/AtomLyIntegration/AtomFont/Code/Source/AtomFont.cpp#30,consumers,Gems/AtomLyIntegration/AtomFont/Code/Source/AtomFont.cpp,496,1,494,1,Use an equivalent AZ/AZStd contract or remove a proven dead dependency.,See CryCommonMigrationValidation.md and category tests.,accept,pending frozen-SHA signoff,pending frozen-SHA signoff
Gems/AtomLyIntegration/AtomFont/Code/Source/AtomFont.cpp#31,consumers,Gems/AtomLyIntegration/AtomFont/Code/Source/AtomFont.cpp,535,1,533,2,Use an equivalent AZ/AZStd contract or remove a proven dead dependency.,See CryCommonMigrationValidation.md and category tests.,accept,pending frozen-SHA signoff,pending frozen-SHA signoff
Gems/AtomLyIntegration/AtomFont/Code/Source/AtomFont.cpp#32,consumers,Gems/AtomLyIntegration/AtomFont/Code/Source/AtomFont.cpp,537,2,535,0,Use an equivalent AZ/AZStd contract or remove a proven dead dependency.,See CryCommonMigrationValidation.md and category tests.,accept,pending frozen-SHA signoff,pending frozen-SHA signoff
Gems/AtomLyIntegration/AtomFont/Code/Source/AtomFont.cpp#33,consumers,Gems/AtomLyIntegration/AtomFont/Code/Source/AtomFont.cpp,540,3,537,5,Use an equivalent AZ/AZStd contract or remove a proven dead dependency.,See CryCommonMigrationValidation.md and category tests.,accept,pending frozen-SHA signoff,pending frozen-SHA signoff
Gems/AtomLyIntegration/AtomFont/Code/Source/AtomFont.cpp#34,consumers,Gems/AtomLyIntegration/AtomFont/Code/Source/AtomFont.cpp,560,1,559,1,Use an equivalent AZ/AZStd contract or remove a proven dead dependency.,See CryCommonMigrationValidation.md and category tests.,accept,pending frozen-SHA signoff,pending frozen-SHA signoff
Gems/AtomLyIntegration/AtomFont/Code/Source/AtomFont.cpp#35,consumers,Gems/AtomLyIntegration/AtomFont/Code/Source/AtomFont.cpp,600,1,599,1,Use an equivalent AZ/AZStd contract or remove a proven dead dependency.,See CryCommonMigrationValidation.md and category tests.,accept,pending frozen-SHA signoff,pending frozen-SHA signoff
Gems/AtomLyIntegration/AtomFont/Code/Source/AtomFont.cpp#36,consumers,Gems/AtomLyIntegration/AtomFont/Code/Source/AtomFont.cpp,708,12,707,4,Use an equivalent AZ/AZStd contract or remove a proven dead dependency.,See CryCommonMigrationValidation.md and category tests.,accept,pending frozen-SHA signoff,pending frozen-SHA signoff
Gems/AtomLyIntegration/AtomFont/Code/Source/AtomFont.cpp#37,consumers,Gems/AtomLyIntegration/AtomFont/Code/Source/AtomFont.cpp,790,1,781,1,Use an equivalent AZ/AZStd contract or remove a proven dead dependency.,See CryCommonMigrationValidation.md and category tests.,accept,pending frozen-SHA signoff,pending frozen-SHA signoff
Gems/AtomLyIntegration/AtomFont/Code/Source/AtomFont.cpp#38,consumers,Gems/AtomLyIntegration/AtomFont/Code/Source/AtomFont.cpp,799,1,790,1,Use an equivalent AZ/AZStd contract or remove a proven dead dependency.,See CryCommonMigrationValidation.md and category tests.,accept,pending frozen-SHA signoff,pending frozen-SHA signoff
Gems/AtomLyIntegration/AtomFont/Code/Source/AtomFont.cpp#39,consumers,Gems/AtomLyIntegration/AtomFont/Code/Source/AtomFont.cpp,813,1,804,1,Use an equivalent AZ/AZStd contract or remove a proven dead dependency.,See CryCommonMigrationValidation.md and category tests.,accept,pending frozen-SHA signoff,pending frozen-SHA signoff
Gems/AtomLyIntegration/AtomFont/Code/Source/AtomFont.cpp#40,consumers,Gems/AtomLyIntegration/AtomFont/Code/Source/AtomFont.cpp,832,1,823,1,Use an equivalent AZ/AZStd contract or remove a proven dead dependency.,See CryCommonMigrationValidation.md and category tests.,accept,pending frozen-SHA signoff,pending frozen-SHA signoff
Gems/AtomLyIntegration/AtomFont/Code/Source/AtomFont.cpp#41,consumers,Gems/AtomLyIntegration/AtomFont/Code/Source/AtomFont.cpp,871,1,862,3,Use an equivalent AZ/AZStd contract or remove a proven dead dependency.,See CryCommonMigrationValidation.md and category tests.,accept,pending frozen-SHA signoff,pending frozen-SHA signoff
Gems/AtomLyIntegration/AtomFont/Code/Source/AtomFont.cpp#42,consumers,Gems/AtomLyIntegration/AtomFont/Code/Source/AtomFont.cpp,882,5,875,3,Use an equivalent AZ/AZStd contract or remove a proven dead dependency.,See CryCommonMigrationValidation.md and category tests.,accept,pending frozen-SHA signoff,pending frozen-SHA signoff
Gems/AtomLyIntegration/AtomFont/Code/Source/AtomFont.cpp#43,consumers,Gems/AtomLyIntegration/AtomFont/Code/Source/AtomFont.cpp,894,1,884,0,Use an equivalent AZ/AZStd contract or remove a proven dead dependency.,See CryCommonMigrationValidation.md and category tests.,accept,pending frozen-SHA signoff,pending frozen-SHA signoff
Gems/AtomLyIntegration/AtomFont/Code/Source/FFont.cpp#1,layout/fonts,Gems/AtomLyIntegration/AtomFont/Code/Source/FFont.cpp,29,1,28,0,"Preserve CPU/GPU size, alignment, offsets, strides, bytes, and text output.",See CryCommonMigrationValidation.md and category tests.,accept,pending frozen-SHA signoff,pending frozen-SHA signoff
Gems/AtomLyIntegration/AtomFont/Code/Source/FFont.cpp#2,layout/fonts,Gems/AtomLyIntegration/AtomFont/Code/Source/FFont.cpp,231,2,230,2,"Preserve CPU/GPU size, alignment, offsets, strides, bytes, and text output.",See CryCommonMigrationValidation.md and category tests.,accept,pending frozen-SHA signoff,pending frozen-SHA signoff
Gems/AtomLyIntegration/AtomFont/Code/Source/FFont.cpp#3,layout/fonts,Gems/AtomLyIntegration/AtomFont/Code/Source/FFont.cpp,234,4,233,4,"Preserve CPU/GPU size, alignment, offsets, strides, bytes, and text output.",See CryCommonMigrationValidation.md and category tests.,accept,pending frozen-SHA signoff,pending frozen-SHA signoff
Gems/AtomLyIntegration/AtomFont/Code/Source/FFont.cpp#4,layout/fonts,Gems/AtomLyIntegration/AtomFont/Code/Source/FFont.cpp,290,1,289,1,"Preserve CPU/GPU size, alignment, offsets, strides, bytes, and text output.",See CryCommonMigrationValidation.md and category tests.,accept,pending frozen-SHA signoff,pending frozen-SHA signoff
Gems/AtomLyIntegration/AtomFont/Code/Source/FFont.cpp#5,layout/fonts,Gems/AtomLyIntegration/AtomFont/Code/Source/FFont.cpp,305,1,304,1,"Preserve CPU/GPU size, alignment, offsets, strides, bytes, and text output.",See CryCommonMigrationValidation.md and category tests.,accept,pending frozen-SHA signoff,pending frozen-SHA signoff
Gems/AtomLyIntegration/AtomFont/Code/Source/FFont.cpp#6,layout/fonts,Gems/AtomLyIntegration/AtomFont/Code/Source/FFont.cpp,307,1,306,1,"Preserve CPU/GPU size, alignment, offsets, strides, bytes, and text output.",See CryCommonMigrationValidation.md and category tests.,accept,pending frozen-SHA signoff,pending frozen-SHA signoff
Gems/AtomLyIntegration/AtomFont/Code/Source/FFont.cpp#7,layout/fonts,Gems/AtomLyIntegration/AtomFont/Code/Source/FFont.cpp,309,1,308,1,"Preserve CPU/GPU size, alignment, offsets, strides, bytes, and text output.",See CryCommonMigrationValidation.md and category tests.,accept,pending frozen-SHA signoff,pending frozen-SHA signoff
Gems/AtomLyIntegration/AtomFont/Code/Source/FFont.cpp#8,layout/fonts,Gems/AtomLyIntegration/AtomFont/Code/Source/FFont.cpp,311,1,310,1,"Preserve CPU/GPU size, alignment, offsets, strides, bytes, and text output.",See CryCommonMigrationValidation.md and category tests.,accept,pending frozen-SHA signoff,pending frozen-SHA signoff
Gems/AtomLyIntegration/AtomFont/Code/Source/FFont.cpp#9,layout/fonts,Gems/AtomLyIntegration/AtomFont/Code/Source/FFont.cpp,313,1,312,1,"Preserve CPU/GPU size, alignment, offsets, strides, bytes, and text output.",See CryCommonMigrationValidation.md and category tests.,accept,pending frozen-SHA signoff,pending frozen-SHA signoff
Gems/AtomLyIntegration/AtomFont/Code/Source/FFont.cpp#10,layout/fonts,Gems/AtomLyIntegration/AtomFont/Code/Source/FFont.cpp,315,1,314,1,"Preserve CPU/GPU size, alignment, offsets, strides, bytes, and text output.",See CryCommonMigrationValidation.md and category tests.,accept,pending frozen-SHA signoff,pending frozen-SHA signoff
Gems/AtomLyIntegration/AtomFont/Code/Source/FFont.cpp#11,layout/fonts,Gems/AtomLyIntegration/AtomFont/Code/Source/FFont.cpp,317,1,316,1,"Preserve CPU/GPU size, alignment, offsets, strides, bytes, and text output.",See CryCommonMigrationValidation.md and category tests.,accept,pending frozen-SHA signoff,pending frozen-SHA signoff
Gems/AtomLyIntegration/AtomFont/Code/Source/FFont.cpp#12,layout/fonts,Gems/AtomLyIntegration/AtomFont/Code/Source/FFont.cpp,319,1,318,1,"Preserve CPU/GPU size, alignment, offsets, strides, bytes, and text output.",See CryCommonMigrationValidation.md and category tests.,accept,pending frozen-SHA signoff,pending frozen-SHA signoff
Gems/AtomLyIntegration/AtomFont/Code/Source/FFont.cpp#13,layout/fonts,Gems/AtomLyIntegration/AtomFont/Code/Source/FFont.cpp,355,1,354,1,"Preserve CPU/GPU size, alignment, offsets, strides, bytes, and text output.",See CryCommonMigrationValidation.md and category tests.,accept,pending frozen-SHA signoff,pending frozen-SHA signoff
Gems/AtomLyIntegration/AtomFont/Code/Source/FFont.cpp#14,layout/fonts,Gems/AtomLyIntegration/AtomFont/Code/Source/FFont.cpp,359,1,358,1,"Preserve CPU/GPU size, alignment, offsets, strides, bytes, and text output.",See CryCommonMigrationValidation.md and category tests.,accept,pending frozen-SHA signoff,pending frozen-SHA signoff
Gems/AtomLyIntegration/AtomFont/Code/Source/FFont.cpp#15,layout/fonts,Gems/AtomLyIntegration/AtomFont/Code/Source/FFont.cpp,365,4,364,4,"Preserve CPU/GPU size, alignment, offsets, strides, bytes, and text output.",See CryCommonMigrationValidation.md and category tests.,accept,pending frozen-SHA signoff,pending frozen-SHA signoff
Gems/AtomLyIntegration/AtomFont/Code/Source/FFont.cpp#16,layout/fonts,Gems/AtomLyIntegration/AtomFont/Code/Source/FFont.cpp,375,1,374,1,"Preserve CPU/GPU size, alignment, offsets, strides, bytes, and text output.",See CryCommonMigrationValidation.md and category tests.,accept,pending frozen-SHA signoff,pending frozen-SHA signoff
Gems/AtomLyIntegration/AtomFont/Code/Source/FFont.cpp#17,layout/fonts,Gems/AtomLyIntegration/AtomFont/Code/Source/FFont.cpp,378,1,377,1,"Preserve CPU/GPU size, alignment, offsets, strides, bytes, and text output.",See CryCommonMigrationValidation.md and category tests.,accept,pending frozen-SHA signoff,pending frozen-SHA signoff
Gems/AtomLyIntegration/AtomFont/Code/Source/FFont.cpp#18,layout/fonts,Gems/AtomLyIntegration/AtomFont/Code/Source/FFont.cpp,383,1,382,1,"Preserve CPU/GPU size, alignment, offsets, strides, bytes, and text output.",See CryCommonMigrationValidation.md and category tests.,accept,pending frozen-SHA signoff,pending frozen-SHA signoff
Gems/AtomLyIntegration/AtomFont/Code/Source/FFont.cpp#19,layout/fonts,Gems/AtomLyIntegration/AtomFont/Code/Source/FFont.cpp,386,1,385,4,"Preserve CPU/GPU size, alignment, offsets, strides, bytes, and text output.",See CryCommonMigrationValidation.md and category tests.,accept,pending frozen-SHA signoff,pending frozen-SHA signoff
Gems/AtomLyIntegration/AtomFont/Code/Source/FFont.cpp#20,layout/fonts,Gems/AtomLyIntegration/AtomFont/Code/Source/FFont.cpp,407,1,409,1,"Preserve CPU/GPU size, alignment, offsets, strides, bytes, and text output.",See CryCommonMigrationValidation.md and category tests.,accept,pending frozen-SHA signoff,pending frozen-SHA signoff
Gems/AtomLyIntegration/AtomFont/Code/Source/FFont.cpp#21,layout/fonts,Gems/AtomLyIntegration/AtomFont/Code/Source/FFont.cpp,409,2,411,2,"Preserve CPU/GPU size, alignment, offsets, strides, bytes, and text output.",See CryCommonMigrationValidation.md and category tests.,accept,pending frozen-SHA signoff,pending frozen-SHA signoff
Gems/AtomLyIntegration/AtomFont/Code/Source/FFont.cpp#22,layout/fonts,Gems/AtomLyIntegration/AtomFont/Code/Source/FFont.cpp,442,2,444,2,"Preserve CPU/GPU size, alignment, offsets, strides, bytes, and text output.",See CryCommonMigrationValidation.md and category tests.,accept,pending frozen-SHA signoff,pending frozen-SHA signoff
Gems/AtomLyIntegration/AtomFont/Code/Source/FFont.cpp#23,layout/fonts,Gems/AtomLyIntegration/AtomFont/Code/Source/FFont.cpp,460,1,462,1,"Preserve CPU/GPU size, alignment, offsets, strides, bytes, and text output.",See CryCommonMigrationValidation.md and category tests.,accept,pending frozen-SHA signoff,pending frozen-SHA signoff
Gems/AtomLyIntegration/AtomFont/Code/Source/FFont.cpp#24,layout/fonts,Gems/AtomLyIntegration/AtomFont/Code/Source/FFont.cpp,468,1,470,1,"Preserve CPU/GPU size, alignment, offsets, strides, bytes, and text output.",See CryCommonMigrationValidation.md and category tests.,accept,pending frozen-SHA signoff,pending frozen-SHA signoff
Gems/AtomLyIntegration/AtomFont/Code/Source/FFont.cpp#25,layout/fonts,Gems/AtomLyIntegration/AtomFont/Code/Source/FFont.cpp,472,1,474,1,"Preserve CPU/GPU size, alignment, offsets, strides, bytes, and text output.",See CryCommonMigrationValidation.md and category tests.,accept,pending frozen-SHA signoff,pending frozen-SHA signoff
Gems/AtomLyIntegration/AtomFont/Code/Source/FFont.cpp#26,layout/fonts,Gems/AtomLyIntegration/AtomFont/Code/Source/FFont.cpp,503,1,505,1,"Preserve CPU/GPU size, alignment, offsets, strides, bytes, and text output.",See CryCommonMigrationValidation.md and category tests.,accept,pending frozen-SHA signoff,pending frozen-SHA signoff
Gems/AtomLyIntegration/AtomFont/Code/Source/FFont.cpp#27,layout/fonts,Gems/AtomLyIntegration/AtomFont/Code/Source/FFont.cpp,509,1,511,1,"Preserve CPU/GPU size, alignment, offsets, strides, bytes, and text output.",See CryCommonMigrationValidation.md and category tests.,accept,pending frozen-SHA signoff,pending frozen-SHA signoff
Gems/AtomLyIntegration/AtomFont/Code/Source/FFont.cpp#28,layout/fonts,Gems/AtomLyIntegration/AtomFont/Code/Source/FFont.cpp,513,1,515,1,"Preserve CPU/GPU size, alignment, offsets, strides, bytes, and text output.",See CryCommonMigrationValidation.md and category tests.,accept,pending frozen-SHA signoff,pending frozen-SHA signoff
Gems/AtomLyIntegration/AtomFont/Code/Source/FFont.cpp#29,layout/fonts,Gems/AtomLyIntegration/AtomFont/Code/Source/FFont.cpp,517,1,519,1,"Preserve CPU/GPU size, alignment, offsets, strides, bytes, and text output.",See CryCommonMigrationValidation.md and category tests.,accept,pending frozen-SHA signoff,pending frozen-SHA signoff
Gems/AtomLyIntegration/AtomFont/Code/Source/FFont.cpp#30,layout/fonts,Gems/AtomLyIntegration/AtomFont/Code/Source/FFont.cpp,520,1,522,1,"Preserve CPU/GPU size, alignment, offsets, strides, bytes, and text output.",See CryCommonMigrationValidation.md and category tests.,accept,pending frozen-SHA signoff,pending frozen-SHA signoff
Gems/AtomLyIntegration/AtomFont/Code/Source/FFont.cpp#31,layout/fonts,Gems/AtomLyIntegration/AtomFont/Code/Source/FFont.cpp,529,1,531,1,"Preserve CPU/GPU size, alignment, offsets, strides, bytes, and text output.",See CryCommonMigrationValidation.md and category tests.,accept,pending frozen-SHA signoff,pending frozen-SHA signoff
Gems/AtomLyIntegration/AtomFont/Code/Source/FFont.cpp#32,layout/fonts,Gems/AtomLyIntegration/AtomFont/Code/Source/FFont.cpp,538,1,540,1,"Preserve CPU/GPU size, alignment, offsets, strides, bytes, and text output.",See CryCommonMigrationValidation.md and category tests.,accept,pending frozen-SHA signoff,pending frozen-SHA signoff
Gems/AtomLyIntegration/AtomFont/Code/Source/FFont.cpp#33,layout/fonts,Gems/AtomLyIntegration/AtomFont/Code/Source/FFont.cpp,641,1,643,1,"Preserve CPU/GPU size, alignment, offsets, strides, bytes, and text output.",See CryCommonMigrationValidation.md and category tests.,accept,pending frozen-SHA signoff,pending frozen-SHA signoff
Gems/AtomLyIntegration/AtomFont/Code/Source/FFont.cpp#34,layout/fonts,Gems/AtomLyIntegration/AtomFont/Code/Source/FFont.cpp,643,4,645,4,"Preserve CPU/GPU size, alignment, offsets, strides, bytes, and text output.",See CryCommonMigrationValidation.md and category tests.,accept,pending frozen-SHA signoff,pending frozen-SHA signoff
Gems/AtomLyIntegration/AtomFont/Code/Source/FFont.cpp#35,layout/fonts,Gems/AtomLyIntegration/AtomFont/Code/Source/FFont.cpp,659,1,661,1,"Preserve CPU/GPU size, alignment, offsets, strides, bytes, and text output.",See CryCommonMigrationValidation.md and category tests.,accept,pending frozen-SHA signoff,pending frozen-SHA signoff
Gems/AtomLyIntegration/AtomFont/Code/Source/FFont.cpp#36,layout/fonts,Gems/AtomLyIntegration/AtomFont/Code/Source/FFont.cpp,661,1,663,1,"Preserve CPU/GPU size, alignment, offsets, strides, bytes, and text output.",See CryCommonMigrationValidation.md and category tests.,accept,pending frozen-SHA signoff,pending frozen-SHA signoff
Gems/AtomLyIntegration/AtomFont/Code/Source/FFont.cpp#37,layout/fonts,Gems/AtomLyIntegration/AtomFont/Code/Source/FFont.cpp,667,1,669,1,"Preserve CPU/GPU size, alignment, offsets, strides, bytes, and text output.",See CryCommonMigrationValidation.md and category tests.,accept,pending frozen-SHA signoff,pending frozen-SHA signoff
Gems/AtomLyIntegration/AtomFont/Code/Source/FFont.cpp#38,layout/fonts,Gems/AtomLyIntegration/AtomFont/Code/Source/FFont.cpp,669,1,671,1,"Preserve CPU/GPU size, alignment, offsets, strides, bytes, and text output.",See CryCommonMigrationValidation.md and category tests.,accept,pending frozen-SHA signoff,pending frozen-SHA signoff
Gems/AtomLyIntegration/AtomFont/Code/Source/FFont.cpp#39,layout/fonts,Gems/AtomLyIntegration/AtomFont/Code/Source/FFont.cpp,675,1,677,1,"Preserve CPU/GPU size, alignment, offsets, strides, bytes, and text output.",See CryCommonMigrationValidation.md and category tests.,accept,pending frozen-SHA signoff,pending frozen-SHA signoff
Gems/AtomLyIntegration/AtomFont/Code/Source/FFont.cpp#40,layout/fonts,Gems/AtomLyIntegration/AtomFont/Code/Source/FFont.cpp,677,1,679,1,"Preserve CPU/GPU size, alignment, offsets, strides, bytes, and text output.",See CryCommonMigrationValidation.md and category tests.,accept,pending frozen-SHA signoff,pending frozen-SHA signoff
Gems/AtomLyIntegration/AtomFont/Code/Source/FFont.cpp#41,layout/fonts,Gems/AtomLyIntegration/AtomFont/Code/Source/FFont.cpp,683,1,685,1,"Preserve CPU/GPU size, alignment, offsets, strides, bytes, and text output.",See CryCommonMigrationValidation.md and category tests.,accept,pending frozen-SHA signoff,pending frozen-SHA signoff
Gems/AtomLyIntegration/AtomFont/Code/Source/FFont.cpp#42,layout/fonts,Gems/AtomLyIntegration/AtomFont/Code/Source/FFont.cpp,685,1,687,1,"Preserve CPU/GPU size, alignment, offsets, strides, bytes, and text output.",See CryCommonMigrationValidation.md and category tests.,accept,pending frozen-SHA signoff,pending frozen-SHA signoff
Gems/AtomLyIntegration/AtomFont/Code/Source/FFont.cpp#43,layout/fonts,Gems/AtomLyIntegration/AtomFont/Code/Source/FFont.cpp,722,1,724,1,"Preserve CPU/GPU size, alignment, offsets, strides, bytes, and text output.",See CryCommonMigrationValidation.md and category tests.,accept,pending frozen-SHA signoff,pending frozen-SHA signoff
Gems/AtomLyIntegration/AtomFont/Code/Source/FFont.cpp#44,layout/fonts,Gems/AtomLyIntegration/AtomFont/Code/Source/FFont.cpp,738,1,740,1,"Preserve CPU/GPU size, alignment, offsets, strides, bytes, and text output.",See CryCommonMigrationValidation.md and category tests.,accept,pending frozen-SHA signoff,pending frozen-SHA signoff
Gems/AtomLyIntegration/AtomFont/Code/Source/FFont.cpp#45,layout/fonts,Gems/AtomLyIntegration/AtomFont/Code/Source/FFont.cpp,741,1,743,4,"Preserve CPU/GPU size, alignment, offsets, strides, bytes, and text output.",See CryCommonMigrationValidation.md and category tests.,accept,pending frozen-SHA signoff,pending frozen-SHA signoff
Gems/AtomLyIntegration/AtomFont/Code/Source/FFont.cpp#46,layout/fonts,Gems/AtomLyIntegration/AtomFont/Code/Source/FFont.cpp,748,1,753,1,"Preserve CPU/GPU size, alignment, offsets, strides, bytes, and text output.",See CryCommonMigrationValidation.md and category tests.,accept,pending frozen-SHA signoff,pending frozen-SHA signoff
Gems/AtomLyIntegration/AtomFont/Code/Source/FFont.cpp#47,layout/fonts,Gems/AtomLyIntegration/AtomFont/Code/Source/FFont.cpp,751,1,756,4,"Preserve CPU/GPU size, alignment, offsets, strides, bytes, and text output.",See CryCommonMigrationValidation.md and category tests.,accept,pending frozen-SHA signoff,pending frozen-SHA signoff
Gems/AtomLyIntegration/AtomFont/Code/Source/FFont.cpp#48,layout/fonts,Gems/AtomLyIntegration/AtomFont/Code/Source/FFont.cpp,757,2,765,2,"Preserve CPU/GPU size, alignment, offsets, strides, bytes, and text output.",See CryCommonMigrationValidation.md and category tests.,accept,pending frozen-SHA signoff,pending frozen-SHA signoff
Gems/AtomLyIntegration/AtomFont/Code/Source/FFont.cpp#49,layout/fonts,Gems/AtomLyIntegration/AtomFont/Code/Source/FFont.cpp,761,1,769,1,"Preserve CPU/GPU size, alignment, offsets, strides, bytes, and text output.",See CryCommonMigrationValidation.md and category tests.,accept,pending frozen-SHA signoff,pending frozen-SHA signoff
Gems/AtomLyIntegration/AtomFont/Code/Source/FFont.cpp#50,layout/fonts,Gems/AtomLyIntegration/AtomFont/Code/Source/FFont.cpp,763,1,771,1,"Preserve CPU/GPU size, alignment, offsets, strides, bytes, and text output.",See CryCommonMigrationValidation.md and category tests.,accept,pending frozen-SHA signoff,pending frozen-SHA signoff
Gems/AtomLyIntegration/AtomFont/Code/Source/FFont.cpp#51,layout/fonts,Gems/AtomLyIntegration/AtomFont/Code/Source/FFont.cpp,765,1,773,1,"Preserve CPU/GPU size, alignment, offsets, strides, bytes, and text output.",See CryCommonMigrationValidation.md and category tests.,accept,pending frozen-SHA signoff,pending frozen-SHA signoff
Gems/AtomLyIntegration/AtomFont/Code/Source/FFont.cpp#52,layout/fonts,Gems/AtomLyIntegration/AtomFont/Code/Source/FFont.cpp,767,1,775,1,"Preserve CPU/GPU size, alignment, offsets, strides, bytes, and text output.",See CryCommonMigrationValidation.md and category tests.,accept,pending frozen-SHA signoff,pending frozen-SHA signoff
Gems/AtomLyIntegration/AtomFont/Code/Source/FFont.cpp#53,layout/fonts,Gems/AtomLyIntegration/AtomFont/Code/Source/FFont.cpp,785,1,793,1,"Preserve CPU/GPU size, alignment, offsets, strides, bytes, and text output.",See CryCommonMigrationValidation.md and category tests.,accept,pending frozen-SHA signoff,pending frozen-SHA signoff
Gems/AtomLyIntegration/AtomFont/Code/Source/FFont.cpp#54,layout/fonts,Gems/AtomLyIntegration/AtomFont/Code/Source/FFont.cpp,787,2,795,2,"Preserve CPU/GPU size, alignment, offsets, strides, bytes, and text output.",See CryCommonMigrationValidation.md and category tests.,accept,pending frozen-SHA signoff,pending frozen-SHA signoff
Gems/AtomLyIntegration/AtomFont/Code/Source/FFont.cpp#55,layout/fonts,Gems/AtomLyIntegration/AtomFont/Code/Source/FFont.cpp,798,1,806,1,"Preserve CPU/GPU size, alignment, offsets, strides, bytes, and text output.",See CryCommonMigrationValidation.md and category tests.,accept,pending frozen-SHA signoff,pending frozen-SHA signoff
Gems/AtomLyIntegration/AtomFont/Code/Source/FFont.cpp#56,layout/fonts,Gems/AtomLyIntegration/AtomFont/Code/Source/FFont.cpp,800,4,808,4,"Preserve CPU/GPU size, alignment, offsets, strides, bytes, and text output.",See CryCommonMigrationValidation.md and category tests.,accept,pending frozen-SHA signoff,pending frozen-SHA signoff
Gems/AtomLyIntegration/AtomFont/Code/Source/FFont.cpp#57,layout/fonts,Gems/AtomLyIntegration/AtomFont/Code/Source/FFont.cpp,818,4,826,4,"Preserve CPU/GPU size, alignment, offsets, strides, bytes, and text output.",See CryCommonMigrationValidation.md and category tests.,accept,pending frozen-SHA signoff,pending frozen-SHA signoff
Gems/AtomLyIntegration/AtomFont/Code/Source/FFont.cpp#58,layout/fonts,Gems/AtomLyIntegration/AtomFont/Code/Source/FFont.cpp,826,4,834,4,"Preserve CPU/GPU size, alignment, offsets, strides, bytes, and text output.",See CryCommonMigrationValidation.md and category tests.,accept,pending frozen-SHA signoff,pending frozen-SHA signoff
Gems/AtomLyIntegration/AtomFont/Code/Source/FFont.cpp#59,layout/fonts,Gems/AtomLyIntegration/AtomFont/Code/Source/FFont.cpp,833,4,841,4,"Preserve CPU/GPU size, alignment, offsets, strides, bytes, and text output.",See CryCommonMigrationValidation.md and category tests.,accept,pending frozen-SHA signoff,pending frozen-SHA signoff
Gems/AtomLyIntegration/AtomFont/Code/Source/FFont.cpp#60,layout/fonts,Gems/AtomLyIntegration/AtomFont/Code/Source/FFont.cpp,839,2,847,5,"Preserve CPU/GPU size, alignment, offsets, strides, bytes, and text output.",See CryCommonMigrationValidation.md and category tests.,accept,pending frozen-SHA signoff,pending frozen-SHA signoff
Gems/AtomLyIntegration/AtomFont/Code/Source/FFont.cpp#61,layout/fonts,Gems/AtomLyIntegration/AtomFont/Code/Source/FFont.cpp,843,1,854,1,"Preserve CPU/GPU size, alignment, offsets, strides, bytes, and text output.",See CryCommonMigrationValidation.md and category tests.,accept,pending frozen-SHA signoff,pending frozen-SHA signoff
Gems/AtomLyIntegration/AtomFont/Code/Source/FFont.cpp#62,layout/fonts,Gems/AtomLyIntegration/AtomFont/Code/Source/FFont.cpp,878,2,889,2,"Preserve CPU/GPU size, alignment, offsets, strides, bytes, and text output.",See CryCommonMigrationValidation.md and category tests.,accept,pending frozen-SHA signoff,pending frozen-SHA signoff
Gems/AtomLyIntegration/AtomFont/Code/Source/FFont.cpp#63,layout/fonts,Gems/AtomLyIntegration/AtomFont/Code/Source/FFont.cpp,885,1,896,1,"Preserve CPU/GPU size, alignment, offsets, strides, bytes, and text output.",See CryCommonMigrationValidation.md and category tests.,accept,pending frozen-SHA signoff,pending frozen-SHA signoff
Gems/AtomLyIntegration/AtomFont/Code/Source/FFont.cpp#64,layout/fonts,Gems/AtomLyIntegration/AtomFont/Code/Source/FFont.cpp,893,1,904,1,"Preserve CPU/GPU size, alignment, offsets, strides, bytes, and text output.",See CryCommonMigrationValidation.md and category tests.,accept,pending frozen-SHA signoff,pending frozen-SHA signoff
Gems/AtomLyIntegration/AtomFont/Code/Source/FFont.cpp#65,layout/fonts,Gems/AtomLyIntegration/AtomFont/Code/Source/FFont.cpp,897,1,908,1,"Preserve CPU/GPU size, alignment, offsets, strides, bytes, and text output.",See CryCommonMigrationValidation.md and category tests.,accept,pending frozen-SHA signoff,pending frozen-SHA signoff
Gems/AtomLyIntegration/AtomFont/Code/Source/FFont.cpp#66,layout/fonts,Gems/AtomLyIntegration/AtomFont/Code/Source/FFont.cpp,958,1,969,1,"Preserve CPU/GPU size, alignment, offsets, strides, bytes, and text output.",See CryCommonMigrationValidation.md and category tests.,accept,pending frozen-SHA signoff,pending frozen-SHA signoff
Gems/AtomLyIntegration/AtomFont/Code/Source/FFont.cpp#67,layout/fonts,Gems/AtomLyIntegration/AtomFont/Code/Source/FFont.cpp,966,1,977,1,"Preserve CPU/GPU size, alignment, offsets, strides, bytes, and text output.",See CryCommonMigrationValidation.md and category tests.,accept,pending frozen-SHA signoff,pending frozen-SHA signoff
Gems/AtomLyIntegration/AtomFont/Code/Source/FFont.cpp#68,layout/fonts,Gems/AtomLyIntegration/AtomFont/Code/Source/FFont.cpp,970,1,981,1,"Preserve CPU/GPU size, alignment, offsets, strides, bytes, and text output.",See CryCommonMigrationValidation.md and category tests.,accept,pending frozen-SHA signoff,pending frozen-SHA signoff
Gems/AtomLyIntegration/AtomFont/Code/Source/FFont.cpp#69,layout/fonts,Gems/AtomLyIntegration/AtomFont/Code/Source/FFont.cpp,973,1,984,1,"Preserve CPU/GPU size, alignment, offsets, strides, bytes, and text output.",See CryCommonMigrationValidation.md and category tests.,accept,pending frozen-SHA signoff,pending frozen-SHA signoff
Gems/AtomLyIntegration/AtomFont/Code/Source/FFont.cpp#70,layout/fonts,Gems/AtomLyIntegration/AtomFont/Code/Source/FFont.cpp,976,1,987,1,"Preserve CPU/GPU size, alignment, offsets, strides, bytes, and text output.",See CryCommonMigrationValidation.md and category tests.,accept,pending frozen-SHA signoff,pending frozen-SHA signoff
Gems/AtomLyIntegration/AtomFont/Code/Source/FFont.cpp#71,layout/fonts,Gems/AtomLyIntegration/AtomFont/Code/Source/FFont.cpp,985,4,996,4,"Preserve CPU/GPU size, alignment, offsets, strides, bytes, and text output.",See CryCommonMigrationValidation.md and category tests.,accept,pending frozen-SHA signoff,pending frozen-SHA signoff
Gems/AtomLyIntegration/AtomFont/Code/Source/FFont.cpp#72,layout/fonts,Gems/AtomLyIntegration/AtomFont/Code/Source/FFont.cpp,1006,1,1017,1,"Preserve CPU/GPU size, alignment, offsets, strides, bytes, and text output.",See CryCommonMigrationValidation.md and category tests.,accept,pending frozen-SHA signoff,pending frozen-SHA signoff
Gems/AtomLyIntegration/AtomFont/Code/Source/FFont.cpp#73,layout/fonts,Gems/AtomLyIntegration/AtomFont/Code/Source/FFont.cpp,1013,1,1024,1,"Preserve CPU/GPU size, alignment, offsets, strides, bytes, and text output.",See CryCommonMigrationValidation.md and category tests.,accept,pending frozen-SHA signoff,pending frozen-SHA signoff
Gems/AtomLyIntegration/AtomFont/Code/Source/FFont.cpp#74,layout/fonts,Gems/AtomLyIntegration/AtomFont/Code/Source/FFont.cpp,1015,1,1026,1,"Preserve CPU/GPU size, alignment, offsets, strides, bytes, and text output.",See CryCommonMigrationValidation.md and category tests.,accept,pending frozen-SHA signoff,pending frozen-SHA signoff
Gems/AtomLyIntegration/AtomFont/Code/Source/FFont.cpp#75,layout/fonts,Gems/AtomLyIntegration/AtomFont/Code/Source/FFont.cpp,1020,4,1031,4,"Preserve CPU/GPU size, alignment, offsets, strides, bytes, and text output.",See CryCommonMigrationValidation.md and category tests.,accept,pending frozen-SHA signoff,pending frozen-SHA signoff
Gems/AtomLyIntegration/AtomFont/Code/Source/FFont.cpp#76,layout/fonts,Gems/AtomLyIntegration/AtomFont/Code/Source/FFont.cpp,1026,1,1037,1,"Preserve CPU/GPU size, alignment, offsets, strides, bytes, and text output.",See CryCommonMigrationValidation.md and category tests.,accept,pending frozen-SHA signoff,pending frozen-SHA signoff
Gems/AtomLyIntegration/AtomFont/Code/Source/FFont.cpp#77,layout/fonts,Gems/AtomLyIntegration/AtomFont/Code/Source/FFont.cpp,1041,4,1052,4,"Preserve CPU/GPU size, alignment, offsets, strides, bytes, and text output.",See CryCommonMigrationValidation.md and category tests.,accept,pending frozen-SHA signoff,pending frozen-SHA signoff
Gems/AtomLyIntegration/AtomFont/Code/Source/FFont.cpp#78,layout/fonts,Gems/AtomLyIntegration/AtomFont/Code/Source/FFont.cpp,1046,4,1057,4,"Preserve CPU/GPU size, alignment, offsets, strides, bytes, and text output.",See CryCommonMigrationValidation.md and category tests.,accept,pending frozen-SHA signoff,pending frozen-SHA signoff
Gems/AtomLyIntegration/AtomFont/Code/Source/FFont.cpp#79,layout/fonts,Gems/AtomLyIntegration/AtomFont/Code/Source/FFont.cpp,1061,4,1072,4,"Preserve CPU/GPU size, alignment, offsets, strides, bytes, and text output.",See CryCommonMigrationValidation.md and category tests.,accept,pending frozen-SHA signoff,pending frozen-SHA signoff
Gems/AtomLyIntegration/AtomFont/Code/Source/FFont.cpp#80,layout/fonts,Gems/AtomLyIntegration/AtomFont/Code/Source/FFont.cpp,1075,1,1086,1,"Preserve CPU/GPU size, alignment, offsets, strides, bytes, and text output.",See CryCommonMigrationValidation.md and category tests.,accept,pending frozen-SHA signoff,pending frozen-SHA signoff
Gems/AtomLyIntegration/AtomFont/Code/Source/FFont.cpp#81,layout/fonts,Gems/AtomLyIntegration/AtomFont/Code/Source/FFont.cpp,1083,1,1094,1,"Preserve CPU/GPU size, alignment, offsets, strides, bytes, and text output.",See CryCommonMigrationValidation.md and category tests.,accept,pending frozen-SHA signoff,pending frozen-SHA signoff
Gems/AtomLyIntegration/AtomFont/Code/Source/FFont.cpp#82,layout/fonts,Gems/AtomLyIntegration/AtomFont/Code/Source/FFont.cpp,1087,1,1098,4,"Preserve CPU/GPU size, alignment, offsets, strides, bytes, and text output.",See CryCommonMigrationValidation.md and category tests.,accept,pending frozen-SHA signoff,pending frozen-SHA signoff
Gems/AtomLyIntegration/AtomFont/Code/Source/FFont.cpp#83,layout/fonts,Gems/AtomLyIntegration/AtomFont/Code/Source/FFont.cpp,1091,1,1105,1,"Preserve CPU/GPU size, alignment, offsets, strides, bytes, and text output.",See CryCommonMigrationValidation.md and category tests.,accept,pending frozen-SHA signoff,pending frozen-SHA signoff
Gems/AtomLyIntegration/AtomFont/Code/Source/FFont.cpp#84,layout/fonts,Gems/AtomLyIntegration/AtomFont/Code/Source/FFont.cpp,1098,2,1112,2,"Preserve CPU/GPU size, alignment, offsets, strides, bytes, and text output.",See CryCommonMigrationValidation.md and category tests.,accept,pending frozen-SHA signoff,pending frozen-SHA signoff
Gems/AtomLyIntegration/AtomFont/Code/Source/FFont.cpp#85,layout/fonts,Gems/AtomLyIntegration/AtomFont/Code/Source/FFont.cpp,1103,2,1117,2,"Preserve CPU/GPU size, alignment, offsets, strides, bytes, and text output.",See CryCommonMigrationValidation.md and category tests.,accept,pending frozen-SHA signoff,pending frozen-SHA signoff
Gems/AtomLyIntegration/AtomFont/Code/Source/FFont.cpp#86,layout/fonts,Gems/AtomLyIntegration/AtomFont/Code/Source/FFont.cpp,1171,1,1185,1,"Preserve CPU/GPU size, alignment, offsets, strides, bytes, and text output.",See CryCommonMigrationValidation.md and category tests.,accept,pending frozen-SHA signoff,pending frozen-SHA signoff
Gems/AtomLyIntegration/AtomFont/Code/Source/FFont.cpp#87,layout/fonts,Gems/AtomLyIntegration/AtomFont/Code/Source/FFont.cpp,1173,1,1187,1,"Preserve CPU/GPU size, alignment, offsets, strides, bytes, and text output.",See CryCommonMigrationValidation.md and category tests.,accept,pending frozen-SHA signoff,pending frozen-SHA signoff
Gems/AtomLyIntegration/AtomFont/Code/Source/FFont.cpp#88,layout/fonts,Gems/AtomLyIntegration/AtomFont/Code/Source/FFont.cpp,1180,1,1194,1,"Preserve CPU/GPU size, alignment, offsets, strides, bytes, and text output.",See CryCommonMigrationValidation.md and category tests.,accept,pending frozen-SHA signoff,pending frozen-SHA signoff
Gems/AtomLyIntegration/AtomFont/Code/Source/FFont.cpp#89,layout/fonts,Gems/AtomLyIntegration/AtomFont/Code/Source/FFont.cpp,1222,1,1236,1,"Preserve CPU/GPU size, alignment, offsets, strides, bytes, and text output.",See CryCommonMigrationValidation.md and category tests.,accept,pending frozen-SHA signoff,pending frozen-SHA signoff
Gems/AtomLyIntegration/AtomFont/Code/Source/FFont.cpp#90,layout/fonts,Gems/AtomLyIntegration/AtomFont/Code/Source/FFont.cpp,1287,1,1301,1,"Preserve CPU/GPU size, alignment, offsets, strides, bytes, and text output.",See CryCommonMigrationValidation.md and category tests.,accept,pending frozen-SHA signoff,pending frozen-SHA signoff
Gems/AtomLyIntegration/AtomFont/Code/Source/FFont.cpp#91,layout/fonts,Gems/AtomLyIntegration/AtomFont/Code/Source/FFont.cpp,1346,1,1360,1,"Preserve CPU/GPU size, alignment, offsets, strides, bytes, and text output.",See CryCommonMigrationValidation.md and category tests.,accept,pending frozen-SHA signoff,pending frozen-SHA signoff
Gems/AtomLyIntegration/AtomFont/Code/Source/FFont.cpp#92,layout/fonts,Gems/AtomLyIntegration/AtomFont/Code/Source/FFont.cpp,1348,1,1362,1,"Preserve CPU/GPU size, alignment, offsets, strides, bytes, and text output.",See CryCommonMigrationValidation.md and category tests.,accept,pending frozen-SHA signoff,pending frozen-SHA signoff
Gems/AtomLyIntegration/AtomFont/Code/Source/FFont.cpp#93,layout/fonts,Gems/AtomLyIntegration/AtomFont/Code/Source/FFont.cpp,1359,1,1373,1,"Preserve CPU/GPU size, alignment, offsets, strides, bytes, and text output.",See CryCommonMigrationValidation.md and category tests.,accept,pending frozen-SHA signoff,pending frozen-SHA signoff
Gems/AtomLyIntegration/AtomFont/Code/Source/FFont.cpp#94,layout/fonts,Gems/AtomLyIntegration/AtomFont/Code/Source/FFont.cpp,1361,1,1375,1,"Preserve CPU/GPU size, alignment, offsets, strides, bytes, and text output.",See CryCommonMigrationValidation.md and category tests.,accept,pending frozen-SHA signoff,pending frozen-SHA signoff
Gems/AtomLyIntegration/AtomFont/Code/Source/FFont.cpp#95,layout/fonts,Gems/AtomLyIntegration/AtomFont/Code/Source/FFont.cpp,1363,1,1377,1,"Preserve CPU/GPU size, alignment, offsets, strides, bytes, and text output.",See CryCommonMigrationValidation.md and category tests.,accept,pending frozen-SHA signoff,pending frozen-SHA signoff
Gems/AtomLyIntegration/AtomFont/Code/Source/FFont.cpp#96,layout/fonts,Gems/AtomLyIntegration/AtomFont/Code/Source/FFont.cpp,1366,1,1380,1,"Preserve CPU/GPU size, alignment, offsets, strides, bytes, and text output.",See CryCommonMigrationValidation.md and category tests.,accept,pending frozen-SHA signoff,pending frozen-SHA signoff
Gems/AtomLyIntegration/AtomFont/Code/Source/FFont.cpp#97,layout/fonts,Gems/AtomLyIntegration/AtomFont/Code/Source/FFont.cpp,1368,1,1382,1,"Preserve CPU/GPU size, alignment, offsets, strides, bytes, and text output.",See CryCommonMigrationValidation.md and category tests.,accept,pending frozen-SHA signoff,pending frozen-SHA signoff
Gems/AtomLyIntegration/AtomFont/Code/Source/FFont.cpp#98,layout/fonts,Gems/AtomLyIntegration/AtomFont/Code/Source/FFont.cpp,1400,1,1414,1,"Preserve CPU/GPU size, alignment, offsets, strides, bytes, and text output.",See CryCommonMigrationValidation.md and category tests.,accept,pending frozen-SHA signoff,pending frozen-SHA signoff
Gems/AtomLyIntegration/AtomFont/Code/Source/FFont.cpp#99,layout/fonts,Gems/AtomLyIntegration/AtomFont/Code/Source/FFont.cpp,1405,1,1419,1,"Preserve CPU/GPU size, alignment, offsets, strides, bytes, and text output.",See CryCommonMigrationValidation.md and category tests.,accept,pending frozen-SHA signoff,pending frozen-SHA signoff
Gems/AtomLyIntegration/AtomFont/Code/Source/FFont.cpp#100,layout/fonts,Gems/AtomLyIntegration/AtomFont/Code/Source/FFont.cpp,1408,1,1422,1,"Preserve CPU/GPU size, alignment, offsets, strides, bytes, and text output.",See CryCommonMigrationValidation.md and category tests.,accept,pending frozen-SHA signoff,pending frozen-SHA signoff
Gems/AtomLyIntegration/AtomFont/Code/Source/FFont.cpp#101,layout/fonts,Gems/AtomLyIntegration/AtomFont/Code/Source/FFont.cpp,1413,1,1427,1,"Preserve CPU/GPU size, alignment, offsets, strides, bytes, and text output.",See CryCommonMigrationValidation.md and category tests.,accept,pending frozen-SHA signoff,pending frozen-SHA signoff
Gems/AtomLyIntegration/AtomFont/Code/Source/FFont.cpp#102,layout/fonts,Gems/AtomLyIntegration/AtomFont/Code/Source/FFont.cpp,1426,1,1440,1,"Preserve CPU/GPU size, alignment, offsets, strides, bytes, and text output.",See CryCommonMigrationValidation.md and category tests.,accept,pending frozen-SHA signoff,pending frozen-SHA signoff
Gems/AtomLyIntegration/AtomFont/Code/Source/FFont.cpp#103,layout/fonts,Gems/AtomLyIntegration/AtomFont/Code/Source/FFont.cpp,1531,1,1545,1,"Preserve CPU/GPU size, alignment, offsets, strides, bytes, and text output.",See CryCommonMigrationValidation.md and category tests.,accept,pending frozen-SHA signoff,pending frozen-SHA signoff
Gems/AtomLyIntegration/AtomFont/Code/Source/FFont.cpp#104,layout/fonts,Gems/AtomLyIntegration/AtomFont/Code/Source/FFont.cpp,1537,1,1551,1,"Preserve CPU/GPU size, alignment, offsets, strides, bytes, and text output.",See CryCommonMigrationValidation.md and category tests.,accept,pending frozen-SHA signoff,pending frozen-SHA signoff
Gems/AtomLyIntegration/AtomFont/Code/Source/FFont.cpp#105,layout/fonts,Gems/AtomLyIntegration/AtomFont/Code/Source/FFont.cpp,1560,1,1574,1,"Preserve CPU/GPU size, alignment, offsets, strides, bytes, and text output.",See CryCommonMigrationValidation.md and category tests.,accept,pending frozen-SHA signoff,pending frozen-SHA signoff
Gems/AtomLyIntegration/AtomFont/Code/Source/FFont.cpp#106,layout/fonts,Gems/AtomLyIntegration/AtomFont/Code/Source/FFont.cpp,1565,1,1579,1,"Preserve CPU/GPU size, alignment, offsets, strides, bytes, and text output.",See CryCommonMigrationValidation.md and category tests.,accept,pending frozen-SHA signoff,pending frozen-SHA signoff
Gems/AtomLyIntegration/AtomFont/Code/Source/FFont.cpp#107,layout/fonts,Gems/AtomLyIntegration/AtomFont/Code/Source/FFont.cpp,1570,1,1584,1,"Preserve CPU/GPU size, alignment, offsets, strides, bytes, and text output.",See CryCommonMigrationValidation.md and category tests.,accept,pending frozen-SHA signoff,pending frozen-SHA signoff
Gems/AtomLyIntegration/AtomFont/Code/Source/FFont.cpp#108,layout/fonts,Gems/AtomLyIntegration/AtomFont/Code/Source/FFont.cpp,1575,1,1589,1,"Preserve CPU/GPU size, alignment, offsets, strides, bytes, and text output.",See CryCommonMigrationValidation.md and category tests.,accept,pending frozen-SHA signoff,pending frozen-SHA signoff
Gems/AtomLyIntegration/AtomFont/Code/Source/FFont.cpp#109,layout/fonts,Gems/AtomLyIntegration/AtomFont/Code/Source/FFont.cpp,1580,1,1594,1,"Preserve CPU/GPU size, alignment, offsets, strides, bytes, and text output.",See CryCommonMigrationValidation.md and category tests.,accept,pending frozen-SHA signoff,pending frozen-SHA signoff
Gems/AtomLyIntegration/AtomFont/Code/Source/FFont.cpp#110,layout/fonts,Gems/AtomLyIntegration/AtomFont/Code/Source/FFont.cpp,1585,1,1599,1,"Preserve CPU/GPU size, alignment, offsets, strides, bytes, and text output.",See CryCommonMigrationValidation.md and category tests.,accept,pending frozen-SHA signoff,pending frozen-SHA signoff
Gems/AtomLyIntegration/AtomFont/Code/Source/FFont.cpp#111,layout/fonts,Gems/AtomLyIntegration/AtomFont/Code/Source/FFont.cpp,1625,3,1639,3,"Preserve CPU/GPU size, alignment, offsets, strides, bytes, and text output.",See CryCommonMigrationValidation.md and category tests.,accept,pending frozen-SHA signoff,pending frozen-SHA signoff
Gems/AtomLyIntegration/AtomFont/Code/Source/FFont.cpp#112,layout/fonts,Gems/AtomLyIntegration/AtomFont/Code/Source/FFont.cpp,1638,1,1652,1,"Preserve CPU/GPU size, alignment, offsets, strides, bytes, and text output.",See CryCommonMigrationValidation.md and category tests.,accept,pending frozen-SHA signoff,pending frozen-SHA signoff
Gems/AtomLyIntegration/AtomFont/Code/Source/FFont.cpp#113,layout/fonts,Gems/AtomLyIntegration/AtomFont/Code/Source/FFont.cpp,1640,1,1654,1,"Preserve CPU/GPU size, alignment, offsets, strides, bytes, and text output.",See CryCommonMigrationValidation.md and category tests.,accept,pending frozen-SHA signoff,pending frozen-SHA signoff
Gems/AtomLyIntegration/AtomFont/Code/Source/FFont.cpp#114,layout/fonts,Gems/AtomLyIntegration/AtomFont/Code/Source/FFont.cpp,1648,2,1662,2,"Preserve CPU/GPU size, alignment, offsets, strides, bytes, and text output.",See CryCommonMigrationValidation.md and category tests.,accept,pending frozen-SHA signoff,pending frozen-SHA signoff
Gems/AtomLyIntegration/AtomFont/Code/Source/FFont.cpp#115,layout/fonts,Gems/AtomLyIntegration/AtomFont/Code/Source/FFont.cpp,1654,1,1668,1,"Preserve CPU/GPU size, alignment, offsets, strides, bytes, and text output.",See CryCommonMigrationValidation.md and category tests.,accept,pending frozen-SHA signoff,pending frozen-SHA signoff
Gems/AtomLyIntegration/AtomFont/Code/Source/FFont.cpp#116,layout/fonts,Gems/AtomLyIntegration/AtomFont/Code/Source/FFont.cpp,1658,1,1672,1,"Preserve CPU/GPU size, alignment, offsets, strides, bytes, and text output.",See CryCommonMigrationValidation.md and category tests.,accept,pending frozen-SHA signoff,pending frozen-SHA signoff
Gems/AtomLyIntegration/AtomFont/Code/Source/FFont.cpp#117,layout/fonts,Gems/AtomLyIntegration/AtomFont/Code/Source/FFont.cpp,1663,1,1677,1,"Preserve CPU/GPU size, alignment, offsets, strides, bytes, and text output.",See CryCommonMigrationValidation.md and category tests.,accept,pending frozen-SHA signoff,pending frozen-SHA signoff
Gems/AtomLyIntegration/AtomFont/Code/Source/FFont.cpp#118,layout/fonts,Gems/AtomLyIntegration/AtomFont/Code/Source/FFont.cpp,1667,1,1681,1,"Preserve CPU/GPU size, alignment, offsets, strides, bytes, and text output.",See CryCommonMigrationValidation.md and category tests.,accept,pending frozen-SHA signoff,pending frozen-SHA signoff
Gems/AtomLyIntegration/AtomFont/Code/Source/FFont.cpp#119,layout/fonts,Gems/AtomLyIntegration/AtomFont/Code/Source/FFont.cpp,1669,1,1683,1,"Preserve CPU/GPU size, alignment, offsets, strides, bytes, and text output.",See CryCommonMigrationValidation.md and category tests.,accept,pending frozen-SHA signoff,pending frozen-SHA signoff
Gems/AtomLyIntegration/AtomFont/Code/Source/FFont.cpp#120,layout/fonts,Gems/AtomLyIntegration/AtomFont/Code/Source/FFont.cpp,1688,4,1702,4,"Preserve CPU/GPU size, alignment, offsets, strides, bytes, and text output.",See CryCommonMigrationValidation.md and category tests.,accept,pending frozen-SHA signoff,pending frozen-SHA signoff
Gems/AtomLyIntegration/AtomFont/Code/Source/FFont.cpp#121,layout/fonts,Gems/AtomLyIntegration/AtomFont/Code/Source/FFont.cpp,1727,2,1741,2,"Preserve CPU/GPU size, alignment, offsets, strides, bytes, and text output.",See CryCommonMigrationValidation.md and category tests.,accept,pending frozen-SHA signoff,pending frozen-SHA signoff
Gems/AtomLyIntegration/AtomFont/Code/Source/FFont.cpp#122,layout/fonts,Gems/AtomLyIntegration/AtomFont/Code/Source/FFont.cpp,1745,1,1758,0,"Preserve CPU/GPU size, alignment, offsets, strides, bytes, and text output.",See CryCommonMigrationValidation.md and category tests.,accept,pending frozen-SHA signoff,pending frozen-SHA signoff
Gems/AtomLyIntegration/AtomFont/Code/Source/FFontXML.cpp#1,layout/fonts,Gems/AtomLyIntegration/AtomFont/Code/Source/FFontXML.cpp,20,1,20,1,"Preserve CPU/GPU size, alignment, offsets, strides, bytes, and text output.",See CryCommonMigrationValidation.md and category tests.,accept,pending frozen-SHA signoff,pending frozen-SHA signoff
Gems/AtomLyIntegration/AtomFont/Code/Source/FFontXML_Internal.h#1,layout/fonts,Gems/AtomLyIntegration/AtomFont/Code/Source/FFontXML_Internal.h,17,2,17,1,"Preserve CPU/GPU size, alignment, offsets, strides, bytes, and text output.",See CryCommonMigrationValidation.md and category tests.,accept,pending frozen-SHA signoff,pending frozen-SHA signoff
Gems/AtomLyIntegration/AtomFont/Code/Source/FFontXML_Internal.h#2,layout/fonts,Gems/AtomLyIntegration/AtomFont/Code/Source/FFontXML_Internal.h,25,0,25,11,"Preserve CPU/GPU size, alignment, offsets, strides, bytes, and text output.",See CryCommonMigrationValidation.md and category tests.,accept,pending frozen-SHA signoff,pending frozen-SHA signoff
Gems/AtomLyIntegration/AtomFont/Code/Source/FFontXML_Internal.h#3,layout/fonts,Gems/AtomLyIntegration/AtomFont/Code/Source/FFontXML_Internal.h,347,1,357,1,"Preserve CPU/GPU size, alignment, offsets, strides, bytes, and text output.",See CryCommonMigrationValidation.md and category tests.,accept,pending frozen-SHA signoff,pending frozen-SHA signoff
Gems/AtomLyIntegration/AtomFont/Code/Source/FFontXML_Internal.h#4,layout/fonts,Gems/AtomLyIntegration/AtomFont/Code/Source/FFontXML_Internal.h,351,1,361,1,"Preserve CPU/GPU size, alignment, offsets, strides, bytes, and text output.",See CryCommonMigrationValidation.md and category tests.,accept,pending frozen-SHA signoff,pending frozen-SHA signoff
Gems/AtomLyIntegration/AtomFont/Code/Source/FFontXML_Internal.h#5,layout/fonts,Gems/AtomLyIntegration/AtomFont/Code/Source/FFontXML_Internal.h,409,1,418,0,"Preserve CPU/GPU size, alignment, offsets, strides, bytes, and text output.",See CryCommonMigrationValidation.md and category tests.,accept,pending frozen-SHA signoff,pending frozen-SHA signoff
Gems/AtomLyIntegration/AtomFont/Code/Source/FontRenderer.cpp#1,consumers,Gems/AtomLyIntegration/AtomFont/Code/Source/FontRenderer.cpp,299,1,299,1,Use an equivalent AZ/AZStd contract or remove a proven dead dependency.,See CryCommonMigrationValidation.md and category tests.,accept,pending frozen-SHA signoff,pending frozen-SHA signoff
Gems/AtomLyIntegration/AtomFont/Code/Source/FontRenderer.cpp#2,consumers,Gems/AtomLyIntegration/AtomFont/Code/Source/FontRenderer.cpp,319,1,319,1,Use an equivalent AZ/AZStd contract or remove a proven dead dependency.,See CryCommonMigrationValidation.md and category tests.,accept,pending frozen-SHA signoff,pending frozen-SHA signoff
Gems/AtomLyIntegration/AtomFont/Code/Source/FontTexture.cpp#1,consumers,Gems/AtomLyIntegration/AtomFont/Code/Source/FontTexture.cpp,404,1,404,1,Use an equivalent AZ/AZStd contract or remove a proven dead dependency.,See CryCommonMigrationValidation.md and category tests.,accept,pending frozen-SHA signoff,pending frozen-SHA signoff
Gems/AtomLyIntegration/AtomFont/Code/Source/GlyphBitmap.cpp#1,consumers,Gems/AtomLyIntegration/AtomFont/Code/Source/GlyphBitmap.cpp,15,1,15,1,Use an equivalent AZ/AZStd contract or remove a proven dead dependency.,See CryCommonMigrationValidation.md and category tests.,accept,pending frozen-SHA signoff,pending frozen-SHA signoff
Gems/AtomLyIntegration/AtomFont/Code/Source/GlyphBitmap.cpp#2,consumers,Gems/AtomLyIntegration/AtomFont/Code/Source/GlyphBitmap.cpp,189,1,189,1,Use an equivalent AZ/AZStd contract or remove a proven dead dependency.,See CryCommonMigrationValidation.md and category tests.,accept,pending frozen-SHA signoff,pending frozen-SHA signoff
Gems/AtomLyIntegration/AtomFont/Code/Source/GlyphBitmap.cpp#3,consumers,Gems/AtomLyIntegration/AtomFont/Code/Source/GlyphBitmap.cpp,208,1,208,1,Use an equivalent AZ/AZStd contract or remove a proven dead dependency.,See CryCommonMigrationValidation.md and category tests.,accept,pending frozen-SHA signoff,pending frozen-SHA signoff
Gems/AtomLyIntegration/AtomFont/Code/Source/GlyphCache.cpp#1,consumers,Gems/AtomLyIntegration/AtomFont/Code/Source/GlyphCache.cpp,364,1,364,1,Use an equivalent AZ/AZStd contract or remove a proven dead dependency.,See CryCommonMigrationValidation.md and category tests.,accept,pending frozen-SHA signoff,pending frozen-SHA signoff
Gems/AtomLyIntegration/AtomFont/Code/Source/Tests/test_Main.cpp#1,consumers,Gems/AtomLyIntegration/AtomFont/Code/Source/Tests/test_Main.cpp,9,0,10,4,Use an equivalent AZ/AZStd contract or remove a proven dead dependency.,See CryCommonMigrationValidation.md and category tests.,accept,pending frozen-SHA signoff,pending frozen-SHA signoff
Gems/AtomLyIntegration/AtomFont/Code/Source/Tests/test_Main.cpp#2,consumers,Gems/AtomLyIntegration/AtomFont/Code/Source/Tests/test_Main.cpp,16,0,21,94,Use an equivalent AZ/AZStd contract or remove a proven dead dependency.,See CryCommonMigrationValidation.md and category tests.,accept,pending frozen-SHA signoff,pending frozen-SHA signoff
Gems/AtomLyIntegration/AtomViewportDisplayInfo/Code/CMakeLists.txt#1,build dependencies,Gems/AtomLyIntegration/AtomViewportDisplayInfo/Code/CMakeLists.txt,21,0,22,1,Remove only dependencies proven unused by no-unity compilation.,See CryCommonMigrationValidation.md and category tests.,accept,pending frozen-SHA signoff,pending frozen-SHA signoff
Gems/AtomLyIntegration/AtomViewportDisplayInfo/Code/CMakeLists.txt#2,build dependencies,Gems/AtomLyIntegration/AtomViewportDisplayInfo/Code/CMakeLists.txt,23,1,23,0,Remove only dependencies proven unused by no-unity compilation.,See CryCommonMigrationValidation.md and category tests.,accept,pending frozen-SHA signoff,pending frozen-SHA signoff
Gems/AtomLyIntegration/AtomViewportDisplayInfo/Code/CMakeLists.txt#3,build dependencies,Gems/AtomLyIntegration/AtomViewportDisplayInfo/Code/CMakeLists.txt,64,1,63,0,Remove only dependencies proven unused by no-unity compilation.,See CryCommonMigrationValidation.md and category tests.,accept,pending frozen-SHA signoff,pending frozen-SHA signoff
Gems/AtomLyIntegration/AtomViewportDisplayInfo/Code/Source/AtomViewportDisplayInfoSystemComponent.cpp#1,consumers,Gems/AtomLyIntegration/AtomViewportDisplayInfo/Code/Source/AtomViewportDisplayInfoSystemComponent.cpp,29,2,28,0,Use an equivalent AZ/AZStd contract or remove a proven dead dependency.,See CryCommonMigrationValidation.md and category tests.,accept,pending frozen-SHA signoff,pending frozen-SHA signoff
Gems/AtomLyIntegration/AtomViewportDisplayInfo/Code/Source/AtomViewportDisplayInfoSystemComponent.h#1,consumers,Gems/AtomLyIntegration/AtomViewportDisplayInfo/Code/Source/AtomViewportDisplayInfoSystemComponent.h,12,1,11,0,Use an equivalent AZ/AZStd contract or remove a proven dead dependency.,See CryCommonMigrationValidation.md and category tests.,accept,pending frozen-SHA signoff,pending frozen-SHA signoff
Gems/AudioSystem/Code/Source/Editor/AudioControlsEditorPlugin.cpp#1,consumers,Gems/AudioSystem/Code/Source/Editor/AudioControlsEditorPlugin.cpp,21,1,20,0,Use an equivalent AZ/AZStd contract or remove a proven dead dependency.,See CryCommonMigrationValidation.md and category tests.,accept,pending frozen-SHA signoff,pending frozen-SHA signoff
Gems/AudioSystem/Code/Source/Engine/ATLAudioObject.cpp#1,consumers,Gems/AudioSystem/Code/Source/Engine/ATLAudioObject.cpp,16,1,15,0,Use an equivalent AZ/AZStd contract or remove a proven dead dependency.,See CryCommonMigrationValidation.md and category tests.,accept,pending frozen-SHA signoff,pending frozen-SHA signoff
Gems/AudioSystem/Code/Source/Engine/ATLComponents.cpp#1,consumers,Gems/AudioSystem/Code/Source/Engine/ATLComponents.cpp,29,1,28,0,Use an equivalent AZ/AZStd contract or remove a proven dead dependency.,See CryCommonMigrationValidation.md and category tests.,accept,pending frozen-SHA signoff,pending frozen-SHA signoff
Gems/CameraFramework/Code/CMakeLists.txt#1,build dependencies,Gems/CameraFramework/Code/CMakeLists.txt,21,1,20,0,Remove only dependencies proven unused by no-unity compilation.,See CryCommonMigrationValidation.md and category tests.,accept,pending frozen-SHA signoff,pending frozen-SHA signoff
Gems/EMotionFX/Code/Source/Integration/Components/AnimAudioComponent.cpp#1,consumers,Gems/EMotionFX/Code/Source/Integration/Components/AnimAudioComponent.cpp,21,1,20,0,Use an equivalent AZ/AZStd contract or remove a proven dead dependency.,See CryCommonMigrationValidation.md and category tests.,accept,pending frozen-SHA signoff,pending frozen-SHA signoff
Gems/EMotionFX/Code/Source/Integration/Components/SimpleLODComponent.cpp#1,consumers,Gems/EMotionFX/Code/Source/Integration/Components/SimpleLODComponent.cpp,23,1,22,0,Use an equivalent AZ/AZStd contract or remove a proven dead dependency.,See CryCommonMigrationValidation.md and category tests.,accept,pending frozen-SHA signoff,pending frozen-SHA signoff
Gems/EMotionFX/Code/Source/Integration/Editor/Components/EditorSimpleLODComponent.cpp#1,consumers,Gems/EMotionFX/Code/Source/Integration/Editor/Components/EditorSimpleLODComponent.cpp,11,1,10,0,Use an equivalent AZ/AZStd contract or remove a proven dead dependency.,See CryCommonMigrationValidation.md and category tests.,accept,pending frozen-SHA signoff,pending frozen-SHA signoff
Gems/EMotionFX/Code/Tests/Game/SamplePerformanceTests.cpp#1,consumers,Gems/EMotionFX/Code/Tests/Game/SamplePerformanceTests.cpp,184,1,184,1,Use an equivalent AZ/AZStd contract or remove a proven dead dependency.,See CryCommonMigrationValidation.md and category tests.,accept,pending frozen-SHA signoff,pending frozen-SHA signoff
Gems/EMotionFX/Code/Tests/UI/LODSkinnedMeshTests.cpp#1,consumers,Gems/EMotionFX/Code/Tests/UI/LODSkinnedMeshTests.cpp,136,1,136,1,Use an equivalent AZ/AZStd contract or remove a proven dead dependency.,See CryCommonMigrationValidation.md and category tests.,accept,pending frozen-SHA signoff,pending frozen-SHA signoff
Gems/EMotionFX/Code/Tests/UI/LODSkinnedMeshTests.cpp#2,consumers,Gems/EMotionFX/Code/Tests/UI/LODSkinnedMeshTests.cpp,145,1,145,1,Use an equivalent AZ/AZStd contract or remove a proven dead dependency.,See CryCommonMigrationValidation.md and category tests.,accept,pending frozen-SHA signoff,pending frozen-SHA signoff
Gems/Gestures/Code/CMakeLists.txt#1,build dependencies,Gems/Gestures/Code/CMakeLists.txt,23,1,22,0,Remove only dependencies proven unused by no-unity compilation.,See CryCommonMigrationValidation.md and category tests.,accept,pending frozen-SHA signoff,pending frozen-SHA signoff
Gems/Gestures/Code/CMakeLists.txt#2,build dependencies,Gems/Gestures/Code/CMakeLists.txt,24,0,24,2,Remove only dependencies proven unused by no-unity compilation.,See CryCommonMigrationValidation.md and category tests.,accept,pending frozen-SHA signoff,pending frozen-SHA signoff
Gems/Gestures/Code/CMakeLists.txt#3,build dependencies,Gems/Gestures/Code/CMakeLists.txt,76,1,76,0,Remove only dependencies proven unused by no-unity compilation.,See CryCommonMigrationValidation.md and category tests.,accept,pending frozen-SHA signoff,pending frozen-SHA signoff
Gems/Gestures/Code/Include/Gestures/GestureRecognizerClickOrTap.inl#1,consumers,Gems/Gestures/Code/Include/Gestures/GestureRecognizerClickOrTap.inl,13,1,12,0,Use an equivalent AZ/AZStd contract or remove a proven dead dependency.,See CryCommonMigrationValidation.md and category tests.,accept,pending frozen-SHA signoff,pending frozen-SHA signoff
Gems/Gestures/Code/Include/Gestures/GestureRecognizerDrag.inl#1,consumers,Gems/Gestures/Code/Include/Gestures/GestureRecognizerDrag.inl,12,1,11,0,Use an equivalent AZ/AZStd contract or remove a proven dead dependency.,See CryCommonMigrationValidation.md and category tests.,accept,pending frozen-SHA signoff,pending frozen-SHA signoff
Gems/Gestures/Code/Include/Gestures/GestureRecognizerHold.h#1,consumers,Gems/Gestures/Code/Include/Gestures/GestureRecognizerHold.h,12,1,11,0,Use an equivalent AZ/AZStd contract or remove a proven dead dependency.,See CryCommonMigrationValidation.md and category tests.,accept,pending frozen-SHA signoff,pending frozen-SHA signoff
Gems/Gestures/Code/Include/Gestures/GestureRecognizerHold.inl#1,consumers,Gems/Gestures/Code/Include/Gestures/GestureRecognizerHold.inl,12,1,11,0,Use an equivalent AZ/AZStd contract or remove a proven dead dependency.,See CryCommonMigrationValidation.md and category tests.,accept,pending frozen-SHA signoff,pending frozen-SHA signoff
Gems/Gestures/Code/Include/Gestures/GestureRecognizerPinch.inl#1,consumers,Gems/Gestures/Code/Include/Gestures/GestureRecognizerPinch.inl,12,1,11,0,Use an equivalent AZ/AZStd contract or remove a proven dead dependency.,See CryCommonMigrationValidation.md and category tests.,accept,pending frozen-SHA signoff,pending frozen-SHA signoff
Gems/Gestures/Code/Include/Gestures/GestureRecognizerPinch.inl#2,consumers,Gems/Gestures/Code/Include/Gestures/GestureRecognizerPinch.inl,109,1,108,1,Use an equivalent AZ/AZStd contract or remove a proven dead dependency.,See CryCommonMigrationValidation.md and category tests.,accept,pending frozen-SHA signoff,pending frozen-SHA signoff
Gems/Gestures/Code/Include/Gestures/GestureRecognizerRotate.inl#1,consumers,Gems/Gestures/Code/Include/Gestures/GestureRecognizerRotate.inl,12,1,11,0,Use an equivalent AZ/AZStd contract or remove a proven dead dependency.,See CryCommonMigrationValidation.md and category tests.,accept,pending frozen-SHA signoff,pending frozen-SHA signoff
Gems/Gestures/Code/Include/Gestures/GestureRecognizerRotate.inl#2,consumers,Gems/Gestures/Code/Include/Gestures/GestureRecognizerRotate.inl,228,1,227,1,Use an equivalent AZ/AZStd contract or remove a proven dead dependency.,See CryCommonMigrationValidation.md and category tests.,accept,pending frozen-SHA signoff,pending frozen-SHA signoff
Gems/Gestures/Code/Include/Gestures/GestureRecognizerSwipe.inl#1,consumers,Gems/Gestures/Code/Include/Gestures/GestureRecognizerSwipe.inl,12,1,11,0,Use an equivalent AZ/AZStd contract or remove a proven dead dependency.,See CryCommonMigrationValidation.md and category tests.,accept,pending frozen-SHA signoff,pending frozen-SHA signoff
Gems/Gestures/Code/Include/Gestures/IGestureRecognizer.h#1,consumers,Gems/Gestures/Code/Include/Gestures/IGestureRecognizer.h,12,1,12,1,Use an equivalent AZ/AZStd contract or remove a proven dead dependency.,See CryCommonMigrationValidation.md and category tests.,accept,pending frozen-SHA signoff,pending frozen-SHA signoff
Gems/Gestures/Code/Include/Gestures/IGestureRecognizer.h#2,consumers,Gems/Gestures/Code/Include/Gestures/IGestureRecognizer.h,97,2,97,2,Use an equivalent AZ/AZStd contract or remove a proven dead dependency.,See CryCommonMigrationValidation.md and category tests.,accept,pending frozen-SHA signoff,pending frozen-SHA signoff
Gems/Gestures/Code/Tests/BaseGestureTest.h#1,consumers,Gems/Gestures/Code/Tests/BaseGestureTest.h,9,1,8,0,Use an equivalent AZ/AZStd contract or remove a proven dead dependency.,See CryCommonMigrationValidation.md and category tests.,accept,pending frozen-SHA signoff,pending frozen-SHA signoff
Gems/Gestures/Code/Tests/BaseGestureTest.h#2,consumers,Gems/Gestures/Code/Tests/BaseGestureTest.h,37,3,35,0,Use an equivalent AZ/AZStd contract or remove a proven dead dependency.,See CryCommonMigrationValidation.md and category tests.,accept,pending frozen-SHA signoff,pending frozen-SHA signoff
Gems/Gestures/Code/Tests/BaseGestureTest.h#3,consumers,Gems/Gestures/Code/Tests/BaseGestureTest.h,47,7,42,0,Use an equivalent AZ/AZStd contract or remove a proven dead dependency.,See CryCommonMigrationValidation.md and category tests.,accept,pending frozen-SHA signoff,pending frozen-SHA signoff
Gems/Gestures/Code/Tests/BaseGestureTest.h#4,consumers,Gems/Gestures/Code/Tests/BaseGestureTest.h,84,1,73,1,Use an equivalent AZ/AZStd contract or remove a proven dead dependency.,See CryCommonMigrationValidation.md and category tests.,accept,pending frozen-SHA signoff,pending frozen-SHA signoff
Gems/Gestures/Code/Tests/BaseGestureTest.h#5,consumers,Gems/Gestures/Code/Tests/BaseGestureTest.h,90,1,79,1,Use an equivalent AZ/AZStd contract or remove a proven dead dependency.,See CryCommonMigrationValidation.md and category tests.,accept,pending frozen-SHA signoff,pending frozen-SHA signoff
Gems/Gestures/Code/Tests/BaseGestureTest.h#6,consumers,Gems/Gestures/Code/Tests/BaseGestureTest.h,96,1,85,1,Use an equivalent AZ/AZStd contract or remove a proven dead dependency.,See CryCommonMigrationValidation.md and category tests.,accept,pending frozen-SHA signoff,pending frozen-SHA signoff
Gems/Gestures/Code/Tests/BaseGestureTest.h#7,consumers,Gems/Gestures/Code/Tests/BaseGestureTest.h,103,1,91,0,Use an equivalent AZ/AZStd contract or remove a proven dead dependency.,See CryCommonMigrationValidation.md and category tests.,accept,pending frozen-SHA signoff,pending frozen-SHA signoff
Gems/Gestures/Code/Tests/GestureRecognizerPinchTests.cpp#1,consumers,Gems/Gestures/Code/Tests/GestureRecognizerPinchTests.cpp,73,1,73,1,Use an equivalent AZ/AZStd contract or remove a proven dead dependency.,See CryCommonMigrationValidation.md and category tests.,accept,pending frozen-SHA signoff,pending frozen-SHA signoff
Gems/Gestures/Code/Tests/GestureRecognizerPinchTests.cpp#2,consumers,Gems/Gestures/Code/Tests/GestureRecognizerPinchTests.cpp,83,1,83,1,Use an equivalent AZ/AZStd contract or remove a proven dead dependency.,See CryCommonMigrationValidation.md and category tests.,accept,pending frozen-SHA signoff,pending frozen-SHA signoff
Gems/Gestures/Code/Tests/GestureRecognizerPinchTests.cpp#3,consumers,Gems/Gestures/Code/Tests/GestureRecognizerPinchTests.cpp,98,2,98,2,Use an equivalent AZ/AZStd contract or remove a proven dead dependency.,See CryCommonMigrationValidation.md and category tests.,accept,pending frozen-SHA signoff,pending frozen-SHA signoff
Gems/Gestures/Code/Tests/GestureRecognizerPinchTests.cpp#4,consumers,Gems/Gestures/Code/Tests/GestureRecognizerPinchTests.cpp,129,2,129,2,Use an equivalent AZ/AZStd contract or remove a proven dead dependency.,See CryCommonMigrationValidation.md and category tests.,accept,pending frozen-SHA signoff,pending frozen-SHA signoff
Gems/Gestures/Code/Tests/GestureRecognizerPinchTests.cpp#5,consumers,Gems/Gestures/Code/Tests/GestureRecognizerPinchTests.cpp,148,2,148,2,Use an equivalent AZ/AZStd contract or remove a proven dead dependency.,See CryCommonMigrationValidation.md and category tests.,accept,pending frozen-SHA signoff,pending frozen-SHA signoff
Gems/ImGui/Code/Source/LYCommonMenu/ImGuiLYEntityOutliner.h#1,consumers,Gems/ImGui/Code/Source/LYCommonMenu/ImGuiLYEntityOutliner.h,9,0,10,1,Use an equivalent AZ/AZStd contract or remove a proven dead dependency.,See CryCommonMigrationValidation.md and category tests.,accept,pending frozen-SHA signoff,pending frozen-SHA signoff
Gems/InAppPurchases/Code/CMakeLists.txt#1,build dependencies,Gems/InAppPurchases/Code/CMakeLists.txt,26,1,25,0,Remove only dependencies proven unused by no-unity compilation.,See CryCommonMigrationValidation.md and category tests.,accept,pending frozen-SHA signoff,pending frozen-SHA signoff
Gems/InAppPurchases/Code/Source/InAppPurchasesModule.h#1,consumers,Gems/InAppPurchases/Code/Source/InAppPurchasesModule.h,12,1,11,0,Use an equivalent AZ/AZStd contract or remove a proven dead dependency.,See CryCommonMigrationValidation.md and category tests.,accept,pending frozen-SHA signoff,pending frozen-SHA signoff
Gems/LmbrCentral/Code/Source/Asset/AssetSystemDebugComponent.cpp#1,consumers,Gems/LmbrCentral/Code/Source/Asset/AssetSystemDebugComponent.cpp,76,1,76,1,Use an equivalent AZ/AZStd contract or remove a proven dead dependency.,See CryCommonMigrationValidation.md and category tests.,accept,pending frozen-SHA signoff,pending frozen-SHA signoff
Gems/LmbrCentral/Code/Source/Audio/AudioAreaEnvironmentComponent.cpp#1,consumers,Gems/LmbrCentral/Code/Source/Audio/AudioAreaEnvironmentComponent.cpp,24,1,23,0,Use an equivalent AZ/AZStd contract or remove a proven dead dependency.,See CryCommonMigrationValidation.md and category tests.,accept,pending frozen-SHA signoff,pending frozen-SHA signoff
Gems/LmbrCentral/Code/Source/Audio/AudioEnvironmentComponent.cpp#1,consumers,Gems/LmbrCentral/Code/Source/Audio/AudioEnvironmentComponent.cpp,11,1,10,0,Use an equivalent AZ/AZStd contract or remove a proven dead dependency.,See CryCommonMigrationValidation.md and category tests.,accept,pending frozen-SHA signoff,pending frozen-SHA signoff
Gems/LmbrCentral/Code/Source/Audio/AudioListenerComponent.cpp#1,consumers,Gems/LmbrCentral/Code/Source/Audio/AudioListenerComponent.cpp,18,1,17,0,Use an equivalent AZ/AZStd contract or remove a proven dead dependency.,See CryCommonMigrationValidation.md and category tests.,accept,pending frozen-SHA signoff,pending frozen-SHA signoff
Gems/LmbrCentral/Code/Source/Audio/AudioListenerComponent.cpp#2,consumers,Gems/LmbrCentral/Code/Source/Audio/AudioListenerComponent.cpp,20,1,18,0,Use an equivalent AZ/AZStd contract or remove a proven dead dependency.,See CryCommonMigrationValidation.md and category tests.,accept,pending frozen-SHA signoff,pending frozen-SHA signoff
Gems/LmbrCentral/Code/Source/Audio/AudioListenerComponent.cpp#3,consumers,Gems/LmbrCentral/Code/Source/Audio/AudioListenerComponent.cpp,89,1,87,1,Use an equivalent AZ/AZStd contract or remove a proven dead dependency.,See CryCommonMigrationValidation.md and category tests.,accept,pending frozen-SHA signoff,pending frozen-SHA signoff
Gems/LmbrCentral/Code/Source/Audio/AudioPreloadComponent.cpp#1,consumers,Gems/LmbrCentral/Code/Source/Audio/AudioPreloadComponent.cpp,11,1,10,0,Use an equivalent AZ/AZStd contract or remove a proven dead dependency.,See CryCommonMigrationValidation.md and category tests.,accept,pending frozen-SHA signoff,pending frozen-SHA signoff
Gems/LmbrCentral/Code/Source/Audio/AudioProxyComponent.cpp#1,consumers,Gems/LmbrCentral/Code/Source/Audio/AudioProxyComponent.cpp,11,2,10,0,Use an equivalent AZ/AZStd contract or remove a proven dead dependency.,See CryCommonMigrationValidation.md and category tests.,accept,pending frozen-SHA signoff,pending frozen-SHA signoff
Gems/LmbrCentral/Code/Source/Audio/AudioRtpcComponent.cpp#1,consumers,Gems/LmbrCentral/Code/Source/Audio/AudioRtpcComponent.cpp,11,1,10,0,Use an equivalent AZ/AZStd contract or remove a proven dead dependency.,See CryCommonMigrationValidation.md and category tests.,accept,pending frozen-SHA signoff,pending frozen-SHA signoff
Gems/LmbrCentral/Code/Source/Audio/AudioSwitchComponent.cpp#1,consumers,Gems/LmbrCentral/Code/Source/Audio/AudioSwitchComponent.cpp,11,1,10,0,Use an equivalent AZ/AZStd contract or remove a proven dead dependency.,See CryCommonMigrationValidation.md and category tests.,accept,pending frozen-SHA signoff,pending frozen-SHA signoff
Gems/LmbrCentral/Code/Source/Audio/AudioTriggerComponent.cpp#1,consumers,Gems/LmbrCentral/Code/Source/Audio/AudioTriggerComponent.cpp,15,1,14,0,Use an equivalent AZ/AZStd contract or remove a proven dead dependency.,See CryCommonMigrationValidation.md and category tests.,accept,pending frozen-SHA signoff,pending frozen-SHA signoff
Gems/LmbrCentral/Code/Source/Builders/BenchmarkAssetBuilder/BenchmarkAssetBuilderWorker.cpp#1,consumers,Gems/LmbrCentral/Code/Source/Builders/BenchmarkAssetBuilder/BenchmarkAssetBuilderWorker.cpp,19,1,18,0,Use an equivalent AZ/AZStd contract or remove a proven dead dependency.,See CryCommonMigrationValidation.md and category tests.,accept,pending frozen-SHA signoff,pending frozen-SHA signoff
Gems/LmbrCentral/Code/Source/Shape/CapsuleShape.cpp#1,consumers,Gems/LmbrCentral/Code/Source/Shape/CapsuleShape.cpp,17,1,16,0,Use an equivalent AZ/AZStd contract or remove a proven dead dependency.,See CryCommonMigrationValidation.md and category tests.,accept,pending frozen-SHA signoff,pending frozen-SHA signoff
Gems/LmbrCentral/Code/Source/Shape/EditorSplineComponent.cpp#1,consumers,Gems/LmbrCentral/Code/Source/Shape/EditorSplineComponent.cpp,22,1,21,0,Use an equivalent AZ/AZStd contract or remove a proven dead dependency.,See CryCommonMigrationValidation.md and category tests.,accept,pending frozen-SHA signoff,pending frozen-SHA signoff
Gems/LmbrCentral/Code/Source/Shape/EditorTubeShapeComponent.cpp#1,consumers,Gems/LmbrCentral/Code/Source/Shape/EditorTubeShapeComponent.cpp,20,1,19,0,Use an equivalent AZ/AZStd contract or remove a proven dead dependency.,See CryCommonMigrationValidation.md and category tests.,accept,pending frozen-SHA signoff,pending frozen-SHA signoff
Gems/LmbrCentral/Code/Source/Shape/PolygonPrismShape.cpp#1,consumers,Gems/LmbrCentral/Code/Source/Shape/PolygonPrismShape.cpp,18,1,17,0,Use an equivalent AZ/AZStd contract or remove a proven dead dependency.,See CryCommonMigrationValidation.md and category tests.,accept,pending frozen-SHA signoff,pending frozen-SHA signoff
Gems/LmbrCentral/Code/Source/Shape/TubeShape.h#1,consumers,Gems/LmbrCentral/Code/Source/Shape/TubeShape.h,14,1,14,1,Use an equivalent AZ/AZStd contract or remove a proven dead dependency.,See CryCommonMigrationValidation.md and category tests.,accept,pending frozen-SHA signoff,pending frozen-SHA signoff
Gems/LyShine/Code/Editor/Animation/AnimationContext.cpp#1,animation/math,Gems/LyShine/Code/Editor/Animation/AnimationContext.cpp,28,0,29,1,"Preserve animation ordering, key data, and legacy numeric edge behavior.",See CryCommonMigrationValidation.md and category tests.,accept,pending frozen-SHA signoff,pending frozen-SHA signoff
Gems/LyShine/Code/Editor/Animation/AnimationContext.cpp#2,animation/math,Gems/LyShine/Code/Editor/Animation/AnimationContext.cpp,135,1,136,4,"Preserve animation ordering, key data, and legacy numeric edge behavior.",See CryCommonMigrationValidation.md and category tests.,accept,pending frozen-SHA signoff,pending frozen-SHA signoff
Gems/LyShine/Code/Editor/Animation/AnimationContext.cpp#3,animation/math,Gems/LyShine/Code/Editor/Animation/AnimationContext.cpp,141,1,145,5,"Preserve animation ordering, key data, and legacy numeric edge behavior.",See CryCommonMigrationValidation.md and category tests.,accept,pending frozen-SHA signoff,pending frozen-SHA signoff
Gems/LyShine/Code/Editor/Animation/Controls/UiSplineCtrlEx.cpp#1,animation/math,Gems/LyShine/Code/Editor/Animation/Controls/UiSplineCtrlEx.cpp,334,1,334,1,"Preserve animation ordering, key data, and legacy numeric edge behavior.",See CryCommonMigrationValidation.md and category tests.,accept,pending frozen-SHA signoff,pending frozen-SHA signoff
Gems/LyShine/Code/Editor/Animation/Controls/UiSplineCtrlEx.cpp#2,animation/math,Gems/LyShine/Code/Editor/Animation/Controls/UiSplineCtrlEx.cpp,336,1,336,1,"Preserve animation ordering, key data, and legacy numeric edge behavior.",See CryCommonMigrationValidation.md and category tests.,accept,pending frozen-SHA signoff,pending frozen-SHA signoff
Gems/LyShine/Code/Editor/Animation/Controls/UiSplineCtrlEx.cpp#3,animation/math,Gems/LyShine/Code/Editor/Animation/Controls/UiSplineCtrlEx.cpp,339,1,339,1,"Preserve animation ordering, key data, and legacy numeric edge behavior.",See CryCommonMigrationValidation.md and category tests.,accept,pending frozen-SHA signoff,pending frozen-SHA signoff
Gems/LyShine/Code/Editor/Animation/Controls/UiSplineCtrlEx.cpp#4,animation/math,Gems/LyShine/Code/Editor/Animation/Controls/UiSplineCtrlEx.cpp,341,1,341,1,"Preserve animation ordering, key data, and legacy numeric edge behavior.",See CryCommonMigrationValidation.md and category tests.,accept,pending frozen-SHA signoff,pending frozen-SHA signoff
Gems/LyShine/Code/Editor/Animation/Controls/UiSplineCtrlEx.cpp#5,animation/math,Gems/LyShine/Code/Editor/Animation/Controls/UiSplineCtrlEx.cpp,345,1,345,1,"Preserve animation ordering, key data, and legacy numeric edge behavior.",See CryCommonMigrationValidation.md and category tests.,accept,pending frozen-SHA signoff,pending frozen-SHA signoff
Gems/LyShine/Code/Editor/Animation/Controls/UiSplineCtrlEx.cpp#6,animation/math,Gems/LyShine/Code/Editor/Animation/Controls/UiSplineCtrlEx.cpp,348,1,348,1,"Preserve animation ordering, key data, and legacy numeric edge behavior.",See CryCommonMigrationValidation.md and category tests.,accept,pending frozen-SHA signoff,pending frozen-SHA signoff
Gems/LyShine/Code/Editor/Animation/Controls/UiSplineCtrlEx.cpp#7,animation/math,Gems/LyShine/Code/Editor/Animation/Controls/UiSplineCtrlEx.cpp,351,1,351,1,"Preserve animation ordering, key data, and legacy numeric edge behavior.",See CryCommonMigrationValidation.md and category tests.,accept,pending frozen-SHA signoff,pending frozen-SHA signoff
Gems/LyShine/Code/Editor/Animation/Controls/UiSplineCtrlEx.cpp#8,animation/math,Gems/LyShine/Code/Editor/Animation/Controls/UiSplineCtrlEx.cpp,357,1,357,1,"Preserve animation ordering, key data, and legacy numeric edge behavior.",See CryCommonMigrationValidation.md and category tests.,accept,pending frozen-SHA signoff,pending frozen-SHA signoff
Gems/LyShine/Code/Editor/Animation/Controls/UiSplineCtrlEx.cpp#9,animation/math,Gems/LyShine/Code/Editor/Animation/Controls/UiSplineCtrlEx.cpp,359,2,359,2,"Preserve animation ordering, key data, and legacy numeric edge behavior.",See CryCommonMigrationValidation.md and category tests.,accept,pending frozen-SHA signoff,pending frozen-SHA signoff
Gems/LyShine/Code/Editor/Animation/Controls/UiSplineCtrlEx.cpp#10,animation/math,Gems/LyShine/Code/Editor/Animation/Controls/UiSplineCtrlEx.cpp,363,1,363,1,"Preserve animation ordering, key data, and legacy numeric edge behavior.",See CryCommonMigrationValidation.md and category tests.,accept,pending frozen-SHA signoff,pending frozen-SHA signoff
Gems/LyShine/Code/Editor/Animation/Controls/UiSplineCtrlEx.cpp#11,animation/math,Gems/LyShine/Code/Editor/Animation/Controls/UiSplineCtrlEx.cpp,370,1,370,1,"Preserve animation ordering, key data, and legacy numeric edge behavior.",See CryCommonMigrationValidation.md and category tests.,accept,pending frozen-SHA signoff,pending frozen-SHA signoff
Gems/LyShine/Code/Editor/Animation/Controls/UiSplineCtrlEx.cpp#12,animation/math,Gems/LyShine/Code/Editor/Animation/Controls/UiSplineCtrlEx.cpp,372,1,372,1,"Preserve animation ordering, key data, and legacy numeric edge behavior.",See CryCommonMigrationValidation.md and category tests.,accept,pending frozen-SHA signoff,pending frozen-SHA signoff
Gems/LyShine/Code/Editor/Animation/Controls/UiSplineCtrlEx.cpp#13,animation/math,Gems/LyShine/Code/Editor/Animation/Controls/UiSplineCtrlEx.cpp,531,1,531,1,"Preserve animation ordering, key data, and legacy numeric edge behavior.",See CryCommonMigrationValidation.md and category tests.,accept,pending frozen-SHA signoff,pending frozen-SHA signoff
Gems/LyShine/Code/Editor/Animation/Controls/UiSplineCtrlEx.cpp#14,animation/math,Gems/LyShine/Code/Editor/Animation/Controls/UiSplineCtrlEx.cpp,629,1,629,1,"Preserve animation ordering, key data, and legacy numeric edge behavior.",See CryCommonMigrationValidation.md and category tests.,accept,pending frozen-SHA signoff,pending frozen-SHA signoff
Gems/LyShine/Code/Editor/Animation/Controls/UiSplineCtrlEx.cpp#15,animation/math,Gems/LyShine/Code/Editor/Animation/Controls/UiSplineCtrlEx.cpp,642,1,642,1,"Preserve animation ordering, key data, and legacy numeric edge behavior.",See CryCommonMigrationValidation.md and category tests.,accept,pending frozen-SHA signoff,pending frozen-SHA signoff
Gems/LyShine/Code/Editor/Animation/Controls/UiSplineCtrlEx.cpp#16,animation/math,Gems/LyShine/Code/Editor/Animation/Controls/UiSplineCtrlEx.cpp,649,1,649,1,"Preserve animation ordering, key data, and legacy numeric edge behavior.",See CryCommonMigrationValidation.md and category tests.,accept,pending frozen-SHA signoff,pending frozen-SHA signoff
Gems/LyShine/Code/Editor/Animation/Controls/UiSplineCtrlEx.cpp#17,animation/math,Gems/LyShine/Code/Editor/Animation/Controls/UiSplineCtrlEx.cpp,655,2,655,2,"Preserve animation ordering, key data, and legacy numeric edge behavior.",See CryCommonMigrationValidation.md and category tests.,accept,pending frozen-SHA signoff,pending frozen-SHA signoff
Gems/LyShine/Code/Editor/Animation/Controls/UiSplineCtrlEx.cpp#18,animation/math,Gems/LyShine/Code/Editor/Animation/Controls/UiSplineCtrlEx.cpp,663,2,663,2,"Preserve animation ordering, key data, and legacy numeric edge behavior.",See CryCommonMigrationValidation.md and category tests.,accept,pending frozen-SHA signoff,pending frozen-SHA signoff
Gems/LyShine/Code/Editor/Animation/Controls/UiSplineCtrlEx.cpp#19,animation/math,Gems/LyShine/Code/Editor/Animation/Controls/UiSplineCtrlEx.cpp,675,1,675,1,"Preserve animation ordering, key data, and legacy numeric edge behavior.",See CryCommonMigrationValidation.md and category tests.,accept,pending frozen-SHA signoff,pending frozen-SHA signoff
Gems/LyShine/Code/Editor/Animation/Controls/UiSplineCtrlEx.cpp#20,animation/math,Gems/LyShine/Code/Editor/Animation/Controls/UiSplineCtrlEx.cpp,683,1,683,1,"Preserve animation ordering, key data, and legacy numeric edge behavior.",See CryCommonMigrationValidation.md and category tests.,accept,pending frozen-SHA signoff,pending frozen-SHA signoff
Gems/LyShine/Code/Editor/Animation/Controls/UiSplineCtrlEx.cpp#21,animation/math,Gems/LyShine/Code/Editor/Animation/Controls/UiSplineCtrlEx.cpp,685,1,685,1,"Preserve animation ordering, key data, and legacy numeric edge behavior.",See CryCommonMigrationValidation.md and category tests.,accept,pending frozen-SHA signoff,pending frozen-SHA signoff
Gems/LyShine/Code/Editor/Animation/Controls/UiSplineCtrlEx.cpp#22,animation/math,Gems/LyShine/Code/Editor/Animation/Controls/UiSplineCtrlEx.cpp,745,4,745,4,"Preserve animation ordering, key data, and legacy numeric edge behavior.",See CryCommonMigrationValidation.md and category tests.,accept,pending frozen-SHA signoff,pending frozen-SHA signoff
Gems/LyShine/Code/Editor/Animation/Controls/UiSplineCtrlEx.cpp#23,animation/math,Gems/LyShine/Code/Editor/Animation/Controls/UiSplineCtrlEx.cpp,804,1,804,1,"Preserve animation ordering, key data, and legacy numeric edge behavior.",See CryCommonMigrationValidation.md and category tests.,accept,pending frozen-SHA signoff,pending frozen-SHA signoff
Gems/LyShine/Code/Editor/Animation/Controls/UiSplineCtrlEx.cpp#24,animation/math,Gems/LyShine/Code/Editor/Animation/Controls/UiSplineCtrlEx.cpp,896,1,896,1,"Preserve animation ordering, key data, and legacy numeric edge behavior.",See CryCommonMigrationValidation.md and category tests.,accept,pending frozen-SHA signoff,pending frozen-SHA signoff
Gems/LyShine/Code/Editor/Animation/Controls/UiSplineCtrlEx.cpp#25,animation/math,Gems/LyShine/Code/Editor/Animation/Controls/UiSplineCtrlEx.cpp,988,1,988,1,"Preserve animation ordering, key data, and legacy numeric edge behavior.",See CryCommonMigrationValidation.md and category tests.,accept,pending frozen-SHA signoff,pending frozen-SHA signoff
Gems/LyShine/Code/Editor/Animation/Controls/UiSplineCtrlEx.cpp#26,animation/math,Gems/LyShine/Code/Editor/Animation/Controls/UiSplineCtrlEx.cpp,1379,2,1379,2,"Preserve animation ordering, key data, and legacy numeric edge behavior.",See CryCommonMigrationValidation.md and category tests.,accept,pending frozen-SHA signoff,pending frozen-SHA signoff
Gems/LyShine/Code/Editor/Animation/Controls/UiSplineCtrlEx.cpp#27,animation/math,Gems/LyShine/Code/Editor/Animation/Controls/UiSplineCtrlEx.cpp,1384,1,1384,1,"Preserve animation ordering, key data, and legacy numeric edge behavior.",See CryCommonMigrationValidation.md and category tests.,accept,pending frozen-SHA signoff,pending frozen-SHA signoff
Gems/LyShine/Code/Editor/Animation/Controls/UiSplineCtrlEx.cpp#28,animation/math,Gems/LyShine/Code/Editor/Animation/Controls/UiSplineCtrlEx.cpp,1388,1,1388,1,"Preserve animation ordering, key data, and legacy numeric edge behavior.",See CryCommonMigrationValidation.md and category tests.,accept,pending frozen-SHA signoff,pending frozen-SHA signoff
Gems/LyShine/Code/Editor/Animation/Controls/UiSplineCtrlEx.cpp#29,animation/math,Gems/LyShine/Code/Editor/Animation/Controls/UiSplineCtrlEx.cpp,1444,1,1444,1,"Preserve animation ordering, key data, and legacy numeric edge behavior.",See CryCommonMigrationValidation.md and category tests.,accept,pending frozen-SHA signoff,pending frozen-SHA signoff
Gems/LyShine/Code/Editor/Animation/Controls/UiSplineCtrlEx.cpp#30,animation/math,Gems/LyShine/Code/Editor/Animation/Controls/UiSplineCtrlEx.cpp,1457,1,1457,1,"Preserve animation ordering, key data, and legacy numeric edge behavior.",See CryCommonMigrationValidation.md and category tests.,accept,pending frozen-SHA signoff,pending frozen-SHA signoff
Gems/LyShine/Code/Editor/Animation/Controls/UiSplineCtrlEx.cpp#31,animation/math,Gems/LyShine/Code/Editor/Animation/Controls/UiSplineCtrlEx.cpp,1461,1,1461,1,"Preserve animation ordering, key data, and legacy numeric edge behavior.",See CryCommonMigrationValidation.md and category tests.,accept,pending frozen-SHA signoff,pending frozen-SHA signoff
Gems/LyShine/Code/Editor/Animation/Controls/UiSplineCtrlEx.cpp#32,animation/math,Gems/LyShine/Code/Editor/Animation/Controls/UiSplineCtrlEx.cpp,1463,1,1463,1,"Preserve animation ordering, key data, and legacy numeric edge behavior.",See CryCommonMigrationValidation.md and category tests.,accept,pending frozen-SHA signoff,pending frozen-SHA signoff
Gems/LyShine/Code/Editor/Animation/Controls/UiSplineCtrlEx.cpp#33,animation/math,Gems/LyShine/Code/Editor/Animation/Controls/UiSplineCtrlEx.cpp,1664,1,1664,1,"Preserve animation ordering, key data, and legacy numeric edge behavior.",See CryCommonMigrationValidation.md and category tests.,accept,pending frozen-SHA signoff,pending frozen-SHA signoff
Gems/LyShine/Code/Editor/Animation/Controls/UiSplineCtrlEx.cpp#34,animation/math,Gems/LyShine/Code/Editor/Animation/Controls/UiSplineCtrlEx.cpp,1687,1,1687,1,"Preserve animation ordering, key data, and legacy numeric edge behavior.",See CryCommonMigrationValidation.md and category tests.,accept,pending frozen-SHA signoff,pending frozen-SHA signoff
Gems/LyShine/Code/Editor/Animation/Controls/UiSplineCtrlEx.cpp#35,animation/math,Gems/LyShine/Code/Editor/Animation/Controls/UiSplineCtrlEx.cpp,1794,1,1794,1,"Preserve animation ordering, key data, and legacy numeric edge behavior.",See CryCommonMigrationValidation.md and category tests.,accept,pending frozen-SHA signoff,pending frozen-SHA signoff
Gems/LyShine/Code/Editor/Animation/Controls/UiSplineCtrlEx.cpp#36,animation/math,Gems/LyShine/Code/Editor/Animation/Controls/UiSplineCtrlEx.cpp,1881,2,1881,2,"Preserve animation ordering, key data, and legacy numeric edge behavior.",See CryCommonMigrationValidation.md and category tests.,accept,pending frozen-SHA signoff,pending frozen-SHA signoff
Gems/LyShine/Code/Editor/Animation/Controls/UiSplineCtrlEx.cpp#37,animation/math,Gems/LyShine/Code/Editor/Animation/Controls/UiSplineCtrlEx.cpp,1890,1,1890,1,"Preserve animation ordering, key data, and legacy numeric edge behavior.",See CryCommonMigrationValidation.md and category tests.,accept,pending frozen-SHA signoff,pending frozen-SHA signoff
Gems/LyShine/Code/Editor/Animation/Controls/UiSplineCtrlEx.cpp#38,animation/math,Gems/LyShine/Code/Editor/Animation/Controls/UiSplineCtrlEx.cpp,1989,4,1989,4,"Preserve animation ordering, key data, and legacy numeric edge behavior.",See CryCommonMigrationValidation.md and category tests.,accept,pending frozen-SHA signoff,pending frozen-SHA signoff
Gems/LyShine/Code/Editor/Animation/Controls/UiSplineCtrlEx.cpp#39,animation/math,Gems/LyShine/Code/Editor/Animation/Controls/UiSplineCtrlEx.cpp,2015,2,2015,2,"Preserve animation ordering, key data, and legacy numeric edge behavior.",See CryCommonMigrationValidation.md and category tests.,accept,pending frozen-SHA signoff,pending frozen-SHA signoff
Gems/LyShine/Code/Editor/Animation/Controls/UiSplineCtrlEx.cpp#40,animation/math,Gems/LyShine/Code/Editor/Animation/Controls/UiSplineCtrlEx.cpp,2018,2,2018,2,"Preserve animation ordering, key data, and legacy numeric edge behavior.",See CryCommonMigrationValidation.md and category tests.,accept,pending frozen-SHA signoff,pending frozen-SHA signoff
Gems/LyShine/Code/Editor/Animation/Controls/UiSplineCtrlEx.cpp#41,animation/math,Gems/LyShine/Code/Editor/Animation/Controls/UiSplineCtrlEx.cpp,2106,1,2106,1,"Preserve animation ordering, key data, and legacy numeric edge behavior.",See CryCommonMigrationValidation.md and category tests.,accept,pending frozen-SHA signoff,pending frozen-SHA signoff
Gems/LyShine/Code/Editor/Animation/Controls/UiSplineCtrlEx.cpp#42,animation/math,Gems/LyShine/Code/Editor/Animation/Controls/UiSplineCtrlEx.cpp,2131,1,2131,1,"Preserve animation ordering, key data, and legacy numeric edge behavior.",See CryCommonMigrationValidation.md and category tests.,accept,pending frozen-SHA signoff,pending frozen-SHA signoff
Gems/LyShine/Code/Editor/Animation/Controls/UiSplineCtrlEx.cpp#43,animation/math,Gems/LyShine/Code/Editor/Animation/Controls/UiSplineCtrlEx.cpp,2140,4,2140,4,"Preserve animation ordering, key data, and legacy numeric edge behavior.",See CryCommonMigrationValidation.md and category tests.,accept,pending frozen-SHA signoff,pending frozen-SHA signoff
Gems/LyShine/Code/Editor/Animation/Controls/UiSplineCtrlEx.cpp#44,animation/math,Gems/LyShine/Code/Editor/Animation/Controls/UiSplineCtrlEx.cpp,2153,1,2153,1,"Preserve animation ordering, key data, and legacy numeric edge behavior.",See CryCommonMigrationValidation.md and category tests.,accept,pending frozen-SHA signoff,pending frozen-SHA signoff
Gems/LyShine/Code/Editor/Animation/Controls/UiSplineCtrlEx.cpp#45,animation/math,Gems/LyShine/Code/Editor/Animation/Controls/UiSplineCtrlEx.cpp,2178,2,2178,2,"Preserve animation ordering, key data, and legacy numeric edge behavior.",See CryCommonMigrationValidation.md and category tests.,accept,pending frozen-SHA signoff,pending frozen-SHA signoff
Gems/LyShine/Code/Editor/Animation/Controls/UiSplineCtrlEx.cpp#46,animation/math,Gems/LyShine/Code/Editor/Animation/Controls/UiSplineCtrlEx.cpp,2181,2,2181,2,"Preserve animation ordering, key data, and legacy numeric edge behavior.",See CryCommonMigrationValidation.md and category tests.,accept,pending frozen-SHA signoff,pending frozen-SHA signoff
Gems/LyShine/Code/Editor/Animation/Controls/UiSplineCtrlEx.cpp#47,animation/math,Gems/LyShine/Code/Editor/Animation/Controls/UiSplineCtrlEx.cpp,2732,6,2732,6,"Preserve animation ordering, key data, and legacy numeric edge behavior.",See CryCommonMigrationValidation.md and category tests.,accept,pending frozen-SHA signoff,pending frozen-SHA signoff
Gems/LyShine/Code/Editor/Animation/Controls/UiSplineCtrlEx.cpp#48,animation/math,Gems/LyShine/Code/Editor/Animation/Controls/UiSplineCtrlEx.cpp,3023,3,3023,3,"Preserve animation ordering, key data, and legacy numeric edge behavior.",See CryCommonMigrationValidation.md and category tests.,accept,pending frozen-SHA signoff,pending frozen-SHA signoff
Gems/LyShine/Code/Editor/Animation/Controls/UiSplineCtrlEx.cpp#49,animation/math,Gems/LyShine/Code/Editor/Animation/Controls/UiSplineCtrlEx.cpp,3063,3,3063,3,"Preserve animation ordering, key data, and legacy numeric edge behavior.",See CryCommonMigrationValidation.md and category tests.,accept,pending frozen-SHA signoff,pending frozen-SHA signoff
Gems/LyShine/Code/Editor/Animation/Controls/UiSplineCtrlEx.cpp#50,animation/math,Gems/LyShine/Code/Editor/Animation/Controls/UiSplineCtrlEx.cpp,3156,1,3156,1,"Preserve animation ordering, key data, and legacy numeric edge behavior.",See CryCommonMigrationValidation.md and category tests.,accept,pending frozen-SHA signoff,pending frozen-SHA signoff
Gems/LyShine/Code/Editor/Animation/Controls/UiSplineCtrlEx.cpp#51,animation/math,Gems/LyShine/Code/Editor/Animation/Controls/UiSplineCtrlEx.cpp,3209,1,3209,1,"Preserve animation ordering, key data, and legacy numeric edge behavior.",See CryCommonMigrationValidation.md and category tests.,accept,pending frozen-SHA signoff,pending frozen-SHA signoff
Gems/LyShine/Code/Editor/Animation/Controls/UiSplineCtrlEx.h#1,animation/math,Gems/LyShine/Code/Editor/Animation/Controls/UiSplineCtrlEx.h,139,7,139,7,"Preserve animation ordering, key data, and legacy numeric edge behavior.",See CryCommonMigrationValidation.md and category tests.,accept,pending frozen-SHA signoff,pending frozen-SHA signoff
Gems/LyShine/Code/Editor/Animation/Controls/UiSplineCtrlEx.h#2,animation/math,Gems/LyShine/Code/Editor/Animation/Controls/UiSplineCtrlEx.h,201,1,201,1,"Preserve animation ordering, key data, and legacy numeric edge behavior.",See CryCommonMigrationValidation.md and category tests.,accept,pending frozen-SHA signoff,pending frozen-SHA signoff
Gems/LyShine/Code/Editor/Animation/Controls/UiTimelineCtrl.cpp#1,animation/math,Gems/LyShine/Code/Editor/Animation/Controls/UiTimelineCtrl.cpp,81,1,81,1,"Preserve animation ordering, key data, and legacy numeric edge behavior.",See CryCommonMigrationValidation.md and category tests.,accept,pending frozen-SHA signoff,pending frozen-SHA signoff
Gems/LyShine/Code/Editor/Animation/Controls/UiTimelineCtrl.cpp#2,animation/math,Gems/LyShine/Code/Editor/Animation/Controls/UiTimelineCtrl.cpp,87,1,87,1,"Preserve animation ordering, key data, and legacy numeric edge behavior.",See CryCommonMigrationValidation.md and category tests.,accept,pending frozen-SHA signoff,pending frozen-SHA signoff
Gems/LyShine/Code/Editor/Animation/Controls/UiTimelineCtrl.cpp#3,animation/math,Gems/LyShine/Code/Editor/Animation/Controls/UiTimelineCtrl.cpp,171,2,171,2,"Preserve animation ordering, key data, and legacy numeric edge behavior.",See CryCommonMigrationValidation.md and category tests.,accept,pending frozen-SHA signoff,pending frozen-SHA signoff
Gems/LyShine/Code/Editor/Animation/Controls/UiTimelineCtrl.cpp#4,animation/math,Gems/LyShine/Code/Editor/Animation/Controls/UiTimelineCtrl.cpp,418,2,418,2,"Preserve animation ordering, key data, and legacy numeric edge behavior.",See CryCommonMigrationValidation.md and category tests.,accept,pending frozen-SHA signoff,pending frozen-SHA signoff
Gems/LyShine/Code/Editor/Animation/UiAnimUndoManager.cpp#1,animation/math,Gems/LyShine/Code/Editor/Animation/UiAnimUndoManager.cpp,14,1,14,2,"Preserve animation ordering, key data, and legacy numeric edge behavior.",See CryCommonMigrationValidation.md and category tests.,accept,pending frozen-SHA signoff,pending frozen-SHA signoff
Gems/LyShine/Code/Editor/Animation/UiAnimUndoManager.cpp#2,animation/math,Gems/LyShine/Code/Editor/Animation/UiAnimUndoManager.cpp,22,2,23,1,"Preserve animation ordering, key data, and legacy numeric edge behavior.",See CryCommonMigrationValidation.md and category tests.,accept,pending frozen-SHA signoff,pending frozen-SHA signoff
Gems/LyShine/Code/Editor/Animation/UiAnimUndoManager.cpp#3,animation/math,Gems/LyShine/Code/Editor/Animation/UiAnimUndoManager.cpp,28,1,28,4,"Preserve animation ordering, key data, and legacy numeric edge behavior.",See CryCommonMigrationValidation.md and category tests.,accept,pending frozen-SHA signoff,pending frozen-SHA signoff
Gems/LyShine/Code/Editor/Animation/UiAnimUndoManager.cpp#4,animation/math,Gems/LyShine/Code/Editor/Animation/UiAnimUndoManager.cpp,31,1,34,4,"Preserve animation ordering, key data, and legacy numeric edge behavior.",See CryCommonMigrationValidation.md and category tests.,accept,pending frozen-SHA signoff,pending frozen-SHA signoff
Gems/LyShine/Code/Editor/Animation/UiAnimUndoManager.cpp#5,animation/math,Gems/LyShine/Code/Editor/Animation/UiAnimUndoManager.cpp,33,1,39,4,"Preserve animation ordering, key data, and legacy numeric edge behavior.",See CryCommonMigrationValidation.md and category tests.,accept,pending frozen-SHA signoff,pending frozen-SHA signoff
Gems/LyShine/Code/Editor/Animation/UiAnimUndoManager.cpp#6,animation/math,Gems/LyShine/Code/Editor/Animation/UiAnimUndoManager.cpp,59,1,68,4,"Preserve animation ordering, key data, and legacy numeric edge behavior.",See CryCommonMigrationValidation.md and category tests.,accept,pending frozen-SHA signoff,pending frozen-SHA signoff
Gems/LyShine/Code/Editor/Animation/UiAnimUndoManager.cpp#7,animation/math,Gems/LyShine/Code/Editor/Animation/UiAnimUndoManager.cpp,83,1,94,0,"Preserve animation ordering, key data, and legacy numeric edge behavior.",See CryCommonMigrationValidation.md and category tests.,accept,pending frozen-SHA signoff,pending frozen-SHA signoff
Gems/LyShine/Code/Editor/Animation/UiAnimUndoManager.cpp#8,animation/math,Gems/LyShine/Code/Editor/Animation/UiAnimUndoManager.cpp,137,1,148,1,"Preserve animation ordering, key data, and legacy numeric edge behavior.",See CryCommonMigrationValidation.md and category tests.,accept,pending frozen-SHA signoff,pending frozen-SHA signoff
Gems/LyShine/Code/Editor/Animation/UiAnimUndoManager.cpp#9,animation/math,Gems/LyShine/Code/Editor/Animation/UiAnimUndoManager.cpp,147,2,158,2,"Preserve animation ordering, key data, and legacy numeric edge behavior.",See CryCommonMigrationValidation.md and category tests.,accept,pending frozen-SHA signoff,pending frozen-SHA signoff
Gems/LyShine/Code/Editor/Animation/UiAnimUndoManager.cpp#10,animation/math,Gems/LyShine/Code/Editor/Animation/UiAnimUndoManager.cpp,156,1,167,1,"Preserve animation ordering, key data, and legacy numeric edge behavior.",See CryCommonMigrationValidation.md and category tests.,accept,pending frozen-SHA signoff,pending frozen-SHA signoff
Gems/LyShine/Code/Editor/Animation/UiAnimUndoManager.cpp#11,animation/math,Gems/LyShine/Code/Editor/Animation/UiAnimUndoManager.cpp,182,1,193,1,"Preserve animation ordering, key data, and legacy numeric edge behavior.",See CryCommonMigrationValidation.md and category tests.,accept,pending frozen-SHA signoff,pending frozen-SHA signoff
Gems/LyShine/Code/Editor/Animation/UiAnimUndoManager.cpp#12,animation/math,Gems/LyShine/Code/Editor/Animation/UiAnimUndoManager.cpp,188,1,199,1,"Preserve animation ordering, key data, and legacy numeric edge behavior.",See CryCommonMigrationValidation.md and category tests.,accept,pending frozen-SHA signoff,pending frozen-SHA signoff
Gems/LyShine/Code/Editor/Animation/UiAnimUndoManager.cpp#13,animation/math,Gems/LyShine/Code/Editor/Animation/UiAnimUndoManager.cpp,196,1,207,1,"Preserve animation ordering, key data, and legacy numeric edge behavior.",See CryCommonMigrationValidation.md and category tests.,accept,pending frozen-SHA signoff,pending frozen-SHA signoff
Gems/LyShine/Code/Editor/Animation/UiAnimUndoManager.cpp#14,animation/math,Gems/LyShine/Code/Editor/Animation/UiAnimUndoManager.cpp,217,1,228,1,"Preserve animation ordering, key data, and legacy numeric edge behavior.",See CryCommonMigrationValidation.md and category tests.,accept,pending frozen-SHA signoff,pending frozen-SHA signoff
Gems/LyShine/Code/Editor/Animation/UiAnimUndoManager.cpp#15,animation/math,Gems/LyShine/Code/Editor/Animation/UiAnimUndoManager.cpp,223,1,234,1,"Preserve animation ordering, key data, and legacy numeric edge behavior.",See CryCommonMigrationValidation.md and category tests.,accept,pending frozen-SHA signoff,pending frozen-SHA signoff
Gems/LyShine/Code/Editor/Animation/UiAnimUndoManager.cpp#16,animation/math,Gems/LyShine/Code/Editor/Animation/UiAnimUndoManager.cpp,246,1,257,1,"Preserve animation ordering, key data, and legacy numeric edge behavior.",See CryCommonMigrationValidation.md and category tests.,accept,pending frozen-SHA signoff,pending frozen-SHA signoff
Gems/LyShine/Code/Editor/Animation/UiAnimUndoManager.cpp#17,animation/math,Gems/LyShine/Code/Editor/Animation/UiAnimUndoManager.cpp,334,1,345,1,"Preserve animation ordering, key data, and legacy numeric edge behavior.",See CryCommonMigrationValidation.md and category tests.,accept,pending frozen-SHA signoff,pending frozen-SHA signoff
Gems/LyShine/Code/Editor/Animation/UiAnimUndoManager.cpp#18,animation/math,Gems/LyShine/Code/Editor/Animation/UiAnimUndoManager.cpp,338,1,349,1,"Preserve animation ordering, key data, and legacy numeric edge behavior.",See CryCommonMigrationValidation.md and category tests.,accept,pending frozen-SHA signoff,pending frozen-SHA signoff
Gems/LyShine/Code/Editor/Animation/UiAnimUndoManager.cpp#19,animation/math,Gems/LyShine/Code/Editor/Animation/UiAnimUndoManager.cpp,347,1,358,1,"Preserve animation ordering, key data, and legacy numeric edge behavior.",See CryCommonMigrationValidation.md and category tests.,accept,pending frozen-SHA signoff,pending frozen-SHA signoff
Gems/LyShine/Code/Editor/Animation/UiAnimUndoManager.cpp#20,animation/math,Gems/LyShine/Code/Editor/Animation/UiAnimUndoManager.cpp,351,2,362,2,"Preserve animation ordering, key data, and legacy numeric edge behavior.",See CryCommonMigrationValidation.md and category tests.,accept,pending frozen-SHA signoff,pending frozen-SHA signoff
Gems/LyShine/Code/Editor/Animation/UiAnimUndoManager.cpp#21,animation/math,Gems/LyShine/Code/Editor/Animation/UiAnimUndoManager.cpp,361,1,372,1,"Preserve animation ordering, key data, and legacy numeric edge behavior.",See CryCommonMigrationValidation.md and category tests.,accept,pending frozen-SHA signoff,pending frozen-SHA signoff
Gems/LyShine/Code/Editor/Animation/UiAnimUndoManager.cpp#22,animation/math,Gems/LyShine/Code/Editor/Animation/UiAnimUndoManager.cpp,372,1,383,1,"Preserve animation ordering, key data, and legacy numeric edge behavior.",See CryCommonMigrationValidation.md and category tests.,accept,pending frozen-SHA signoff,pending frozen-SHA signoff
Gems/LyShine/Code/Editor/Animation/UiAnimUndoManager.cpp#23,animation/math,Gems/LyShine/Code/Editor/Animation/UiAnimUndoManager.cpp,386,1,397,4,"Preserve animation ordering, key data, and legacy numeric edge behavior.",See CryCommonMigrationValidation.md and category tests.,accept,pending frozen-SHA signoff,pending frozen-SHA signoff
Gems/LyShine/Code/Editor/Animation/UiAnimUndoManager.cpp#24,animation/math,Gems/LyShine/Code/Editor/Animation/UiAnimUndoManager.cpp,391,1,405,4,"Preserve animation ordering, key data, and legacy numeric edge behavior.",See CryCommonMigrationValidation.md and category tests.,accept,pending frozen-SHA signoff,pending frozen-SHA signoff
Gems/LyShine/Code/Editor/Animation/UiAnimViewAnimNode.cpp#1,animation/math,Gems/LyShine/Code/Editor/Animation/UiAnimViewAnimNode.cpp,24,0,25,1,"Preserve animation ordering, key data, and legacy numeric edge behavior.",See CryCommonMigrationValidation.md and category tests.,accept,pending frozen-SHA signoff,pending frozen-SHA signoff
Gems/LyShine/Code/Editor/Animation/UiAnimViewAnimNode.cpp#2,animation/math,Gems/LyShine/Code/Editor/Animation/UiAnimViewAnimNode.cpp,35,1,36,4,"Preserve animation ordering, key data, and legacy numeric edge behavior.",See CryCommonMigrationValidation.md and category tests.,accept,pending frozen-SHA signoff,pending frozen-SHA signoff
Gems/LyShine/Code/Editor/Animation/UiAnimViewAnimNode.cpp#3,animation/math,Gems/LyShine/Code/Editor/Animation/UiAnimViewAnimNode.cpp,84,1,88,1,"Preserve animation ordering, key data, and legacy numeric edge behavior.",See CryCommonMigrationValidation.md and category tests.,accept,pending frozen-SHA signoff,pending frozen-SHA signoff
Gems/LyShine/Code/Editor/Animation/UiAnimViewAnimNode.cpp#4,animation/math,Gems/LyShine/Code/Editor/Animation/UiAnimViewAnimNode.cpp,930,1,934,1,"Preserve animation ordering, key data, and legacy numeric edge behavior.",See CryCommonMigrationValidation.md and category tests.,accept,pending frozen-SHA signoff,pending frozen-SHA signoff
Gems/LyShine/Code/Editor/Animation/UiAnimViewAnimNode.cpp#5,animation/math,Gems/LyShine/Code/Editor/Animation/UiAnimViewAnimNode.cpp,932,1,936,1,"Preserve animation ordering, key data, and legacy numeric edge behavior.",See CryCommonMigrationValidation.md and category tests.,accept,pending frozen-SHA signoff,pending frozen-SHA signoff
Gems/LyShine/Code/Editor/Animation/UiAnimViewAnimNode.h#1,animation/math,Gems/LyShine/Code/Editor/Animation/UiAnimViewAnimNode.h,160,1,160,1,"Preserve animation ordering, key data, and legacy numeric edge behavior.",See CryCommonMigrationValidation.md and category tests.,accept,pending frozen-SHA signoff,pending frozen-SHA signoff
Gems/LyShine/Code/Editor/Animation/UiAnimViewCurveEditor.cpp#1,animation/math,Gems/LyShine/Code/Editor/Animation/UiAnimViewCurveEditor.cpp,340,1,340,1,"Preserve animation ordering, key data, and legacy numeric edge behavior.",See CryCommonMigrationValidation.md and category tests.,accept,pending frozen-SHA signoff,pending frozen-SHA signoff
Gems/LyShine/Code/Editor/Animation/UiAnimViewCurveEditor.cpp#2,animation/math,Gems/LyShine/Code/Editor/Animation/UiAnimViewCurveEditor.cpp,343,1,343,1,"Preserve animation ordering, key data, and legacy numeric edge behavior.",See CryCommonMigrationValidation.md and category tests.,accept,pending frozen-SHA signoff,pending frozen-SHA signoff
Gems/LyShine/Code/Editor/Animation/UiAnimViewCurveEditor.cpp#3,animation/math,Gems/LyShine/Code/Editor/Animation/UiAnimViewCurveEditor.cpp,351,1,351,1,"Preserve animation ordering, key data, and legacy numeric edge behavior.",See CryCommonMigrationValidation.md and category tests.,accept,pending frozen-SHA signoff,pending frozen-SHA signoff
Gems/LyShine/Code/Editor/Animation/UiAnimViewCurveEditor.cpp#4,animation/math,Gems/LyShine/Code/Editor/Animation/UiAnimViewCurveEditor.cpp,354,1,354,1,"Preserve animation ordering, key data, and legacy numeric edge behavior.",See CryCommonMigrationValidation.md and category tests.,accept,pending frozen-SHA signoff,pending frozen-SHA signoff
Gems/LyShine/Code/Editor/Animation/UiAnimViewCurveEditor.cpp#5,animation/math,Gems/LyShine/Code/Editor/Animation/UiAnimViewCurveEditor.cpp,367,3,367,3,"Preserve animation ordering, key data, and legacy numeric edge behavior.",See CryCommonMigrationValidation.md and category tests.,accept,pending frozen-SHA signoff,pending frozen-SHA signoff
Gems/LyShine/Code/Editor/Animation/UiAnimViewCurveEditor.cpp#6,animation/math,Gems/LyShine/Code/Editor/Animation/UiAnimViewCurveEditor.cpp,373,2,373,2,"Preserve animation ordering, key data, and legacy numeric edge behavior.",See CryCommonMigrationValidation.md and category tests.,accept,pending frozen-SHA signoff,pending frozen-SHA signoff
Gems/LyShine/Code/Editor/Animation/UiAnimViewCurveEditor.cpp#7,animation/math,Gems/LyShine/Code/Editor/Animation/UiAnimViewCurveEditor.cpp,376,2,376,2,"Preserve animation ordering, key data, and legacy numeric edge behavior.",See CryCommonMigrationValidation.md and category tests.,accept,pending frozen-SHA signoff,pending frozen-SHA signoff
Gems/LyShine/Code/Editor/Animation/UiAnimViewDopeSheetBase.cpp#1,animation/math,Gems/LyShine/Code/Editor/Animation/UiAnimViewDopeSheetBase.cpp,12,1,11,0,"Preserve animation ordering, key data, and legacy numeric edge behavior.",See CryCommonMigrationValidation.md and category tests.,accept,pending frozen-SHA signoff,pending frozen-SHA signoff
Gems/LyShine/Code/Editor/Animation/UiAnimViewDopeSheetBase.cpp#2,animation/math,Gems/LyShine/Code/Editor/Animation/UiAnimViewDopeSheetBase.cpp,1751,1,1750,1,"Preserve animation ordering, key data, and legacy numeric edge behavior.",See CryCommonMigrationValidation.md and category tests.,accept,pending frozen-SHA signoff,pending frozen-SHA signoff
Gems/LyShine/Code/Editor/Animation/UiAnimViewDopeSheetBase.cpp#3,animation/math,Gems/LyShine/Code/Editor/Animation/UiAnimViewDopeSheetBase.cpp,1755,3,1754,3,"Preserve animation ordering, key data, and legacy numeric edge behavior.",See CryCommonMigrationValidation.md and category tests.,accept,pending frozen-SHA signoff,pending frozen-SHA signoff
Gems/LyShine/Code/Editor/Animation/UiAnimViewDopeSheetBase.cpp#4,animation/math,Gems/LyShine/Code/Editor/Animation/UiAnimViewDopeSheetBase.cpp,1778,1,1777,1,"Preserve animation ordering, key data, and legacy numeric edge behavior.",See CryCommonMigrationValidation.md and category tests.,accept,pending frozen-SHA signoff,pending frozen-SHA signoff
Gems/LyShine/Code/Editor/Animation/UiAnimViewDopeSheetBase.cpp#5,animation/math,Gems/LyShine/Code/Editor/Animation/UiAnimViewDopeSheetBase.cpp,2056,2,2055,2,"Preserve animation ordering, key data, and legacy numeric edge behavior.",See CryCommonMigrationValidation.md and category tests.,accept,pending frozen-SHA signoff,pending frozen-SHA signoff
Gems/LyShine/Code/Editor/Animation/UiAnimViewDopeSheetBase.cpp#6,animation/math,Gems/LyShine/Code/Editor/Animation/UiAnimViewDopeSheetBase.cpp,2065,1,2064,1,"Preserve animation ordering, key data, and legacy numeric edge behavior.",See CryCommonMigrationValidation.md and category tests.,accept,pending frozen-SHA signoff,pending frozen-SHA signoff
Gems/LyShine/Code/Editor/Animation/UiAnimViewDopeSheetBase.cpp#7,animation/math,Gems/LyShine/Code/Editor/Animation/UiAnimViewDopeSheetBase.cpp,2193,2,2192,2,"Preserve animation ordering, key data, and legacy numeric edge behavior.",See CryCommonMigrationValidation.md and category tests.,accept,pending frozen-SHA signoff,pending frozen-SHA signoff
Gems/LyShine/Code/Editor/Animation/UiAnimViewDopeSheetBase.cpp#8,animation/math,Gems/LyShine/Code/Editor/Animation/UiAnimViewDopeSheetBase.cpp,3035,1,3034,1,"Preserve animation ordering, key data, and legacy numeric edge behavior.",See CryCommonMigrationValidation.md and category tests.,accept,pending frozen-SHA signoff,pending frozen-SHA signoff
Gems/LyShine/Code/Editor/Animation/UiAnimViewDopeSheetBase.cpp#9,animation/math,Gems/LyShine/Code/Editor/Animation/UiAnimViewDopeSheetBase.cpp,3064,1,3063,1,"Preserve animation ordering, key data, and legacy numeric edge behavior.",See CryCommonMigrationValidation.md and category tests.,accept,pending frozen-SHA signoff,pending frozen-SHA signoff
Gems/LyShine/Code/Editor/Animation/UiAnimViewDopeSheetBase.cpp#10,animation/math,Gems/LyShine/Code/Editor/Animation/UiAnimViewDopeSheetBase.cpp,3067,1,3066,1,"Preserve animation ordering, key data, and legacy numeric edge behavior.",See CryCommonMigrationValidation.md and category tests.,accept,pending frozen-SHA signoff,pending frozen-SHA signoff
Gems/LyShine/Code/Editor/Animation/UiAnimViewSequence.cpp#1,animation/math,Gems/LyShine/Code/Editor/Animation/UiAnimViewSequence.cpp,25,0,26,2,"Preserve animation ordering, key data, and legacy numeric edge behavior.",See CryCommonMigrationValidation.md and category tests.,accept,pending frozen-SHA signoff,pending frozen-SHA signoff
Gems/LyShine/Code/Editor/Animation/UiAnimViewSequence.cpp#2,animation/math,Gems/LyShine/Code/Editor/Animation/UiAnimViewSequence.cpp,170,1,172,4,"Preserve animation ordering, key data, and legacy numeric edge behavior.",See CryCommonMigrationValidation.md and category tests.,accept,pending frozen-SHA signoff,pending frozen-SHA signoff
Gems/LyShine/Code/Editor/Animation/UiAnimViewSequence.cpp#3,animation/math,Gems/LyShine/Code/Editor/Animation/UiAnimViewSequence.cpp,176,1,181,5,"Preserve animation ordering, key data, and legacy numeric edge behavior.",See CryCommonMigrationValidation.md and category tests.,accept,pending frozen-SHA signoff,pending frozen-SHA signoff
Gems/LyShine/Code/Editor/Animation/UiAnimViewSequence.cpp#4,animation/math,Gems/LyShine/Code/Editor/Animation/UiAnimViewSequence.cpp,590,1,599,1,"Preserve animation ordering, key data, and legacy numeric edge behavior.",See CryCommonMigrationValidation.md and category tests.,accept,pending frozen-SHA signoff,pending frozen-SHA signoff
Gems/LyShine/Code/Editor/Animation/UiAnimViewSequence.cpp#5,animation/math,Gems/LyShine/Code/Editor/Animation/UiAnimViewSequence.cpp,592,1,601,1,"Preserve animation ordering, key data, and legacy numeric edge behavior.",See CryCommonMigrationValidation.md and category tests.,accept,pending frozen-SHA signoff,pending frozen-SHA signoff
Gems/LyShine/Code/Editor/Animation/UiAnimViewSequence.cpp#6,animation/math,Gems/LyShine/Code/Editor/Animation/UiAnimViewSequence.cpp,662,1,671,4,"Preserve animation ordering, key data, and legacy numeric edge behavior.",See CryCommonMigrationValidation.md and category tests.,accept,pending frozen-SHA signoff,pending frozen-SHA signoff
Gems/LyShine/Code/Editor/Animation/UiAnimViewSequence.h#1,animation/math,Gems/LyShine/Code/Editor/Animation/UiAnimViewSequence.h,117,1,117,1,"Preserve animation ordering, key data, and legacy numeric edge behavior.",See CryCommonMigrationValidation.md and category tests.,accept,pending frozen-SHA signoff,pending frozen-SHA signoff
Gems/LyShine/Code/Editor/Animation/UiAnimViewSequenceManager.cpp#1,animation/math,Gems/LyShine/Code/Editor/Animation/UiAnimViewSequenceManager.cpp,129,1,129,1,"Preserve animation ordering, key data, and legacy numeric edge behavior.",See CryCommonMigrationValidation.md and category tests.,accept,pending frozen-SHA signoff,pending frozen-SHA signoff
Gems/LyShine/Code/Editor/Animation/UiAnimViewSequenceManager.h#1,animation/math,Gems/LyShine/Code/Editor/Animation/UiAnimViewSequenceManager.h,16,1,16,2,"Preserve animation ordering, key data, and legacy numeric edge behavior.",See CryCommonMigrationValidation.md and category tests.,accept,pending frozen-SHA signoff,pending frozen-SHA signoff
Gems/LyShine/Code/Editor/Animation/UiAnimViewSequenceManager.h#2,animation/math,Gems/LyShine/Code/Editor/Animation/UiAnimViewSequenceManager.h,50,2,51,15,"Preserve animation ordering, key data, and legacy numeric edge behavior.",See CryCommonMigrationValidation.md and category tests.,accept,pending frozen-SHA signoff,pending frozen-SHA signoff
Gems/LyShine/Code/Editor/Animation/UiAnimViewSequenceManager.h#3,animation/math,Gems/LyShine/Code/Editor/Animation/UiAnimViewSequenceManager.h,78,1,92,1,"Preserve animation ordering, key data, and legacy numeric edge behavior.",See CryCommonMigrationValidation.md and category tests.,accept,pending frozen-SHA signoff,pending frozen-SHA signoff
Gems/LyShine/Code/Editor/Animation/UiAnimViewSequenceManager.h#4,animation/math,Gems/LyShine/Code/Editor/Animation/UiAnimViewSequenceManager.h,89,1,102,0,"Preserve animation ordering, key data, and legacy numeric edge behavior.",See CryCommonMigrationValidation.md and category tests.,accept,pending frozen-SHA signoff,pending frozen-SHA signoff
Gems/LyShine/Code/Editor/Animation/UiAnimViewSplineCtrl.cpp#1,animation/math,Gems/LyShine/Code/Editor/Animation/UiAnimViewSplineCtrl.cpp,251,7,251,7,"Preserve animation ordering, key data, and legacy numeric edge behavior.",See CryCommonMigrationValidation.md and category tests.,accept,pending frozen-SHA signoff,pending frozen-SHA signoff
Gems/LyShine/Code/Editor/Animation/UiAnimViewSplineCtrl.cpp#2,animation/math,Gems/LyShine/Code/Editor/Animation/UiAnimViewSplineCtrl.cpp,262,1,262,1,"Preserve animation ordering, key data, and legacy numeric edge behavior.",See CryCommonMigrationValidation.md and category tests.,accept,pending frozen-SHA signoff,pending frozen-SHA signoff
Gems/LyShine/Code/Editor/Animation/UiAnimViewSplineCtrl.cpp#3,animation/math,Gems/LyShine/Code/Editor/Animation/UiAnimViewSplineCtrl.cpp,264,6,264,6,"Preserve animation ordering, key data, and legacy numeric edge behavior.",See CryCommonMigrationValidation.md and category tests.,accept,pending frozen-SHA signoff,pending frozen-SHA signoff
Gems/LyShine/Code/Editor/Animation/UiAnimViewSplineCtrl.cpp#4,animation/math,Gems/LyShine/Code/Editor/Animation/UiAnimViewSplineCtrl.cpp,273,2,273,2,"Preserve animation ordering, key data, and legacy numeric edge behavior.",See CryCommonMigrationValidation.md and category tests.,accept,pending frozen-SHA signoff,pending frozen-SHA signoff
Gems/LyShine/Code/Editor/Animation/UiAnimViewSplineCtrl.cpp#5,animation/math,Gems/LyShine/Code/Editor/Animation/UiAnimViewSplineCtrl.cpp,284,7,284,7,"Preserve animation ordering, key data, and legacy numeric edge behavior.",See CryCommonMigrationValidation.md and category tests.,accept,pending frozen-SHA signoff,pending frozen-SHA signoff
Gems/LyShine/Code/Editor/Animation/UiAnimViewSplineCtrl.cpp#6,animation/math,Gems/LyShine/Code/Editor/Animation/UiAnimViewSplineCtrl.cpp,318,3,318,3,"Preserve animation ordering, key data, and legacy numeric edge behavior.",See CryCommonMigrationValidation.md and category tests.,accept,pending frozen-SHA signoff,pending frozen-SHA signoff
Gems/LyShine/Code/Editor/Animation/UiAnimViewSplineCtrl.cpp#7,animation/math,Gems/LyShine/Code/Editor/Animation/UiAnimViewSplineCtrl.cpp,324,1,324,1,"Preserve animation ordering, key data, and legacy numeric edge behavior.",See CryCommonMigrationValidation.md and category tests.,accept,pending frozen-SHA signoff,pending frozen-SHA signoff
Gems/LyShine/Code/Editor/Animation/UiAnimViewSplineCtrl.cpp#8,animation/math,Gems/LyShine/Code/Editor/Animation/UiAnimViewSplineCtrl.cpp,327,2,327,2,"Preserve animation ordering, key data, and legacy numeric edge behavior.",See CryCommonMigrationValidation.md and category tests.,accept,pending frozen-SHA signoff,pending frozen-SHA signoff
Gems/LyShine/Code/Editor/Animation/UiAnimViewSplineCtrl.cpp#9,animation/math,Gems/LyShine/Code/Editor/Animation/UiAnimViewSplineCtrl.cpp,334,2,334,2,"Preserve animation ordering, key data, and legacy numeric edge behavior.",See CryCommonMigrationValidation.md and category tests.,accept,pending frozen-SHA signoff,pending frozen-SHA signoff
Gems/LyShine/Code/Editor/Animation/UiAnimViewSplineCtrl.cpp#10,animation/math,Gems/LyShine/Code/Editor/Animation/UiAnimViewSplineCtrl.cpp,337,1,337,1,"Preserve animation ordering, key data, and legacy numeric edge behavior.",See CryCommonMigrationValidation.md and category tests.,accept,pending frozen-SHA signoff,pending frozen-SHA signoff
Gems/LyShine/Code/Editor/Animation/UiAnimViewSplineCtrl.cpp#11,animation/math,Gems/LyShine/Code/Editor/Animation/UiAnimViewSplineCtrl.cpp,348,1,348,1,"Preserve animation ordering, key data, and legacy numeric edge behavior.",See CryCommonMigrationValidation.md and category tests.,accept,pending frozen-SHA signoff,pending frozen-SHA signoff
Gems/LyShine/Code/Editor/Animation/UiAnimViewSplineCtrl.cpp#12,animation/math,Gems/LyShine/Code/Editor/Animation/UiAnimViewSplineCtrl.cpp,371,3,371,3,"Preserve animation ordering, key data, and legacy numeric edge behavior.",See CryCommonMigrationValidation.md and category tests.,accept,pending frozen-SHA signoff,pending frozen-SHA signoff
Gems/LyShine/Code/Editor/Animation/UiAnimViewSplineCtrl.cpp#13,animation/math,Gems/LyShine/Code/Editor/Animation/UiAnimViewSplineCtrl.cpp,377,1,377,1,"Preserve animation ordering, key data, and legacy numeric edge behavior.",See CryCommonMigrationValidation.md and category tests.,accept,pending frozen-SHA signoff,pending frozen-SHA signoff
Gems/LyShine/Code/Editor/Animation/UiAnimViewSplineCtrl.cpp#14,animation/math,Gems/LyShine/Code/Editor/Animation/UiAnimViewSplineCtrl.cpp,380,2,380,2,"Preserve animation ordering, key data, and legacy numeric edge behavior.",See CryCommonMigrationValidation.md and category tests.,accept,pending frozen-SHA signoff,pending frozen-SHA signoff
Gems/LyShine/Code/Editor/Animation/UiAnimViewSplineCtrl.cpp#15,animation/math,Gems/LyShine/Code/Editor/Animation/UiAnimViewSplineCtrl.cpp,387,2,387,2,"Preserve animation ordering, key data, and legacy numeric edge behavior.",See CryCommonMigrationValidation.md and category tests.,accept,pending frozen-SHA signoff,pending frozen-SHA signoff
Gems/LyShine/Code/Editor/Animation/UiAnimViewSplineCtrl.cpp#16,animation/math,Gems/LyShine/Code/Editor/Animation/UiAnimViewSplineCtrl.cpp,390,1,390,1,"Preserve animation ordering, key data, and legacy numeric edge behavior.",See CryCommonMigrationValidation.md and category tests.,accept,pending frozen-SHA signoff,pending frozen-SHA signoff
Gems/LyShine/Code/Editor/Animation/UiAnimViewSplineCtrl.cpp#17,animation/math,Gems/LyShine/Code/Editor/Animation/UiAnimViewSplineCtrl.cpp,401,1,401,1,"Preserve animation ordering, key data, and legacy numeric edge behavior.",See CryCommonMigrationValidation.md and category tests.,accept,pending frozen-SHA signoff,pending frozen-SHA signoff
Gems/LyShine/Code/Editor/Animation/UiAnimViewSplineCtrl.cpp#18,animation/math,Gems/LyShine/Code/Editor/Animation/UiAnimViewSplineCtrl.cpp,531,1,531,1,"Preserve animation ordering, key data, and legacy numeric edge behavior.",See CryCommonMigrationValidation.md and category tests.,accept,pending frozen-SHA signoff,pending frozen-SHA signoff
Gems/LyShine/Code/Editor/Animation/UiAnimViewSplineCtrl.cpp#19,animation/math,Gems/LyShine/Code/Editor/Animation/UiAnimViewSplineCtrl.cpp,539,1,539,1,"Preserve animation ordering, key data, and legacy numeric edge behavior.",See CryCommonMigrationValidation.md and category tests.,accept,pending frozen-SHA signoff,pending frozen-SHA signoff
Gems/LyShine/Code/Editor/Animation/UiAnimViewSplineCtrl.cpp#20,animation/math,Gems/LyShine/Code/Editor/Animation/UiAnimViewSplineCtrl.cpp,550,1,550,1,"Preserve animation ordering, key data, and legacy numeric edge behavior.",See CryCommonMigrationValidation.md and category tests.,accept,pending frozen-SHA signoff,pending frozen-SHA signoff
Gems/LyShine/Code/Editor/Animation/UiAnimViewSplineCtrl.cpp#21,animation/math,Gems/LyShine/Code/Editor/Animation/UiAnimViewSplineCtrl.cpp,560,1,560,1,"Preserve animation ordering, key data, and legacy numeric edge behavior.",See CryCommonMigrationValidation.md and category tests.,accept,pending frozen-SHA signoff,pending frozen-SHA signoff
Gems/LyShine/Code/Editor/Animation/UiAnimViewSplineCtrl.cpp#22,animation/math,Gems/LyShine/Code/Editor/Animation/UiAnimViewSplineCtrl.cpp,571,1,571,1,"Preserve animation ordering, key data, and legacy numeric edge behavior.",See CryCommonMigrationValidation.md and category tests.,accept,pending frozen-SHA signoff,pending frozen-SHA signoff
Gems/LyShine/Code/Editor/Animation/UiAnimViewSplineCtrl.cpp#23,animation/math,Gems/LyShine/Code/Editor/Animation/UiAnimViewSplineCtrl.cpp,625,2,625,2,"Preserve animation ordering, key data, and legacy numeric edge behavior.",See CryCommonMigrationValidation.md and category tests.,accept,pending frozen-SHA signoff,pending frozen-SHA signoff
Gems/LyShine/Code/Editor/Animation/UiAnimViewSplineCtrl.cpp#24,animation/math,Gems/LyShine/Code/Editor/Animation/UiAnimViewSplineCtrl.cpp,638,1,638,1,"Preserve animation ordering, key data, and legacy numeric edge behavior.",See CryCommonMigrationValidation.md and category tests.,accept,pending frozen-SHA signoff,pending frozen-SHA signoff
Gems/LyShine/Code/Editor/Animation/UiAnimViewSplineCtrl.cpp#25,animation/math,Gems/LyShine/Code/Editor/Animation/UiAnimViewSplineCtrl.cpp,642,1,642,1,"Preserve animation ordering, key data, and legacy numeric edge behavior.",See CryCommonMigrationValidation.md and category tests.,accept,pending frozen-SHA signoff,pending frozen-SHA signoff
Gems/LyShine/Code/Editor/Animation/UiAnimViewSplineCtrl.cpp#26,animation/math,Gems/LyShine/Code/Editor/Animation/UiAnimViewSplineCtrl.cpp,647,1,647,1,"Preserve animation ordering, key data, and legacy numeric edge behavior.",See CryCommonMigrationValidation.md and category tests.,accept,pending frozen-SHA signoff,pending frozen-SHA signoff
Gems/LyShine/Code/Editor/Animation/UiAnimViewSplineCtrl.cpp#27,animation/math,Gems/LyShine/Code/Editor/Animation/UiAnimViewSplineCtrl.cpp,652,1,652,1,"Preserve animation ordering, key data, and legacy numeric edge behavior.",See CryCommonMigrationValidation.md and category tests.,accept,pending frozen-SHA signoff,pending frozen-SHA signoff
Gems/LyShine/Code/Editor/Animation/UiAnimViewSplineCtrl.cpp#28,animation/math,Gems/LyShine/Code/Editor/Animation/UiAnimViewSplineCtrl.cpp,726,1,726,1,"Preserve animation ordering, key data, and legacy numeric edge behavior.",See CryCommonMigrationValidation.md and category tests.,accept,pending frozen-SHA signoff,pending frozen-SHA signoff
Gems/LyShine/Code/Editor/Animation/UiAnimViewSplineCtrl.cpp#29,animation/math,Gems/LyShine/Code/Editor/Animation/UiAnimViewSplineCtrl.cpp,739,1,739,1,"Preserve animation ordering, key data, and legacy numeric edge behavior.",See CryCommonMigrationValidation.md and category tests.,accept,pending frozen-SHA signoff,pending frozen-SHA signoff
Gems/LyShine/Code/Editor/Animation/UiAnimViewSplineCtrl.cpp#30,animation/math,Gems/LyShine/Code/Editor/Animation/UiAnimViewSplineCtrl.cpp,743,1,743,1,"Preserve animation ordering, key data, and legacy numeric edge behavior.",See CryCommonMigrationValidation.md and category tests.,accept,pending frozen-SHA signoff,pending frozen-SHA signoff
Gems/LyShine/Code/Editor/Animation/UiAnimViewSplineCtrl.cpp#31,animation/math,Gems/LyShine/Code/Editor/Animation/UiAnimViewSplineCtrl.cpp,745,1,745,1,"Preserve animation ordering, key data, and legacy numeric edge behavior.",See CryCommonMigrationValidation.md and category tests.,accept,pending frozen-SHA signoff,pending frozen-SHA signoff
Gems/LyShine/Code/Editor/Animation/UiAnimViewTrack.cpp#1,animation/math,Gems/LyShine/Code/Editor/Animation/UiAnimViewTrack.cpp,19,1,19,1,"Preserve animation ordering, key data, and legacy numeric edge behavior.",See CryCommonMigrationValidation.md and category tests.,accept,pending frozen-SHA signoff,pending frozen-SHA signoff
Gems/LyShine/Code/Editor/Animation/UiAnimViewTrack.cpp#2,animation/math,Gems/LyShine/Code/Editor/Animation/UiAnimViewTrack.cpp,37,1,37,4,"Preserve animation ordering, key data, and legacy numeric edge behavior.",See CryCommonMigrationValidation.md and category tests.,accept,pending frozen-SHA signoff,pending frozen-SHA signoff
Gems/LyShine/Code/Editor/Animation/UiAnimViewTrack.h#1,animation/math,Gems/LyShine/Code/Editor/Animation/UiAnimViewTrack.h,127,1,127,1,"Preserve animation ordering, key data, and legacy numeric edge behavior.",See CryCommonMigrationValidation.md and category tests.,accept,pending frozen-SHA signoff,pending frozen-SHA signoff
Gems/LyShine/Code/Editor/UiEditorEntityContext.h#1,consumers,Gems/LyShine/Code/Editor/UiEditorEntityContext.h,22,1,22,1,Use an equivalent AZ/AZStd contract or remove a proven dead dependency.,See CryCommonMigrationValidation.md and category tests.,accept,pending frozen-SHA signoff,pending frozen-SHA signoff
Gems/LyShine/Code/Editor/Widgets/PropertiesWidget/PropertyHandlers/PropertyHandlerVec.h#1,consumers,Gems/LyShine/Code/Editor/Widgets/PropertiesWidget/PropertyHandlers/PropertyHandlerVec.h,78,1,78,2,Use an equivalent AZ/AZStd contract or remove a proven dead dependency.,See CryCommonMigrationValidation.md and category tests.,accept,pending frozen-SHA signoff,pending frozen-SHA signoff
Gems/LyShine/Code/Editor/Widgets/PropertiesWidget/PropertyHandlers/PropertyHandlerVec.h#2,consumers,Gems/LyShine/Code/Editor/Widgets/PropertiesWidget/PropertyHandlers/PropertyHandlerVec.h,99,1,100,1,Use an equivalent AZ/AZStd contract or remove a proven dead dependency.,See CryCommonMigrationValidation.md and category tests.,accept,pending frozen-SHA signoff,pending frozen-SHA signoff
Gems/LyShine/Code/Editor/Widgets/PropertiesWidget/PropertyHandlers/PropertyHandlerVec.h#3,consumers,Gems/LyShine/Code/Editor/Widgets/PropertiesWidget/PropertyHandlers/PropertyHandlerVec.h,117,1,118,1,Use an equivalent AZ/AZStd contract or remove a proven dead dependency.,See CryCommonMigrationValidation.md and category tests.,accept,pending frozen-SHA signoff,pending frozen-SHA signoff
Gems/LyShine/Code/Editor/Widgets/PropertiesWidget/PropertyHandlers/PropertyHandlerVec.h#4,consumers,Gems/LyShine/Code/Editor/Widgets/PropertiesWidget/PropertyHandlers/PropertyHandlerVec.h,135,1,136,1,Use an equivalent AZ/AZStd contract or remove a proven dead dependency.,See CryCommonMigrationValidation.md and category tests.,accept,pending frozen-SHA signoff,pending frozen-SHA signoff
Gems/LyShine/Code/Editor/Widgets/ViewportWidget/Interaction/ViewportInteraction.cpp#1,consumers,Gems/LyShine/Code/Editor/Widgets/ViewportWidget/Interaction/ViewportInteraction.cpp,1265,2,1265,2,Use an equivalent AZ/AZStd contract or remove a proven dead dependency.,See CryCommonMigrationValidation.md and category tests.,accept,pending frozen-SHA signoff,pending frozen-SHA signoff
Gems/LyShine/Code/Editor/Widgets/ViewportWidget/Interaction/ViewportInteraction.cpp#2,consumers,Gems/LyShine/Code/Editor/Widgets/ViewportWidget/Interaction/ViewportInteraction.cpp,1365,2,1365,2,Use an equivalent AZ/AZStd contract or remove a proven dead dependency.,See CryCommonMigrationValidation.md and category tests.,accept,pending frozen-SHA signoff,pending frozen-SHA signoff
Gems/LyShine/Code/Editor/Widgets/ViewportWidget/ViewportElement.cpp#1,consumers,Gems/LyShine/Code/Editor/Widgets/ViewportWidget/ViewportElement.cpp,107,4,107,4,Use an equivalent AZ/AZStd contract or remove a proven dead dependency.,See CryCommonMigrationValidation.md and category tests.,accept,pending frozen-SHA signoff,pending frozen-SHA signoff
Gems/LyShine/Code/Editor/Widgets/ViewportWidget/ViewportElement.cpp#2,consumers,Gems/LyShine/Code/Editor/Widgets/ViewportWidget/ViewportElement.cpp,464,1,464,1,Use an equivalent AZ/AZStd contract or remove a proven dead dependency.,See CryCommonMigrationValidation.md and category tests.,accept,pending frozen-SHA signoff,pending frozen-SHA signoff
Gems/LyShine/Code/Editor/Widgets/ViewportWidget/ViewportElement.cpp#3,consumers,Gems/LyShine/Code/Editor/Widgets/ViewportWidget/ViewportElement.cpp,577,1,577,1,Use an equivalent AZ/AZStd contract or remove a proven dead dependency.,See CryCommonMigrationValidation.md and category tests.,accept,pending frozen-SHA signoff,pending frozen-SHA signoff
Gems/LyShine/Code/Editor/Widgets/ViewportWidget/ViewportHighlight.cpp#1,consumers,Gems/LyShine/Code/Editor/Widgets/ViewportWidget/ViewportHighlight.cpp,28,1,28,1,Use an equivalent AZ/AZStd contract or remove a proven dead dependency.,See CryCommonMigrationValidation.md and category tests.,accept,pending frozen-SHA signoff,pending frozen-SHA signoff
Gems/LyShine/Code/Editor/Widgets/ViewportWidget/ViewportHighlight.h#1,consumers,Gems/LyShine/Code/Editor/Widgets/ViewportWidget/ViewportHighlight.h,25,1,25,1,Use an equivalent AZ/AZStd contract or remove a proven dead dependency.,See CryCommonMigrationValidation.md and category tests.,accept,pending frozen-SHA signoff,pending frozen-SHA signoff
Gems/LyShine/Code/Editor/Widgets/ViewportWidget/ViewportIcon.cpp#1,consumers,Gems/LyShine/Code/Editor/Widgets/ViewportWidget/ViewportIcon.cpp,162,1,162,1,Use an equivalent AZ/AZStd contract or remove a proven dead dependency.,See CryCommonMigrationValidation.md and category tests.,accept,pending frozen-SHA signoff,pending frozen-SHA signoff
Gems/LyShine/Code/Editor/Widgets/ViewportWidget/ViewportIcon.cpp#2,consumers,Gems/LyShine/Code/Editor/Widgets/ViewportWidget/ViewportIcon.cpp,290,1,290,1,Use an equivalent AZ/AZStd contract or remove a proven dead dependency.,See CryCommonMigrationValidation.md and category tests.,accept,pending frozen-SHA signoff,pending frozen-SHA signoff
Gems/LyShine/Code/Editor/Widgets/ViewportWidget/ViewportWidget.cpp#1,consumers,Gems/LyShine/Code/Editor/Widgets/ViewportWidget/ViewportWidget.cpp,56,1,56,1,Use an equivalent AZ/AZStd contract or remove a proven dead dependency.,See CryCommonMigrationValidation.md and category tests.,accept,pending frozen-SHA signoff,pending frozen-SHA signoff
Gems/LyShine/Code/Editor/Widgets/ViewportWidget/ViewportWidget.cpp#2,consumers,Gems/LyShine/Code/Editor/Widgets/ViewportWidget/ViewportWidget.cpp,62,1,62,1,Use an equivalent AZ/AZStd contract or remove a proven dead dependency.,See CryCommonMigrationValidation.md and category tests.,accept,pending frozen-SHA signoff,pending frozen-SHA signoff
Gems/LyShine/Code/Editor/Widgets/ViewportWidget/ViewportWidget.cpp#3,consumers,Gems/LyShine/Code/Editor/Widgets/ViewportWidget/ViewportWidget.cpp,71,1,71,1,Use an equivalent AZ/AZStd contract or remove a proven dead dependency.,See CryCommonMigrationValidation.md and category tests.,accept,pending frozen-SHA signoff,pending frozen-SHA signoff
Gems/LyShine/Code/Editor/Widgets/ViewportWidget/ViewportWidget.cpp#4,consumers,Gems/LyShine/Code/Editor/Widgets/ViewportWidget/ViewportWidget.cpp,299,1,299,1,Use an equivalent AZ/AZStd contract or remove a proven dead dependency.,See CryCommonMigrationValidation.md and category tests.,accept,pending frozen-SHA signoff,pending frozen-SHA signoff
Gems/LyShine/Code/Editor/Widgets/ViewportWidget/ViewportWidget.cpp#5,consumers,Gems/LyShine/Code/Editor/Widgets/ViewportWidget/ViewportWidget.cpp,304,1,304,1,Use an equivalent AZ/AZStd contract or remove a proven dead dependency.,See CryCommonMigrationValidation.md and category tests.,accept,pending frozen-SHA signoff,pending frozen-SHA signoff
Gems/LyShine/Code/Editor/Widgets/ViewportWidget/ViewportWidget.h#1,consumers,Gems/LyShine/Code/Editor/Widgets/ViewportWidget/ViewportWidget.h,61,2,61,2,Use an equivalent AZ/AZStd contract or remove a proven dead dependency.,See CryCommonMigrationValidation.md and category tests.,accept,pending frozen-SHA signoff,pending frozen-SHA signoff
Gems/LyShine/Code/Editor/Widgets/ViewportWidget/ViewportWidget.h#2,consumers,Gems/LyShine/Code/Editor/Widgets/ViewportWidget/ViewportWidget.h,226,1,226,1,Use an equivalent AZ/AZStd contract or remove a proven dead dependency.,See CryCommonMigrationValidation.md and category tests.,accept,pending frozen-SHA signoff,pending frozen-SHA signoff
Gems/LyShine/Code/Editor/Windows/EditorWindow/UiSliceManager.cpp#1,consumers,Gems/LyShine/Code/Editor/Windows/EditorWindow/UiSliceManager.cpp,46,0,47,2,Use an equivalent AZ/AZStd contract or remove a proven dead dependency.,See CryCommonMigrationValidation.md and category tests.,accept,pending frozen-SHA signoff,pending frozen-SHA signoff
Gems/LyShine/Code/Include/LyShine/Animation/IUiAnimation.h#1,animation/math,Gems/LyShine/Code/Include/LyShine/Animation/IUiAnimation.h,521,2,520,0,"Preserve animation ordering, key data, and legacy numeric edge behavior.",See CryCommonMigrationValidation.md and category tests.,accept,pending frozen-SHA signoff,pending frozen-SHA signoff
Gems/LyShine/Code/Include/LyShine/Animation/IUiAnimation.h#2,animation/math,Gems/LyShine/Code/Include/LyShine/Animation/IUiAnimation.h,535,2,532,0,"Preserve animation ordering, key data, and legacy numeric edge behavior.",See CryCommonMigrationValidation.md and category tests.,accept,pending frozen-SHA signoff,pending frozen-SHA signoff
Gems/LyShine/Code/Include/LyShine/Animation/IUiAnimation.h#3,animation/math,Gems/LyShine/Code/Include/LyShine/Animation/IUiAnimation.h,663,2,659,2,"Preserve animation ordering, key data, and legacy numeric edge behavior.",See CryCommonMigrationValidation.md and category tests.,accept,pending frozen-SHA signoff,pending frozen-SHA signoff
Gems/LyShine/Code/Include/LyShine/Animation/IUiAnimation.h#4,animation/math,Gems/LyShine/Code/Include/LyShine/Animation/IUiAnimation.h,668,2,664,2,"Preserve animation ordering, key data, and legacy numeric edge behavior.",See CryCommonMigrationValidation.md and category tests.,accept,pending frozen-SHA signoff,pending frozen-SHA signoff
Gems/LyShine/Code/Include/LyShine/Bus/UiTransform2dBus.h#1,consumers,Gems/LyShine/Code/Include/LyShine/Bus/UiTransform2dBus.h,13,1,13,1,Use an equivalent AZ/AZStd contract or remove a proven dead dependency.,See CryCommonMigrationValidation.md and category tests.,accept,pending frozen-SHA signoff,pending frozen-SHA signoff
Gems/LyShine/Code/Include/LyShine/Bus/World/UiCanvasOnMeshBus.h#1,consumers,Gems/LyShine/Code/Include/LyShine/Bus/World/UiCanvasOnMeshBus.h,12,1,12,1,Use an equivalent AZ/AZStd contract or remove a proven dead dependency.,See CryCommonMigrationValidation.md and category tests.,accept,pending frozen-SHA signoff,pending frozen-SHA signoff
Gems/LyShine/Code/Include/LyShine/ILyShine.h#1,consumers,Gems/LyShine/Code/Include/LyShine/ILyShine.h,13,1,12,0,Use an equivalent AZ/AZStd contract or remove a proven dead dependency.,See CryCommonMigrationValidation.md and category tests.,accept,pending frozen-SHA signoff,pending frozen-SHA signoff
Gems/LyShine/Code/Include/LyShine/ILyShine.h#2,consumers,Gems/LyShine/Code/Include/LyShine/ILyShine.h,14,0,14,1,Use an equivalent AZ/AZStd contract or remove a proven dead dependency.,See CryCommonMigrationValidation.md and category tests.,accept,pending frozen-SHA signoff,pending frozen-SHA signoff
Gems/LyShine/Code/Include/LyShine/ILyShine.h#3,consumers,Gems/LyShine/Code/Include/LyShine/ILyShine.h,17,0,18,1,Use an equivalent AZ/AZStd contract or remove a proven dead dependency.,See CryCommonMigrationValidation.md and category tests.,accept,pending frozen-SHA signoff,pending frozen-SHA signoff
Gems/LyShine/Code/Include/LyShine/ILyShine.h#4,consumers,Gems/LyShine/Code/Include/LyShine/ILyShine.h,25,1,26,1,Use an equivalent AZ/AZStd contract or remove a proven dead dependency.,See CryCommonMigrationValidation.md and category tests.,accept,pending frozen-SHA signoff,pending frozen-SHA signoff
Gems/LyShine/Code/Include/LyShine/ILyShine.h#5,consumers,Gems/LyShine/Code/Include/LyShine/ILyShine.h,34,1,35,1,Use an equivalent AZ/AZStd contract or remove a proven dead dependency.,See CryCommonMigrationValidation.md and category tests.,accept,pending frozen-SHA signoff,pending frozen-SHA signoff
Gems/LyShine/Code/Include/LyShine/ILyShine.h#6,consumers,Gems/LyShine/Code/Include/LyShine/ILyShine.h,36,1,37,1,Use an equivalent AZ/AZStd contract or remove a proven dead dependency.,See CryCommonMigrationValidation.md and category tests.,accept,pending frozen-SHA signoff,pending frozen-SHA signoff
Gems/LyShine/Code/Include/LyShine/ILyShine.h#7,consumers,Gems/LyShine/Code/Include/LyShine/ILyShine.h,69,1,70,2,Use an equivalent AZ/AZStd contract or remove a proven dead dependency.,See CryCommonMigrationValidation.md and category tests.,accept,pending frozen-SHA signoff,pending frozen-SHA signoff
Gems/LyShine/Code/Include/LyShine/ILyShine.h#8,consumers,Gems/LyShine/Code/Include/LyShine/ILyShine.h,140,1,141,0,Use an equivalent AZ/AZStd contract or remove a proven dead dependency.,See CryCommonMigrationValidation.md and category tests.,accept,pending frozen-SHA signoff,pending frozen-SHA signoff
Gems/LyShine/Code/Include/LyShine/IRenderGraph.h#1,consumers,Gems/LyShine/Code/Include/LyShine/IRenderGraph.h,19,1,19,1,Use an equivalent AZ/AZStd contract or remove a proven dead dependency.,See CryCommonMigrationValidation.md and category tests.,accept,pending frozen-SHA signoff,pending frozen-SHA signoff
Gems/LyShine/Code/Include/LyShine/IRenderGraph.h#2,consumers,Gems/LyShine/Code/Include/LyShine/IRenderGraph.h,31,1,30,0,Use an equivalent AZ/AZStd contract or remove a proven dead dependency.,See CryCommonMigrationValidation.md and category tests.,accept,pending frozen-SHA signoff,pending frozen-SHA signoff
Gems/LyShine/Code/Include/LyShine/IRenderGraph.h#3,consumers,Gems/LyShine/Code/Include/LyShine/IRenderGraph.h,33,1,32,3,Use an equivalent AZ/AZStd contract or remove a proven dead dependency.,See CryCommonMigrationValidation.md and category tests.,accept,pending frozen-SHA signoff,pending frozen-SHA signoff
Gems/LyShine/Code/Include/LyShine/IRenderGraph.h#4,consumers,Gems/LyShine/Code/Include/LyShine/IRenderGraph.h,47,1,48,2,Use an equivalent AZ/AZStd contract or remove a proven dead dependency.,See CryCommonMigrationValidation.md and category tests.,accept,pending frozen-SHA signoff,pending frozen-SHA signoff
Gems/LyShine/Code/Include/LyShine/IRenderGraph.h#5,consumers,Gems/LyShine/Code/Include/LyShine/IRenderGraph.h,56,2,58,7,Use an equivalent AZ/AZStd contract or remove a proven dead dependency.,See CryCommonMigrationValidation.md and category tests.,accept,pending frozen-SHA signoff,pending frozen-SHA signoff
Gems/LyShine/Code/Include/LyShine/IRenderGraph.h#6,consumers,Gems/LyShine/Code/Include/LyShine/IRenderGraph.h,60,1,67,2,Use an equivalent AZ/AZStd contract or remove a proven dead dependency.,See CryCommonMigrationValidation.md and category tests.,accept,pending frozen-SHA signoff,pending frozen-SHA signoff
Gems/LyShine/Code/Include/LyShine/IRenderGraph.h#7,consumers,Gems/LyShine/Code/Include/LyShine/IRenderGraph.h,72,1,80,1,Use an equivalent AZ/AZStd contract or remove a proven dead dependency.,See CryCommonMigrationValidation.md and category tests.,accept,pending frozen-SHA signoff,pending frozen-SHA signoff
Gems/LyShine/Code/Include/LyShine/IRenderGraph.h#8,consumers,Gems/LyShine/Code/Include/LyShine/IRenderGraph.h,96,1,104,1,Use an equivalent AZ/AZStd contract or remove a proven dead dependency.,See CryCommonMigrationValidation.md and category tests.,accept,pending frozen-SHA signoff,pending frozen-SHA signoff
Gems/LyShine/Code/Include/LyShine/UiBase.h#1,consumers,Gems/LyShine/Code/Include/LyShine/UiBase.h,10,1,9,0,Use an equivalent AZ/AZStd contract or remove a proven dead dependency.,See CryCommonMigrationValidation.md and category tests.,accept,pending frozen-SHA signoff,pending frozen-SHA signoff
Gems/LyShine/Code/Include/LyShine/UiBase.h#2,consumers,Gems/LyShine/Code/Include/LyShine/UiBase.h,12,3,11,2,Use an equivalent AZ/AZStd contract or remove a proven dead dependency.,See CryCommonMigrationValidation.md and category tests.,accept,pending frozen-SHA signoff,pending frozen-SHA signoff
Gems/LyShine/Code/Include/LyShine/UiBase.h#3,consumers,Gems/LyShine/Code/Include/LyShine/UiBase.h,20,0,19,2,Use an equivalent AZ/AZStd contract or remove a proven dead dependency.,See CryCommonMigrationValidation.md and category tests.,accept,pending frozen-SHA signoff,pending frozen-SHA signoff
Gems/LyShine/Code/Include/LyShine/UiBase.h#4,consumers,Gems/LyShine/Code/Include/LyShine/UiBase.h,63,0,64,2,Use an equivalent AZ/AZStd contract or remove a proven dead dependency.,See CryCommonMigrationValidation.md and category tests.,accept,pending frozen-SHA signoff,pending frozen-SHA signoff
Gems/LyShine/Code/Include/LyShine/UiBase.h#5,consumers,Gems/LyShine/Code/Include/LyShine/UiBase.h,68,1,69,0,Use an equivalent AZ/AZStd contract or remove a proven dead dependency.,See CryCommonMigrationValidation.md and category tests.,accept,pending frozen-SHA signoff,pending frozen-SHA signoff
Gems/LyShine/Code/Include/LyShine/UiEditorDLLBus.h#1,consumers,Gems/LyShine/Code/Include/LyShine/UiEditorDLLBus.h,13,0,14,1,Use an equivalent AZ/AZStd contract or remove a proven dead dependency.,See CryCommonMigrationValidation.md and category tests.,accept,pending frozen-SHA signoff,pending frozen-SHA signoff
Gems/LyShine/Code/Include/LyShine/UiEditorDLLBus.h#2,consumers,Gems/LyShine/Code/Include/LyShine/UiEditorDLLBus.h,17,2,18,1,Use an equivalent AZ/AZStd contract or remove a proven dead dependency.,See CryCommonMigrationValidation.md and category tests.,accept,pending frozen-SHA signoff,pending frozen-SHA signoff
Gems/LyShine/Code/Include/LyShine/UiEditorDLLBus.h#3,consumers,Gems/LyShine/Code/Include/LyShine/UiEditorDLLBus.h,21,2,21,3,Use an equivalent AZ/AZStd contract or remove a proven dead dependency.,See CryCommonMigrationValidation.md and category tests.,accept,pending frozen-SHA signoff,pending frozen-SHA signoff
Gems/LyShine/Code/Include/LyShine/UiEditorDLLBus.h#4,consumers,Gems/LyShine/Code/Include/LyShine/UiEditorDLLBus.h,37,2,38,4,Use an equivalent AZ/AZStd contract or remove a proven dead dependency.,See CryCommonMigrationValidation.md and category tests.,accept,pending frozen-SHA signoff,pending frozen-SHA signoff
Gems/LyShine/Code/Include/LyShine/UiRenderFormats.h#1,layout/fonts,Gems/LyShine/Code/Include/LyShine/UiRenderFormats.h,9,0,10,1,"Preserve CPU/GPU size, alignment, offsets, strides, bytes, and text output.",See CryCommonMigrationValidation.md and category tests.,accept,pending frozen-SHA signoff,pending frozen-SHA signoff
Gems/LyShine/Code/Include/LyShine/UiRenderFormats.h#2,layout/fonts,Gems/LyShine/Code/Include/LyShine/UiRenderFormats.h,11,0,13,2,"Preserve CPU/GPU size, alignment, offsets, strides, bytes, and text output.",See CryCommonMigrationValidation.md and category tests.,accept,pending frozen-SHA signoff,pending frozen-SHA signoff
Gems/LyShine/Code/Include/LyShine/UiRenderFormats.h#3,layout/fonts,Gems/LyShine/Code/Include/LyShine/UiRenderFormats.h,16,4,19,3,"Preserve CPU/GPU size, alignment, offsets, strides, bytes, and text output.",See CryCommonMigrationValidation.md and category tests.,accept,pending frozen-SHA signoff,pending frozen-SHA signoff
Gems/LyShine/Code/Include/LyShine/UiRenderFormats.h#4,layout/fonts,Gems/LyShine/Code/Include/LyShine/UiRenderFormats.h,23,1,25,1,"Preserve CPU/GPU size, alignment, offsets, strides, bytes, and text output.",See CryCommonMigrationValidation.md and category tests.,accept,pending frozen-SHA signoff,pending frozen-SHA signoff
Gems/LyShine/Code/Include/LyShine/UiRenderFormats.h#5,layout/fonts,Gems/LyShine/Code/Include/LyShine/UiRenderFormats.h,27,1,29,1,"Preserve CPU/GPU size, alignment, offsets, strides, bytes, and text output.",See CryCommonMigrationValidation.md and category tests.,accept,pending frozen-SHA signoff,pending frozen-SHA signoff
Gems/LyShine/Code/Include/LyShine/UiRenderFormats.h#6,layout/fonts,Gems/LyShine/Code/Include/LyShine/UiRenderFormats.h,34,1,36,1,"Preserve CPU/GPU size, alignment, offsets, strides, bytes, and text output.",See CryCommonMigrationValidation.md and category tests.,accept,pending frozen-SHA signoff,pending frozen-SHA signoff
Gems/LyShine/Code/Include/LyShine/UiRenderFormats.h#7,layout/fonts,Gems/LyShine/Code/Include/LyShine/UiRenderFormats.h,36,5,38,5,"Preserve CPU/GPU size, alignment, offsets, strides, bytes, and text output.",See CryCommonMigrationValidation.md and category tests.,accept,pending frozen-SHA signoff,pending frozen-SHA signoff
Gems/LyShine/Code/Include/LyShine/UiRenderFormats.h#8,layout/fonts,Gems/LyShine/Code/Include/LyShine/UiRenderFormats.h,42,0,45,8,"Preserve CPU/GPU size, alignment, offsets, strides, bytes, and text output.",See CryCommonMigrationValidation.md and category tests.,accept,pending frozen-SHA signoff,pending frozen-SHA signoff
Gems/LyShine/Code/Include/LyShine/UiRenderFormats.h#9,layout/fonts,Gems/LyShine/Code/Include/LyShine/UiRenderFormats.h,48,1,58,1,"Preserve CPU/GPU size, alignment, offsets, strides, bytes, and text output.",See CryCommonMigrationValidation.md and category tests.,accept,pending frozen-SHA signoff,pending frozen-SHA signoff
Gems/LyShine/Code/Include/LyShine/UiRenderFormats.h#10,layout/fonts,Gems/LyShine/Code/Include/LyShine/UiRenderFormats.h,53,1,63,1,"Preserve CPU/GPU size, alignment, offsets, strides, bytes, and text output.",See CryCommonMigrationValidation.md and category tests.,accept,pending frozen-SHA signoff,pending frozen-SHA signoff
Gems/LyShine/Code/Include/LyShine/UiSerializeHelpers.h#1,serialization,Gems/LyShine/Code/Include/LyShine/UiSerializeHelpers.h,155,1,155,1,"Preserve reflected ids, legacy conversion behavior, and semantic asset values.",See CryCommonMigrationValidation.md and category tests.,accept,pending frozen-SHA signoff,pending frozen-SHA signoff
Gems/LyShine/Code/Include/LyShine/UiSerializeHelpers.h#2,serialization,Gems/LyShine/Code/Include/LyShine/UiSerializeHelpers.h,176,1,176,1,"Preserve reflected ids, legacy conversion behavior, and semantic asset values.",See CryCommonMigrationValidation.md and category tests.,accept,pending frozen-SHA signoff,pending frozen-SHA signoff
Gems/LyShine/Code/Include/LyShine/UiSerializeHelpers.h#3,serialization,Gems/LyShine/Code/Include/LyShine/UiSerializeHelpers.h,259,1,259,1,"Preserve reflected ids, legacy conversion behavior, and semantic asset values.",See CryCommonMigrationValidation.md and category tests.,accept,pending frozen-SHA signoff,pending frozen-SHA signoff
Gems/LyShine/Code/Include/LyShine/UiSerializeHelpers.h#4,serialization,Gems/LyShine/Code/Include/LyShine/UiSerializeHelpers.h,278,1,278,1,"Preserve reflected ids, legacy conversion behavior, and semantic asset values.",See CryCommonMigrationValidation.md and category tests.,accept,pending frozen-SHA signoff,pending frozen-SHA signoff
Gems/LyShine/Code/Include/LyShine/UiSerializeHelpers.h#5,serialization,Gems/LyShine/Code/Include/LyShine/UiSerializeHelpers.h,342,1,342,1,"Preserve reflected ids, legacy conversion behavior, and semantic asset values.",See CryCommonMigrationValidation.md and category tests.,accept,pending frozen-SHA signoff,pending frozen-SHA signoff
Gems/LyShine/Code/Include/LyShine/UiSerializeHelpers.h#6,serialization,Gems/LyShine/Code/Include/LyShine/UiSerializeHelpers.h,354,1,354,9,"Preserve reflected ids, legacy conversion behavior, and semantic asset values.",See CryCommonMigrationValidation.md and category tests.,accept,pending frozen-SHA signoff,pending frozen-SHA signoff
Gems/LyShine/Code/Include/LyShine/UiSerializeHelpers.h#7,serialization,Gems/LyShine/Code/Include/LyShine/UiSerializeHelpers.h,356,2,364,2,"Preserve reflected ids, legacy conversion behavior, and semantic asset values.",See CryCommonMigrationValidation.md and category tests.,accept,pending frozen-SHA signoff,pending frozen-SHA signoff
Gems/LyShine/Code/Include/LyShine/UiSerializeHelpers.h#8,serialization,Gems/LyShine/Code/Include/LyShine/UiSerializeHelpers.h,359,1,367,1,"Preserve reflected ids, legacy conversion behavior, and semantic asset values.",See CryCommonMigrationValidation.md and category tests.,accept,pending frozen-SHA signoff,pending frozen-SHA signoff
Gems/LyShine/Code/Include/LyShine/UiSerializeHelpers.h#9,serialization,Gems/LyShine/Code/Include/LyShine/UiSerializeHelpers.h,377,1,385,1,"Preserve reflected ids, legacy conversion behavior, and semantic asset values.",See CryCommonMigrationValidation.md and category tests.,accept,pending frozen-SHA signoff,pending frozen-SHA signoff
Gems/LyShine/Code/Source/Animation/2DSpline.h#1,animation/math,Gems/LyShine/Code/Source/Animation/2DSpline.h,327,1,327,1,"Preserve animation ordering, key data, and legacy numeric edge behavior.",See CryCommonMigrationValidation.md and category tests.,accept,pending frozen-SHA signoff,pending frozen-SHA signoff
Gems/LyShine/Code/Source/Animation/2DSpline.h#2,animation/math,Gems/LyShine/Code/Source/Animation/2DSpline.h,343,1,343,1,"Preserve animation ordering, key data, and legacy numeric edge behavior.",See CryCommonMigrationValidation.md and category tests.,accept,pending frozen-SHA signoff,pending frozen-SHA signoff
Gems/LyShine/Code/Source/Animation/2DSpline.h#3,animation/math,Gems/LyShine/Code/Source/Animation/2DSpline.h,350,1,350,1,"Preserve animation ordering, key data, and legacy numeric edge behavior.",See CryCommonMigrationValidation.md and category tests.,accept,pending frozen-SHA signoff,pending frozen-SHA signoff
Gems/LyShine/Code/Source/Animation/2DSpline.h#4,animation/math,Gems/LyShine/Code/Source/Animation/2DSpline.h,353,3,353,3,"Preserve animation ordering, key data, and legacy numeric edge behavior.",See CryCommonMigrationValidation.md and category tests.,accept,pending frozen-SHA signoff,pending frozen-SHA signoff
Gems/LyShine/Code/Source/Animation/2DSpline.h#5,animation/math,Gems/LyShine/Code/Source/Animation/2DSpline.h,359,1,359,1,"Preserve animation ordering, key data, and legacy numeric edge behavior.",See CryCommonMigrationValidation.md and category tests.,accept,pending frozen-SHA signoff,pending frozen-SHA signoff
Gems/LyShine/Code/Source/Animation/2DSpline.h#6,animation/math,Gems/LyShine/Code/Source/Animation/2DSpline.h,363,3,363,3,"Preserve animation ordering, key data, and legacy numeric edge behavior.",See CryCommonMigrationValidation.md and category tests.,accept,pending frozen-SHA signoff,pending frozen-SHA signoff
Gems/LyShine/Code/Source/Animation/2DSpline.h#7,animation/math,Gems/LyShine/Code/Source/Animation/2DSpline.h,371,1,371,1,"Preserve animation ordering, key data, and legacy numeric edge behavior.",See CryCommonMigrationValidation.md and category tests.,accept,pending frozen-SHA signoff,pending frozen-SHA signoff
Gems/LyShine/Code/Source/Animation/2DSpline.h#8,animation/math,Gems/LyShine/Code/Source/Animation/2DSpline.h,375,3,375,3,"Preserve animation ordering, key data, and legacy numeric edge behavior.",See CryCommonMigrationValidation.md and category tests.,accept,pending frozen-SHA signoff,pending frozen-SHA signoff
Gems/LyShine/Code/Source/Animation/2DSpline.h#9,animation/math,Gems/LyShine/Code/Source/Animation/2DSpline.h,383,1,383,1,"Preserve animation ordering, key data, and legacy numeric edge behavior.",See CryCommonMigrationValidation.md and category tests.,accept,pending frozen-SHA signoff,pending frozen-SHA signoff
Gems/LyShine/Code/Source/Animation/2DSpline.h#10,animation/math,Gems/LyShine/Code/Source/Animation/2DSpline.h,515,2,515,2,"Preserve animation ordering, key data, and legacy numeric edge behavior.",See CryCommonMigrationValidation.md and category tests.,accept,pending frozen-SHA signoff,pending frozen-SHA signoff
Gems/LyShine/Code/Source/Animation/2DSpline.h#11,animation/math,Gems/LyShine/Code/Source/Animation/2DSpline.h,519,1,519,1,"Preserve animation ordering, key data, and legacy numeric edge behavior.",See CryCommonMigrationValidation.md and category tests.,accept,pending frozen-SHA signoff,pending frozen-SHA signoff
Gems/LyShine/Code/Source/Animation/2DSpline.h#12,animation/math,Gems/LyShine/Code/Source/Animation/2DSpline.h,537,4,537,4,"Preserve animation ordering, key data, and legacy numeric edge behavior.",See CryCommonMigrationValidation.md and category tests.,accept,pending frozen-SHA signoff,pending frozen-SHA signoff
Gems/LyShine/Code/Source/Animation/2DSpline.h#13,animation/math,Gems/LyShine/Code/Source/Animation/2DSpline.h,553,4,553,4,"Preserve animation ordering, key data, and legacy numeric edge behavior.",See CryCommonMigrationValidation.md and category tests.,accept,pending frozen-SHA signoff,pending frozen-SHA signoff
Gems/LyShine/Code/Source/Animation/2DSpline.h#14,animation/math,Gems/LyShine/Code/Source/Animation/2DSpline.h,565,1,565,1,"Preserve animation ordering, key data, and legacy numeric edge behavior.",See CryCommonMigrationValidation.md and category tests.,accept,pending frozen-SHA signoff,pending frozen-SHA signoff
Gems/LyShine/Code/Source/Animation/2DSpline.h#15,animation/math,Gems/LyShine/Code/Source/Animation/2DSpline.h,568,1,568,1,"Preserve animation ordering, key data, and legacy numeric edge behavior.",See CryCommonMigrationValidation.md and category tests.,accept,pending frozen-SHA signoff,pending frozen-SHA signoff
Gems/LyShine/Code/Source/Animation/2DSpline.h#16,animation/math,Gems/LyShine/Code/Source/Animation/2DSpline.h,574,4,574,4,"Preserve animation ordering, key data, and legacy numeric edge behavior.",See CryCommonMigrationValidation.md and category tests.,accept,pending frozen-SHA signoff,pending frozen-SHA signoff
Gems/LyShine/Code/Source/Animation/2DSpline.h#17,animation/math,Gems/LyShine/Code/Source/Animation/2DSpline.h,585,4,585,4,"Preserve animation ordering, key data, and legacy numeric edge behavior.",See CryCommonMigrationValidation.md and category tests.,accept,pending frozen-SHA signoff,pending frozen-SHA signoff
Gems/LyShine/Code/Source/Animation/2DSpline.h#18,animation/math,Gems/LyShine/Code/Source/Animation/2DSpline.h,641,1,641,1,"Preserve animation ordering, key data, and legacy numeric edge behavior.",See CryCommonMigrationValidation.md and category tests.,accept,pending frozen-SHA signoff,pending frozen-SHA signoff
Gems/LyShine/Code/Source/Animation/2DSpline.h#19,animation/math,Gems/LyShine/Code/Source/Animation/2DSpline.h,646,1,646,1,"Preserve animation ordering, key data, and legacy numeric edge behavior.",See CryCommonMigrationValidation.md and category tests.,accept,pending frozen-SHA signoff,pending frozen-SHA signoff
Gems/LyShine/Code/Source/Animation/2DSpline.h#20,animation/math,Gems/LyShine/Code/Source/Animation/2DSpline.h,678,1,678,1,"Preserve animation ordering, key data, and legacy numeric edge behavior.",See CryCommonMigrationValidation.md and category tests.,accept,pending frozen-SHA signoff,pending frozen-SHA signoff
Gems/LyShine/Code/Source/Animation/2DSpline.h#21,animation/math,Gems/LyShine/Code/Source/Animation/2DSpline.h,680,1,680,1,"Preserve animation ordering, key data, and legacy numeric edge behavior.",See CryCommonMigrationValidation.md and category tests.,accept,pending frozen-SHA signoff,pending frozen-SHA signoff
Gems/LyShine/Code/Source/Animation/2DSpline.h#22,animation/math,Gems/LyShine/Code/Source/Animation/2DSpline.h,687,2,687,2,"Preserve animation ordering, key data, and legacy numeric edge behavior.",See CryCommonMigrationValidation.md and category tests.,accept,pending frozen-SHA signoff,pending frozen-SHA signoff
Gems/LyShine/Code/Source/Animation/2DSpline.h#23,animation/math,Gems/LyShine/Code/Source/Animation/2DSpline.h,698,1,698,1,"Preserve animation ordering, key data, and legacy numeric edge behavior.",See CryCommonMigrationValidation.md and category tests.,accept,pending frozen-SHA signoff,pending frozen-SHA signoff
Gems/LyShine/Code/Source/Animation/2DSpline.h#24,animation/math,Gems/LyShine/Code/Source/Animation/2DSpline.h,700,2,700,2,"Preserve animation ordering, key data, and legacy numeric edge behavior.",See CryCommonMigrationValidation.md and category tests.,accept,pending frozen-SHA signoff,pending frozen-SHA signoff
Gems/LyShine/Code/Source/Animation/2DSpline.h#25,animation/math,Gems/LyShine/Code/Source/Animation/2DSpline.h,709,1,709,1,"Preserve animation ordering, key data, and legacy numeric edge behavior.",See CryCommonMigrationValidation.md and category tests.,accept,pending frozen-SHA signoff,pending frozen-SHA signoff
Gems/LyShine/Code/Source/Animation/2DSpline.h#26,animation/math,Gems/LyShine/Code/Source/Animation/2DSpline.h,713,1,713,1,"Preserve animation ordering, key data, and legacy numeric edge behavior.",See CryCommonMigrationValidation.md and category tests.,accept,pending frozen-SHA signoff,pending frozen-SHA signoff
Gems/LyShine/Code/Source/Animation/2DSpline.h#27,animation/math,Gems/LyShine/Code/Source/Animation/2DSpline.h,759,1,759,1,"Preserve animation ordering, key data, and legacy numeric edge behavior.",See CryCommonMigrationValidation.md and category tests.,accept,pending frozen-SHA signoff,pending frozen-SHA signoff
Gems/LyShine/Code/Source/Animation/2DSpline.h#28,animation/math,Gems/LyShine/Code/Source/Animation/2DSpline.h,773,1,773,1,"Preserve animation ordering, key data, and legacy numeric edge behavior.",See CryCommonMigrationValidation.md and category tests.,accept,pending frozen-SHA signoff,pending frozen-SHA signoff
Gems/LyShine/Code/Source/Animation/2DSpline.h#29,animation/math,Gems/LyShine/Code/Source/Animation/2DSpline.h,807,1,807,1,"Preserve animation ordering, key data, and legacy numeric edge behavior.",See CryCommonMigrationValidation.md and category tests.,accept,pending frozen-SHA signoff,pending frozen-SHA signoff
Gems/LyShine/Code/Source/Animation/2DSpline.h#30,animation/math,Gems/LyShine/Code/Source/Animation/2DSpline.h,809,1,809,1,"Preserve animation ordering, key data, and legacy numeric edge behavior.",See CryCommonMigrationValidation.md and category tests.,accept,pending frozen-SHA signoff,pending frozen-SHA signoff
Gems/LyShine/Code/Source/Animation/2DSpline.h#31,animation/math,Gems/LyShine/Code/Source/Animation/2DSpline.h,815,1,815,1,"Preserve animation ordering, key data, and legacy numeric edge behavior.",See CryCommonMigrationValidation.md and category tests.,accept,pending frozen-SHA signoff,pending frozen-SHA signoff
Gems/LyShine/Code/Source/Animation/2DSpline.h#32,animation/math,Gems/LyShine/Code/Source/Animation/2DSpline.h,817,1,817,1,"Preserve animation ordering, key data, and legacy numeric edge behavior.",See CryCommonMigrationValidation.md and category tests.,accept,pending frozen-SHA signoff,pending frozen-SHA signoff
Gems/LyShine/Code/Source/Animation/2DSpline.h#33,animation/math,Gems/LyShine/Code/Source/Animation/2DSpline.h,823,1,823,1,"Preserve animation ordering, key data, and legacy numeric edge behavior.",See CryCommonMigrationValidation.md and category tests.,accept,pending frozen-SHA signoff,pending frozen-SHA signoff
Gems/LyShine/Code/Source/Animation/2DSpline.h#34,animation/math,Gems/LyShine/Code/Source/Animation/2DSpline.h,836,2,836,2,"Preserve animation ordering, key data, and legacy numeric edge behavior.",See CryCommonMigrationValidation.md and category tests.,accept,pending frozen-SHA signoff,pending frozen-SHA signoff
Gems/LyShine/Code/Source/Animation/2DSpline.h#35,animation/math,Gems/LyShine/Code/Source/Animation/2DSpline.h,846,2,846,2,"Preserve animation ordering, key data, and legacy numeric edge behavior.",See CryCommonMigrationValidation.md and category tests.,accept,pending frozen-SHA signoff,pending frozen-SHA signoff
Gems/LyShine/Code/Source/Animation/2DSpline.h#36,animation/math,Gems/LyShine/Code/Source/Animation/2DSpline.h,856,2,856,2,"Preserve animation ordering, key data, and legacy numeric edge behavior.",See CryCommonMigrationValidation.md and category tests.,accept,pending frozen-SHA signoff,pending frozen-SHA signoff
Gems/LyShine/Code/Source/Animation/2DSpline.h#37,animation/math,Gems/LyShine/Code/Source/Animation/2DSpline.h,866,2,866,2,"Preserve animation ordering, key data, and legacy numeric edge behavior.",See CryCommonMigrationValidation.md and category tests.,accept,pending frozen-SHA signoff,pending frozen-SHA signoff
Gems/LyShine/Code/Source/Animation/2DSpline.h#38,animation/math,Gems/LyShine/Code/Source/Animation/2DSpline.h,882,2,882,2,"Preserve animation ordering, key data, and legacy numeric edge behavior.",See CryCommonMigrationValidation.md and category tests.,accept,pending frozen-SHA signoff,pending frozen-SHA signoff
Gems/LyShine/Code/Source/Animation/2DSpline.h#39,animation/math,Gems/LyShine/Code/Source/Animation/2DSpline.h,893,2,893,2,"Preserve animation ordering, key data, and legacy numeric edge behavior.",See CryCommonMigrationValidation.md and category tests.,accept,pending frozen-SHA signoff,pending frozen-SHA signoff
Gems/LyShine/Code/Source/Animation/2DSpline.h#40,animation/math,Gems/LyShine/Code/Source/Animation/2DSpline.h,906,1,906,1,"Preserve animation ordering, key data, and legacy numeric edge behavior.",See CryCommonMigrationValidation.md and category tests.,accept,pending frozen-SHA signoff,pending frozen-SHA signoff
Gems/LyShine/Code/Source/Animation/2DSpline.h#41,animation/math,Gems/LyShine/Code/Source/Animation/2DSpline.h,917,1,917,1,"Preserve animation ordering, key data, and legacy numeric edge behavior.",See CryCommonMigrationValidation.md and category tests.,accept,pending frozen-SHA signoff,pending frozen-SHA signoff
Gems/LyShine/Code/Source/Animation/2DSpline.h#42,animation/math,Gems/LyShine/Code/Source/Animation/2DSpline.h,934,1,934,1,"Preserve animation ordering, key data, and legacy numeric edge behavior.",See CryCommonMigrationValidation.md and category tests.,accept,pending frozen-SHA signoff,pending frozen-SHA signoff
Gems/LyShine/Code/Source/Animation/2DSpline.h#43,animation/math,Gems/LyShine/Code/Source/Animation/2DSpline.h,938,1,938,1,"Preserve animation ordering, key data, and legacy numeric edge behavior.",See CryCommonMigrationValidation.md and category tests.,accept,pending frozen-SHA signoff,pending frozen-SHA signoff
Gems/LyShine/Code/Source/Animation/2DSpline.h#44,animation/math,Gems/LyShine/Code/Source/Animation/2DSpline.h,940,1,940,1,"Preserve animation ordering, key data, and legacy numeric edge behavior.",See CryCommonMigrationValidation.md and category tests.,accept,pending frozen-SHA signoff,pending frozen-SHA signoff
Gems/LyShine/Code/Source/Animation/2DSpline.h#45,animation/math,Gems/LyShine/Code/Source/Animation/2DSpline.h,942,2,942,2,"Preserve animation ordering, key data, and legacy numeric edge behavior.",See CryCommonMigrationValidation.md and category tests.,accept,pending frozen-SHA signoff,pending frozen-SHA signoff
Gems/LyShine/Code/Source/Animation/2DSpline.h#46,animation/math,Gems/LyShine/Code/Source/Animation/2DSpline.h,949,2,949,2,"Preserve animation ordering, key data, and legacy numeric edge behavior.",See CryCommonMigrationValidation.md and category tests.,accept,pending frozen-SHA signoff,pending frozen-SHA signoff
Gems/LyShine/Code/Source/Animation/2DSpline.h#47,animation/math,Gems/LyShine/Code/Source/Animation/2DSpline.h,952,2,952,2,"Preserve animation ordering, key data, and legacy numeric edge behavior.",See CryCommonMigrationValidation.md and category tests.,accept,pending frozen-SHA signoff,pending frozen-SHA signoff
Gems/LyShine/Code/Source/Animation/AnimNode.cpp#1,animation/math,Gems/LyShine/Code/Source/Animation/AnimNode.cpp,341,1,341,1,"Preserve animation ordering, key data, and legacy numeric edge behavior.",See CryCommonMigrationValidation.md and category tests.,accept,pending frozen-SHA signoff,pending frozen-SHA signoff
Gems/LyShine/Code/Source/Animation/AnimNode.cpp#2,animation/math,Gems/LyShine/Code/Source/Animation/AnimNode.cpp,526,1,526,1,"Preserve animation ordering, key data, and legacy numeric edge behavior.",See CryCommonMigrationValidation.md and category tests.,accept,pending frozen-SHA signoff,pending frozen-SHA signoff
Gems/LyShine/Code/Source/Animation/AnimNode.cpp#3,animation/math,Gems/LyShine/Code/Source/Animation/AnimNode.cpp,536,1,536,1,"Preserve animation ordering, key data, and legacy numeric edge behavior.",See CryCommonMigrationValidation.md and category tests.,accept,pending frozen-SHA signoff,pending frozen-SHA signoff
Gems/LyShine/Code/Source/Animation/AnimNode.cpp#4,animation/math,Gems/LyShine/Code/Source/Animation/AnimNode.cpp,545,1,545,1,"Preserve animation ordering, key data, and legacy numeric edge behavior.",See CryCommonMigrationValidation.md and category tests.,accept,pending frozen-SHA signoff,pending frozen-SHA signoff
Gems/LyShine/Code/Source/Animation/AnimNode.cpp#5,animation/math,Gems/LyShine/Code/Source/Animation/AnimNode.cpp,555,1,555,1,"Preserve animation ordering, key data, and legacy numeric edge behavior.",See CryCommonMigrationValidation.md and category tests.,accept,pending frozen-SHA signoff,pending frozen-SHA signoff
Gems/LyShine/Code/Source/Animation/AnimNode.cpp#6,animation/math,Gems/LyShine/Code/Source/Animation/AnimNode.cpp,577,1,577,1,"Preserve animation ordering, key data, and legacy numeric edge behavior.",See CryCommonMigrationValidation.md and category tests.,accept,pending frozen-SHA signoff,pending frozen-SHA signoff
Gems/LyShine/Code/Source/Animation/AnimNode.cpp#7,animation/math,Gems/LyShine/Code/Source/Animation/AnimNode.cpp,582,1,582,1,"Preserve animation ordering, key data, and legacy numeric edge behavior.",See CryCommonMigrationValidation.md and category tests.,accept,pending frozen-SHA signoff,pending frozen-SHA signoff
Gems/LyShine/Code/Source/Animation/AnimNode.cpp#8,animation/math,Gems/LyShine/Code/Source/Animation/AnimNode.cpp,590,1,590,1,"Preserve animation ordering, key data, and legacy numeric edge behavior.",See CryCommonMigrationValidation.md and category tests.,accept,pending frozen-SHA signoff,pending frozen-SHA signoff
Gems/LyShine/Code/Source/Animation/AnimNode.cpp#9,animation/math,Gems/LyShine/Code/Source/Animation/AnimNode.cpp,595,1,595,1,"Preserve animation ordering, key data, and legacy numeric edge behavior.",See CryCommonMigrationValidation.md and category tests.,accept,pending frozen-SHA signoff,pending frozen-SHA signoff
Gems/LyShine/Code/Source/Animation/AnimNode.h#1,animation/math,Gems/LyShine/Code/Source/Animation/AnimNode.h,91,2,91,2,"Preserve animation ordering, key data, and legacy numeric edge behavior.",See CryCommonMigrationValidation.md and category tests.,accept,pending frozen-SHA signoff,pending frozen-SHA signoff
Gems/LyShine/Code/Source/Animation/AnimNode.h#2,animation/math,Gems/LyShine/Code/Source/Animation/AnimNode.h,94,2,94,2,"Preserve animation ordering, key data, and legacy numeric edge behavior.",See CryCommonMigrationValidation.md and category tests.,accept,pending frozen-SHA signoff,pending frozen-SHA signoff
Gems/LyShine/Code/Source/Animation/AnimSequence.cpp#1,animation/math,Gems/LyShine/Code/Source/Animation/AnimSequence.cpp,15,1,15,3,"Preserve animation ordering, key data, and legacy numeric edge behavior.",See CryCommonMigrationValidation.md and category tests.,accept,pending frozen-SHA signoff,pending frozen-SHA signoff
Gems/LyShine/Code/Source/Animation/AnimSequence.cpp#2,animation/math,Gems/LyShine/Code/Source/Animation/AnimSequence.cpp,335,3,337,3,"Preserve animation ordering, key data, and legacy numeric edge behavior.",See CryCommonMigrationValidation.md and category tests.,accept,pending frozen-SHA signoff,pending frozen-SHA signoff
Gems/LyShine/Code/Source/Animation/AnimSequence.cpp#3,animation/math,Gems/LyShine/Code/Source/Animation/AnimSequence.cpp,879,1,881,1,"Preserve animation ordering, key data, and legacy numeric edge behavior.",See CryCommonMigrationValidation.md and category tests.,accept,pending frozen-SHA signoff,pending frozen-SHA signoff
Gems/LyShine/Code/Source/Animation/AnimSequence.cpp#4,animation/math,Gems/LyShine/Code/Source/Animation/AnimSequence.cpp,880,0,883,1,"Preserve animation ordering, key data, and legacy numeric edge behavior.",See CryCommonMigrationValidation.md and category tests.,accept,pending frozen-SHA signoff,pending frozen-SHA signoff
Gems/LyShine/Code/Source/Animation/AnimSequence.cpp#5,animation/math,Gems/LyShine/Code/Source/Animation/AnimSequence.cpp,892,1,895,1,"Preserve animation ordering, key data, and legacy numeric edge behavior.",See CryCommonMigrationValidation.md and category tests.,accept,pending frozen-SHA signoff,pending frozen-SHA signoff
Gems/LyShine/Code/Source/Animation/AnimSequence.cpp#6,animation/math,Gems/LyShine/Code/Source/Animation/AnimSequence.cpp,893,0,897,1,"Preserve animation ordering, key data, and legacy numeric edge behavior.",See CryCommonMigrationValidation.md and category tests.,accept,pending frozen-SHA signoff,pending frozen-SHA signoff
Gems/LyShine/Code/Source/Animation/AnimSequence.cpp#7,animation/math,Gems/LyShine/Code/Source/Animation/AnimSequence.cpp,1072,1,1076,6,"Preserve animation ordering, key data, and legacy numeric edge behavior.",See CryCommonMigrationValidation.md and category tests.,accept,pending frozen-SHA signoff,pending frozen-SHA signoff
Gems/LyShine/Code/Source/Animation/AnimSequence.cpp#8,animation/math,Gems/LyShine/Code/Source/Animation/AnimSequence.cpp,1184,1,1193,7,"Preserve animation ordering, key data, and legacy numeric edge behavior.",See CryCommonMigrationValidation.md and category tests.,accept,pending frozen-SHA signoff,pending frozen-SHA signoff
Gems/LyShine/Code/Source/Animation/AnimSequence.cpp#9,animation/math,Gems/LyShine/Code/Source/Animation/AnimSequence.cpp,1191,1,1206,7,"Preserve animation ordering, key data, and legacy numeric edge behavior.",See CryCommonMigrationValidation.md and category tests.,accept,pending frozen-SHA signoff,pending frozen-SHA signoff
Gems/LyShine/Code/Source/Animation/AnimSplineTrack.h#1,serialization,Gems/LyShine/Code/Source/Animation/AnimSplineTrack.h,168,2,167,0,"Preserve reflected ids, legacy conversion behavior, and semantic asset values.",See CryCommonMigrationValidation.md and category tests.,accept,pending frozen-SHA signoff,pending frozen-SHA signoff
Gems/LyShine/Code/Source/Animation/AnimSplineTrack.h#2,serialization,Gems/LyShine/Code/Source/Animation/AnimSplineTrack.h,178,2,175,0,"Preserve reflected ids, legacy conversion behavior, and semantic asset values.",See CryCommonMigrationValidation.md and category tests.,accept,pending frozen-SHA signoff,pending frozen-SHA signoff
Gems/LyShine/Code/Source/Animation/AnimSplineTrack.h#3,serialization,Gems/LyShine/Code/Source/Animation/AnimSplineTrack.h,618,1,614,1,"Preserve reflected ids, legacy conversion behavior, and semantic asset values.",See CryCommonMigrationValidation.md and category tests.,accept,pending frozen-SHA signoff,pending frozen-SHA signoff
Gems/LyShine/Code/Source/Animation/AnimSplineTrack.h#4,serialization,Gems/LyShine/Code/Source/Animation/AnimSplineTrack.h,620,1,616,1,"Preserve reflected ids, legacy conversion behavior, and semantic asset values.",See CryCommonMigrationValidation.md and category tests.,accept,pending frozen-SHA signoff,pending frozen-SHA signoff
Gems/LyShine/Code/Source/Animation/AnimSplineTrack.h#5,serialization,Gems/LyShine/Code/Source/Animation/AnimSplineTrack.h,622,1,618,1,"Preserve reflected ids, legacy conversion behavior, and semantic asset values.",See CryCommonMigrationValidation.md and category tests.,accept,pending frozen-SHA signoff,pending frozen-SHA signoff
Gems/LyShine/Code/Source/Animation/AnimSplineTrack.h#6,serialization,Gems/LyShine/Code/Source/Animation/AnimSplineTrack.h,624,1,620,1,"Preserve reflected ids, legacy conversion behavior, and semantic asset values.",See CryCommonMigrationValidation.md and category tests.,accept,pending frozen-SHA signoff,pending frozen-SHA signoff
Gems/LyShine/Code/Source/Animation/AnimSplineTrack.h#7,serialization,Gems/LyShine/Code/Source/Animation/AnimSplineTrack.h,626,1,622,1,"Preserve reflected ids, legacy conversion behavior, and semantic asset values.",See CryCommonMigrationValidation.md and category tests.,accept,pending frozen-SHA signoff,pending frozen-SHA signoff
Gems/LyShine/Code/Source/Animation/AnimSplineTrack.h#8,serialization,Gems/LyShine/Code/Source/Animation/AnimSplineTrack.h,628,1,624,1,"Preserve reflected ids, legacy conversion behavior, and semantic asset values.",See CryCommonMigrationValidation.md and category tests.,accept,pending frozen-SHA signoff,pending frozen-SHA signoff
Gems/LyShine/Code/Source/Animation/AnimSplineTrack.h#9,serialization,Gems/LyShine/Code/Source/Animation/AnimSplineTrack.h,630,1,626,1,"Preserve reflected ids, legacy conversion behavior, and semantic asset values.",See CryCommonMigrationValidation.md and category tests.,accept,pending frozen-SHA signoff,pending frozen-SHA signoff
Gems/LyShine/Code/Source/Animation/AnimSplineTrack.h#10,serialization,Gems/LyShine/Code/Source/Animation/AnimSplineTrack.h,633,1,629,1,"Preserve reflected ids, legacy conversion behavior, and semantic asset values.",See CryCommonMigrationValidation.md and category tests.,accept,pending frozen-SHA signoff,pending frozen-SHA signoff
Gems/LyShine/Code/Source/Animation/AnimSplineTrack.h#11,serialization,Gems/LyShine/Code/Source/Animation/AnimSplineTrack.h,637,1,633,1,"Preserve reflected ids, legacy conversion behavior, and semantic asset values.",See CryCommonMigrationValidation.md and category tests.,accept,pending frozen-SHA signoff,pending frozen-SHA signoff
Gems/LyShine/Code/Source/Animation/AnimSplineTrack.h#12,serialization,Gems/LyShine/Code/Source/Animation/AnimSplineTrack.h,640,1,636,1,"Preserve reflected ids, legacy conversion behavior, and semantic asset values.",See CryCommonMigrationValidation.md and category tests.,accept,pending frozen-SHA signoff,pending frozen-SHA signoff
Gems/LyShine/Code/Source/Animation/AnimSplineTrack.h#13,serialization,Gems/LyShine/Code/Source/Animation/AnimSplineTrack.h,643,1,639,1,"Preserve reflected ids, legacy conversion behavior, and semantic asset values.",See CryCommonMigrationValidation.md and category tests.,accept,pending frozen-SHA signoff,pending frozen-SHA signoff
Gems/LyShine/Code/Source/Animation/AnimSplineTrack.h#14,serialization,Gems/LyShine/Code/Source/Animation/AnimSplineTrack.h,646,1,642,1,"Preserve reflected ids, legacy conversion behavior, and semantic asset values.",See CryCommonMigrationValidation.md and category tests.,accept,pending frozen-SHA signoff,pending frozen-SHA signoff
Gems/LyShine/Code/Source/Animation/AnimSplineTrack.h#15,serialization,Gems/LyShine/Code/Source/Animation/AnimSplineTrack.h,649,1,645,1,"Preserve reflected ids, legacy conversion behavior, and semantic asset values.",See CryCommonMigrationValidation.md and category tests.,accept,pending frozen-SHA signoff,pending frozen-SHA signoff
Gems/LyShine/Code/Source/Animation/AnimSplineTrack.h#16,serialization,Gems/LyShine/Code/Source/Animation/AnimSplineTrack.h,652,1,648,1,"Preserve reflected ids, legacy conversion behavior, and semantic asset values.",See CryCommonMigrationValidation.md and category tests.,accept,pending frozen-SHA signoff,pending frozen-SHA signoff
Gems/LyShine/Code/Source/Animation/AnimSplineTrack.h#17,serialization,Gems/LyShine/Code/Source/Animation/AnimSplineTrack.h,655,1,651,1,"Preserve reflected ids, legacy conversion behavior, and semantic asset values.",See CryCommonMigrationValidation.md and category tests.,accept,pending frozen-SHA signoff,pending frozen-SHA signoff
Gems/LyShine/Code/Source/Animation/AnimSplineTrack.h#18,serialization,Gems/LyShine/Code/Source/Animation/AnimSplineTrack.h,658,1,654,1,"Preserve reflected ids, legacy conversion behavior, and semantic asset values.",See CryCommonMigrationValidation.md and category tests.,accept,pending frozen-SHA signoff,pending frozen-SHA signoff
Gems/LyShine/Code/Source/Animation/AnimSplineTrack.h#19,serialization,Gems/LyShine/Code/Source/Animation/AnimSplineTrack.h,660,1,656,1,"Preserve reflected ids, legacy conversion behavior, and semantic asset values.",See CryCommonMigrationValidation.md and category tests.,accept,pending frozen-SHA signoff,pending frozen-SHA signoff
Gems/LyShine/Code/Source/Animation/AnimSplineTrack_Vec2Specialization.cpp#1,serialization,Gems/LyShine/Code/Source/Animation/AnimSplineTrack_Vec2Specialization.cpp,9,2,8,0,"Preserve reflected ids, legacy conversion behavior, and semantic asset values.",See CryCommonMigrationValidation.md and category tests.,accept,pending frozen-SHA signoff,pending frozen-SHA signoff
Gems/LyShine/Code/Source/Animation/AnimSplineTrack_Vec2Specialization.cpp#2,serialization,Gems/LyShine/Code/Source/Animation/AnimSplineTrack_Vec2Specialization.cpp,12,1,10,1,"Preserve reflected ids, legacy conversion behavior, and semantic asset values.",See CryCommonMigrationValidation.md and category tests.,accept,pending frozen-SHA signoff,pending frozen-SHA signoff
Gems/LyShine/Code/Source/Animation/AnimSplineTrack_Vec2Specialization.cpp#3,serialization,Gems/LyShine/Code/Source/Animation/AnimSplineTrack_Vec2Specialization.cpp,13,0,12,2,"Preserve reflected ids, legacy conversion behavior, and semantic asset values.",See CryCommonMigrationValidation.md and category tests.,accept,pending frozen-SHA signoff,pending frozen-SHA signoff
Gems/LyShine/Code/Source/Animation/AnimSplineTrack_Vec2Specialization.cpp#4,serialization,Gems/LyShine/Code/Source/Animation/AnimSplineTrack_Vec2Specialization.cpp,15,2,15,2,"Preserve reflected ids, legacy conversion behavior, and semantic asset values.",See CryCommonMigrationValidation.md and category tests.,accept,pending frozen-SHA signoff,pending frozen-SHA signoff
Gems/LyShine/Code/Source/Animation/AnimSplineTrack_Vec2Specialization.cpp#5,serialization,Gems/LyShine/Code/Source/Animation/AnimSplineTrack_Vec2Specialization.cpp,21,1,21,1,"Preserve reflected ids, legacy conversion behavior, and semantic asset values.",See CryCommonMigrationValidation.md and category tests.,accept,pending frozen-SHA signoff,pending frozen-SHA signoff
Gems/LyShine/Code/Source/Animation/AnimSplineTrack_Vec2Specialization.cpp#6,serialization,Gems/LyShine/Code/Source/Animation/AnimSplineTrack_Vec2Specialization.cpp,27,2,27,2,"Preserve reflected ids, legacy conversion behavior, and semantic asset values.",See CryCommonMigrationValidation.md and category tests.,accept,pending frozen-SHA signoff,pending frozen-SHA signoff
Gems/LyShine/Code/Source/Animation/AnimSplineTrack_Vec2Specialization.cpp#7,serialization,Gems/LyShine/Code/Source/Animation/AnimSplineTrack_Vec2Specialization.cpp,34,2,34,2,"Preserve reflected ids, legacy conversion behavior, and semantic asset values.",See CryCommonMigrationValidation.md and category tests.,accept,pending frozen-SHA signoff,pending frozen-SHA signoff
Gems/LyShine/Code/Source/Animation/AnimSplineTrack_Vec2Specialization.cpp#8,serialization,Gems/LyShine/Code/Source/Animation/AnimSplineTrack_Vec2Specialization.cpp,43,2,43,2,"Preserve reflected ids, legacy conversion behavior, and semantic asset values.",See CryCommonMigrationValidation.md and category tests.,accept,pending frozen-SHA signoff,pending frozen-SHA signoff
Gems/LyShine/Code/Source/Animation/AnimSplineTrack_Vec2Specialization.cpp#9,serialization,Gems/LyShine/Code/Source/Animation/AnimSplineTrack_Vec2Specialization.cpp,48,1,48,1,"Preserve reflected ids, legacy conversion behavior, and semantic asset values.",See CryCommonMigrationValidation.md and category tests.,accept,pending frozen-SHA signoff,pending frozen-SHA signoff
Gems/LyShine/Code/Source/Animation/AnimSplineTrack_Vec2Specialization.cpp#10,serialization,Gems/LyShine/Code/Source/Animation/AnimSplineTrack_Vec2Specialization.cpp,57,6,57,12,"Preserve reflected ids, legacy conversion behavior, and semantic asset values.",See CryCommonMigrationValidation.md and category tests.,accept,pending frozen-SHA signoff,pending frozen-SHA signoff
Gems/LyShine/Code/Source/Animation/AnimSplineTrack_Vec2Specialization.cpp#11,serialization,Gems/LyShine/Code/Source/Animation/AnimSplineTrack_Vec2Specialization.cpp,67,1,73,1,"Preserve reflected ids, legacy conversion behavior, and semantic asset values.",See CryCommonMigrationValidation.md and category tests.,accept,pending frozen-SHA signoff,pending frozen-SHA signoff
Gems/LyShine/Code/Source/Animation/AnimSplineTrack_Vec2Specialization.cpp#12,serialization,Gems/LyShine/Code/Source/Animation/AnimSplineTrack_Vec2Specialization.cpp,72,1,78,1,"Preserve reflected ids, legacy conversion behavior, and semantic asset values.",See CryCommonMigrationValidation.md and category tests.,accept,pending frozen-SHA signoff,pending frozen-SHA signoff
Gems/LyShine/Code/Source/Animation/AnimSplineTrack_Vec2Specialization.cpp#13,serialization,Gems/LyShine/Code/Source/Animation/AnimSplineTrack_Vec2Specialization.cpp,76,2,82,2,"Preserve reflected ids, legacy conversion behavior, and semantic asset values.",See CryCommonMigrationValidation.md and category tests.,accept,pending frozen-SHA signoff,pending frozen-SHA signoff
Gems/LyShine/Code/Source/Animation/AnimSplineTrack_Vec2Specialization.cpp#14,serialization,Gems/LyShine/Code/Source/Animation/AnimSplineTrack_Vec2Specialization.cpp,89,2,95,2,"Preserve reflected ids, legacy conversion behavior, and semantic asset values.",See CryCommonMigrationValidation.md and category tests.,accept,pending frozen-SHA signoff,pending frozen-SHA signoff
Gems/LyShine/Code/Source/Animation/AnimSplineTrack_Vec2Specialization.cpp#15,serialization,Gems/LyShine/Code/Source/Animation/AnimSplineTrack_Vec2Specialization.cpp,99,1,105,1,"Preserve reflected ids, legacy conversion behavior, and semantic asset values.",See CryCommonMigrationValidation.md and category tests.,accept,pending frozen-SHA signoff,pending frozen-SHA signoff
Gems/LyShine/Code/Source/Animation/AnimSplineTrack_Vec2Specialization.cpp#16,serialization,Gems/LyShine/Code/Source/Animation/AnimSplineTrack_Vec2Specialization.cpp,104,2,110,2,"Preserve reflected ids, legacy conversion behavior, and semantic asset values.",See CryCommonMigrationValidation.md and category tests.,accept,pending frozen-SHA signoff,pending frozen-SHA signoff
Gems/LyShine/Code/Source/Animation/AnimSplineTrack_Vec2Specialization.cpp#17,serialization,Gems/LyShine/Code/Source/Animation/AnimSplineTrack_Vec2Specialization.cpp,117,1,123,1,"Preserve reflected ids, legacy conversion behavior, and semantic asset values.",See CryCommonMigrationValidation.md and category tests.,accept,pending frozen-SHA signoff,pending frozen-SHA signoff
Gems/LyShine/Code/Source/Animation/AnimSplineTrack_Vec2Specialization.cpp#18,serialization,Gems/LyShine/Code/Source/Animation/AnimSplineTrack_Vec2Specialization.cpp,128,2,134,2,"Preserve reflected ids, legacy conversion behavior, and semantic asset values.",See CryCommonMigrationValidation.md and category tests.,accept,pending frozen-SHA signoff,pending frozen-SHA signoff
Gems/LyShine/Code/Source/Animation/AnimSplineTrack_Vec2Specialization.cpp#19,serialization,Gems/LyShine/Code/Source/Animation/AnimSplineTrack_Vec2Specialization.cpp,136,2,142,3,"Preserve reflected ids, legacy conversion behavior, and semantic asset values.",See CryCommonMigrationValidation.md and category tests.,accept,pending frozen-SHA signoff,pending frozen-SHA signoff
Gems/LyShine/Code/Source/Animation/AnimSplineTrack_Vec2Specialization.cpp#20,serialization,Gems/LyShine/Code/Source/Animation/AnimSplineTrack_Vec2Specialization.cpp,142,2,149,3,"Preserve reflected ids, legacy conversion behavior, and semantic asset values.",See CryCommonMigrationValidation.md and category tests.,accept,pending frozen-SHA signoff,pending frozen-SHA signoff
Gems/LyShine/Code/Source/Animation/AnimSplineTrack_Vec2Specialization.cpp#21,serialization,Gems/LyShine/Code/Source/Animation/AnimSplineTrack_Vec2Specialization.cpp,177,1,185,1,"Preserve reflected ids, legacy conversion behavior, and semantic asset values.",See CryCommonMigrationValidation.md and category tests.,accept,pending frozen-SHA signoff,pending frozen-SHA signoff
Gems/LyShine/Code/Source/Animation/AnimSplineTrack_Vec2Specialization.cpp#22,serialization,Gems/LyShine/Code/Source/Animation/AnimSplineTrack_Vec2Specialization.cpp,217,1,225,1,"Preserve reflected ids, legacy conversion behavior, and semantic asset values.",See CryCommonMigrationValidation.md and category tests.,accept,pending frozen-SHA signoff,pending frozen-SHA signoff
Gems/LyShine/Code/Source/Animation/AnimSplineTrack_Vec2Specialization.cpp#23,serialization,Gems/LyShine/Code/Source/Animation/AnimSplineTrack_Vec2Specialization.cpp,237,2,245,2,"Preserve reflected ids, legacy conversion behavior, and semantic asset values.",See CryCommonMigrationValidation.md and category tests.,accept,pending frozen-SHA signoff,pending frozen-SHA signoff
Gems/LyShine/Code/Source/Animation/AnimSplineTrack_Vec2Specialization.cpp#24,serialization,Gems/LyShine/Code/Source/Animation/AnimSplineTrack_Vec2Specialization.cpp,261,1,269,1,"Preserve reflected ids, legacy conversion behavior, and semantic asset values.",See CryCommonMigrationValidation.md and category tests.,accept,pending frozen-SHA signoff,pending frozen-SHA signoff
Gems/LyShine/Code/Source/Animation/AnimSplineTrack_Vec2Specialization.cpp#25,serialization,Gems/LyShine/Code/Source/Animation/AnimSplineTrack_Vec2Specialization.cpp,263,1,271,1,"Preserve reflected ids, legacy conversion behavior, and semantic asset values.",See CryCommonMigrationValidation.md and category tests.,accept,pending frozen-SHA signoff,pending frozen-SHA signoff
Gems/LyShine/Code/Source/Animation/AnimSplineTrack_Vec2Specialization.cpp#26,serialization,Gems/LyShine/Code/Source/Animation/AnimSplineTrack_Vec2Specialization.cpp,289,1,297,1,"Preserve reflected ids, legacy conversion behavior, and semantic asset values.",See CryCommonMigrationValidation.md and category tests.,accept,pending frozen-SHA signoff,pending frozen-SHA signoff
Gems/LyShine/Code/Source/Animation/AnimSplineTrack_Vec2Specialization.cpp#27,serialization,Gems/LyShine/Code/Source/Animation/AnimSplineTrack_Vec2Specialization.cpp,316,1,324,1,"Preserve reflected ids, legacy conversion behavior, and semantic asset values.",See CryCommonMigrationValidation.md and category tests.,accept,pending frozen-SHA signoff,pending frozen-SHA signoff
Gems/LyShine/Code/Source/Animation/AnimSplineTrack_Vec2Specialization.cpp#28,serialization,Gems/LyShine/Code/Source/Animation/AnimSplineTrack_Vec2Specialization.cpp,324,1,332,1,"Preserve reflected ids, legacy conversion behavior, and semantic asset values.",See CryCommonMigrationValidation.md and category tests.,accept,pending frozen-SHA signoff,pending frozen-SHA signoff
Gems/LyShine/Code/Source/Animation/AnimSplineTrack_Vec2Specialization.cpp#29,serialization,Gems/LyShine/Code/Source/Animation/AnimSplineTrack_Vec2Specialization.cpp,330,3,338,2,"Preserve reflected ids, legacy conversion behavior, and semantic asset values.",See CryCommonMigrationValidation.md and category tests.,accept,pending frozen-SHA signoff,pending frozen-SHA signoff
Gems/LyShine/Code/Source/Animation/AnimSplineTrack_Vec2Specialization.cpp#30,serialization,Gems/LyShine/Code/Source/Animation/AnimSplineTrack_Vec2Specialization.cpp,336,1,343,1,"Preserve reflected ids, legacy conversion behavior, and semantic asset values.",See CryCommonMigrationValidation.md and category tests.,accept,pending frozen-SHA signoff,pending frozen-SHA signoff
Gems/LyShine/Code/Source/Animation/AnimSplineTrack_Vec2Specialization.cpp#31,serialization,Gems/LyShine/Code/Source/Animation/AnimSplineTrack_Vec2Specialization.cpp,340,1,347,1,"Preserve reflected ids, legacy conversion behavior, and semantic asset values.",See CryCommonMigrationValidation.md and category tests.,accept,pending frozen-SHA signoff,pending frozen-SHA signoff
Gems/LyShine/Code/Source/Animation/AnimSplineTrack_Vec2Specialization.cpp#32,serialization,Gems/LyShine/Code/Source/Animation/AnimSplineTrack_Vec2Specialization.cpp,342,4,349,5,"Preserve reflected ids, legacy conversion behavior, and semantic asset values.",See CryCommonMigrationValidation.md and category tests.,accept,pending frozen-SHA signoff,pending frozen-SHA signoff
Gems/LyShine/Code/Source/Animation/AnimSplineTrack_Vec2Specialization.cpp#33,serialization,Gems/LyShine/Code/Source/Animation/AnimSplineTrack_Vec2Specialization.cpp,350,1,358,1,"Preserve reflected ids, legacy conversion behavior, and semantic asset values.",See CryCommonMigrationValidation.md and category tests.,accept,pending frozen-SHA signoff,pending frozen-SHA signoff
Gems/LyShine/Code/Source/Animation/AnimSplineTrack_Vec2Specialization.cpp#34,serialization,Gems/LyShine/Code/Source/Animation/AnimSplineTrack_Vec2Specialization.cpp,354,1,362,1,"Preserve reflected ids, legacy conversion behavior, and semantic asset values.",See CryCommonMigrationValidation.md and category tests.,accept,pending frozen-SHA signoff,pending frozen-SHA signoff
Gems/LyShine/Code/Source/Animation/AnimSplineTrack_Vec2Specialization.cpp#35,serialization,Gems/LyShine/Code/Source/Animation/AnimSplineTrack_Vec2Specialization.cpp,356,5,364,5,"Preserve reflected ids, legacy conversion behavior, and semantic asset values.",See CryCommonMigrationValidation.md and category tests.,accept,pending frozen-SHA signoff,pending frozen-SHA signoff
Gems/LyShine/Code/Source/Animation/AnimSplineTrack_Vec2Specialization.cpp#36,serialization,Gems/LyShine/Code/Source/Animation/AnimSplineTrack_Vec2Specialization.cpp,365,1,373,1,"Preserve reflected ids, legacy conversion behavior, and semantic asset values.",See CryCommonMigrationValidation.md and category tests.,accept,pending frozen-SHA signoff,pending frozen-SHA signoff
Gems/LyShine/Code/Source/Animation/AnimSplineTrack_Vec2Specialization.cpp#37,serialization,Gems/LyShine/Code/Source/Animation/AnimSplineTrack_Vec2Specialization.cpp,369,3,377,1,"Preserve reflected ids, legacy conversion behavior, and semantic asset values.",See CryCommonMigrationValidation.md and category tests.,accept,pending frozen-SHA signoff,pending frozen-SHA signoff
Gems/LyShine/Code/Source/Animation/AnimSplineTrack_Vec2Specialization.cpp#38,serialization,Gems/LyShine/Code/Source/Animation/AnimSplineTrack_Vec2Specialization.cpp,375,1,381,1,"Preserve reflected ids, legacy conversion behavior, and semantic asset values.",See CryCommonMigrationValidation.md and category tests.,accept,pending frozen-SHA signoff,pending frozen-SHA signoff
Gems/LyShine/Code/Source/Animation/AnimSplineTrack_Vec2Specialization.cpp#39,serialization,Gems/LyShine/Code/Source/Animation/AnimSplineTrack_Vec2Specialization.cpp,380,3,386,1,"Preserve reflected ids, legacy conversion behavior, and semantic asset values.",See CryCommonMigrationValidation.md and category tests.,accept,pending frozen-SHA signoff,pending frozen-SHA signoff
Gems/LyShine/Code/Source/Animation/AnimSplineTrack_Vec2Specialization.cpp#40,serialization,Gems/LyShine/Code/Source/Animation/AnimSplineTrack_Vec2Specialization.cpp,387,1,391,1,"Preserve reflected ids, legacy conversion behavior, and semantic asset values.",See CryCommonMigrationValidation.md and category tests.,accept,pending frozen-SHA signoff,pending frozen-SHA signoff
Gems/LyShine/Code/Source/Animation/AnimSplineTrack_Vec2Specialization.cpp#41,serialization,Gems/LyShine/Code/Source/Animation/AnimSplineTrack_Vec2Specialization.cpp,394,3,398,1,"Preserve reflected ids, legacy conversion behavior, and semantic asset values.",See CryCommonMigrationValidation.md and category tests.,accept,pending frozen-SHA signoff,pending frozen-SHA signoff
Gems/LyShine/Code/Source/Animation/AnimSplineTrack_Vec2Specialization.cpp#42,serialization,Gems/LyShine/Code/Source/Animation/AnimSplineTrack_Vec2Specialization.cpp,400,1,402,1,"Preserve reflected ids, legacy conversion behavior, and semantic asset values.",See CryCommonMigrationValidation.md and category tests.,accept,pending frozen-SHA signoff,pending frozen-SHA signoff
Gems/LyShine/Code/Source/Animation/AnimSplineTrack_Vec2Specialization.cpp#43,serialization,Gems/LyShine/Code/Source/Animation/AnimSplineTrack_Vec2Specialization.cpp,404,4,406,3,"Preserve reflected ids, legacy conversion behavior, and semantic asset values.",See CryCommonMigrationValidation.md and category tests.,accept,pending frozen-SHA signoff,pending frozen-SHA signoff
Gems/LyShine/Code/Source/Animation/AnimSplineTrack_Vec2Specialization.cpp#44,serialization,Gems/LyShine/Code/Source/Animation/AnimSplineTrack_Vec2Specialization.cpp,410,1,411,1,"Preserve reflected ids, legacy conversion behavior, and semantic asset values.",See CryCommonMigrationValidation.md and category tests.,accept,pending frozen-SHA signoff,pending frozen-SHA signoff
Gems/LyShine/Code/Source/Animation/AnimSplineTrack_Vec2Specialization.cpp#45,serialization,Gems/LyShine/Code/Source/Animation/AnimSplineTrack_Vec2Specialization.cpp,412,2,413,2,"Preserve reflected ids, legacy conversion behavior, and semantic asset values.",See CryCommonMigrationValidation.md and category tests.,accept,pending frozen-SHA signoff,pending frozen-SHA signoff
Gems/LyShine/Code/Source/Animation/AnimSplineTrack_Vec2Specialization.cpp#46,serialization,Gems/LyShine/Code/Source/Animation/AnimSplineTrack_Vec2Specialization.cpp,417,2,418,1,"Preserve reflected ids, legacy conversion behavior, and semantic asset values.",See CryCommonMigrationValidation.md and category tests.,accept,pending frozen-SHA signoff,pending frozen-SHA signoff
Gems/LyShine/Code/Source/Animation/AnimSplineTrack_Vec2Specialization.cpp#47,serialization,Gems/LyShine/Code/Source/Animation/AnimSplineTrack_Vec2Specialization.cpp,432,1,432,2,"Preserve reflected ids, legacy conversion behavior, and semantic asset values.",See CryCommonMigrationValidation.md and category tests.,accept,pending frozen-SHA signoff,pending frozen-SHA signoff
Gems/LyShine/Code/Source/Animation/AnimSplineTrack_Vec2Specialization.cpp#48,serialization,Gems/LyShine/Code/Source/Animation/AnimSplineTrack_Vec2Specialization.cpp,452,1,453,1,"Preserve reflected ids, legacy conversion behavior, and semantic asset values.",See CryCommonMigrationValidation.md and category tests.,accept,pending frozen-SHA signoff,pending frozen-SHA signoff
Gems/LyShine/Code/Source/Animation/AnimSplineTrack_Vec2Specialization.cpp#49,serialization,Gems/LyShine/Code/Source/Animation/AnimSplineTrack_Vec2Specialization.cpp,456,2,457,2,"Preserve reflected ids, legacy conversion behavior, and semantic asset values.",See CryCommonMigrationValidation.md and category tests.,accept,pending frozen-SHA signoff,pending frozen-SHA signoff
Gems/LyShine/Code/Source/Animation/AnimSplineTrack_Vec2Specialization.cpp#50,serialization,Gems/LyShine/Code/Source/Animation/AnimSplineTrack_Vec2Specialization.cpp,459,1,460,1,"Preserve reflected ids, legacy conversion behavior, and semantic asset values.",See CryCommonMigrationValidation.md and category tests.,accept,pending frozen-SHA signoff,pending frozen-SHA signoff
Gems/LyShine/Code/Source/Animation/AnimSplineTrack_Vec2Specialization.cpp#51,serialization,Gems/LyShine/Code/Source/Animation/AnimSplineTrack_Vec2Specialization.cpp,462,2,463,1,"Preserve reflected ids, legacy conversion behavior, and semantic asset values.",See CryCommonMigrationValidation.md and category tests.,accept,pending frozen-SHA signoff,pending frozen-SHA signoff
Gems/LyShine/Code/Source/Animation/AnimSplineTrack_Vec2Specialization.cpp#52,serialization,Gems/LyShine/Code/Source/Animation/AnimSplineTrack_Vec2Specialization.cpp,465,5,465,45,"Preserve reflected ids, legacy conversion behavior, and semantic asset values.",See CryCommonMigrationValidation.md and category tests.,accept,pending frozen-SHA signoff,pending frozen-SHA signoff
Gems/LyShine/Code/Source/Animation/AnimTrack.h#1,animation/math,Gems/LyShine/Code/Source/Animation/AnimTrack.h,133,2,132,0,"Preserve animation ordering, key data, and legacy numeric edge behavior.",See CryCommonMigrationValidation.md and category tests.,accept,pending frozen-SHA signoff,pending frozen-SHA signoff
Gems/LyShine/Code/Source/Animation/AnimTrack.h#2,animation/math,Gems/LyShine/Code/Source/Animation/AnimTrack.h,147,2,144,0,"Preserve animation ordering, key data, and legacy numeric edge behavior.",See CryCommonMigrationValidation.md and category tests.,accept,pending frozen-SHA signoff,pending frozen-SHA signoff
Gems/LyShine/Code/Source/Animation/AnimTrack.h#3,animation/math,Gems/LyShine/Code/Source/Animation/AnimTrack.h,539,1,535,1,"Preserve animation ordering, key data, and legacy numeric edge behavior.",See CryCommonMigrationValidation.md and category tests.,accept,pending frozen-SHA signoff,pending frozen-SHA signoff
Gems/LyShine/Code/Source/Animation/AzEntityNode.cpp#1,serialization,Gems/LyShine/Code/Source/Animation/AzEntityNode.cpp,19,0,20,1,"Preserve reflected ids, legacy conversion behavior, and semantic asset values.",See CryCommonMigrationValidation.md and category tests.,accept,pending frozen-SHA signoff,pending frozen-SHA signoff
Gems/LyShine/Code/Source/Animation/AzEntityNode.cpp#2,serialization,Gems/LyShine/Code/Source/Animation/AzEntityNode.cpp,43,2,44,2,"Preserve reflected ids, legacy conversion behavior, and semantic asset values.",See CryCommonMigrationValidation.md and category tests.,accept,pending frozen-SHA signoff,pending frozen-SHA signoff
Gems/LyShine/Code/Source/Animation/AzEntityNode.cpp#3,serialization,Gems/LyShine/Code/Source/Animation/AzEntityNode.cpp,222,3,223,7,"Preserve reflected ids, legacy conversion behavior, and semantic asset values.",See CryCommonMigrationValidation.md and category tests.,accept,pending frozen-SHA signoff,pending frozen-SHA signoff
Gems/LyShine/Code/Source/Animation/AzEntityNode.cpp#4,serialization,Gems/LyShine/Code/Source/Animation/AzEntityNode.cpp,328,1,333,6,"Preserve reflected ids, legacy conversion behavior, and semantic asset values.",See CryCommonMigrationValidation.md and category tests.,accept,pending frozen-SHA signoff,pending frozen-SHA signoff
Gems/LyShine/Code/Source/Animation/AzEntityNode.h#1,serialization,Gems/LyShine/Code/Source/Animation/AzEntityNode.h,14,1,14,1,"Preserve reflected ids, legacy conversion behavior, and semantic asset values.",See CryCommonMigrationValidation.md and category tests.,accept,pending frozen-SHA signoff,pending frozen-SHA signoff
Gems/LyShine/Code/Source/Animation/AzEntityNode.h#2,serialization,Gems/LyShine/Code/Source/Animation/AzEntityNode.h,71,1,71,1,"Preserve reflected ids, legacy conversion behavior, and semantic asset values.",See CryCommonMigrationValidation.md and category tests.,accept,pending frozen-SHA signoff,pending frozen-SHA signoff
Gems/LyShine/Code/Source/Animation/AzEntityNode.h#3,serialization,Gems/LyShine/Code/Source/Animation/AzEntityNode.h,73,1,73,1,"Preserve reflected ids, legacy conversion behavior, and semantic asset values.",See CryCommonMigrationValidation.md and category tests.,accept,pending frozen-SHA signoff,pending frozen-SHA signoff
Gems/LyShine/Code/Source/Animation/AzEntityNode.h#4,serialization,Gems/LyShine/Code/Source/Animation/AzEntityNode.h,128,1,128,1,"Preserve reflected ids, legacy conversion behavior, and semantic asset values.",See CryCommonMigrationValidation.md and category tests.,accept,pending frozen-SHA signoff,pending frozen-SHA signoff
Gems/LyShine/Code/Source/Animation/AzEntityNode.h#5,serialization,Gems/LyShine/Code/Source/Animation/AzEntityNode.h,130,1,130,1,"Preserve reflected ids, legacy conversion behavior, and semantic asset values.",See CryCommonMigrationValidation.md and category tests.,accept,pending frozen-SHA signoff,pending frozen-SHA signoff
Gems/LyShine/Code/Source/Animation/AzEntityNode.h#6,serialization,Gems/LyShine/Code/Source/Animation/AzEntityNode.h,143,2,143,2,"Preserve reflected ids, legacy conversion behavior, and semantic asset values.",See CryCommonMigrationValidation.md and category tests.,accept,pending frozen-SHA signoff,pending frozen-SHA signoff
Gems/LyShine/Code/Source/Animation/AzEntityNode.h#7,serialization,Gems/LyShine/Code/Source/Animation/AzEntityNode.h,163,1,163,5,"Preserve reflected ids, legacy conversion behavior, and semantic asset values.",See CryCommonMigrationValidation.md and category tests.,accept,pending frozen-SHA signoff,pending frozen-SHA signoff
Gems/LyShine/Code/Source/Animation/CompoundSplineTrack.cpp#1,animation/math,Gems/LyShine/Code/Source/Animation/CompoundSplineTrack.cpp,182,10,181,0,"Preserve animation ordering, key data, and legacy numeric edge behavior.",See CryCommonMigrationValidation.md and category tests.,accept,pending frozen-SHA signoff,pending frozen-SHA signoff
Gems/LyShine/Code/Source/Animation/CompoundSplineTrack.cpp#2,animation/math,Gems/LyShine/Code/Source/Animation/CompoundSplineTrack.cpp,193,10,182,0,"Preserve animation ordering, key data, and legacy numeric edge behavior.",See CryCommonMigrationValidation.md and category tests.,accept,pending frozen-SHA signoff,pending frozen-SHA signoff
Gems/LyShine/Code/Source/Animation/CompoundSplineTrack.cpp#3,animation/math,Gems/LyShine/Code/Source/Animation/CompoundSplineTrack.cpp,277,8,256,0,"Preserve animation ordering, key data, and legacy numeric edge behavior.",See CryCommonMigrationValidation.md and category tests.,accept,pending frozen-SHA signoff,pending frozen-SHA signoff
Gems/LyShine/Code/Source/Animation/CompoundSplineTrack.cpp#4,animation/math,Gems/LyShine/Code/Source/Animation/CompoundSplineTrack.cpp,286,8,257,0,"Preserve animation ordering, key data, and legacy numeric edge behavior.",See CryCommonMigrationValidation.md and category tests.,accept,pending frozen-SHA signoff,pending frozen-SHA signoff
Gems/LyShine/Code/Source/Animation/CompoundSplineTrack.cpp#5,animation/math,Gems/LyShine/Code/Source/Animation/CompoundSplineTrack.cpp,431,1,395,1,"Preserve animation ordering, key data, and legacy numeric edge behavior.",See CryCommonMigrationValidation.md and category tests.,accept,pending frozen-SHA signoff,pending frozen-SHA signoff
Gems/LyShine/Code/Source/Animation/CompoundSplineTrack.h#1,animation/math,Gems/LyShine/Code/Source/Animation/CompoundSplineTrack.h,82,2,81,0,"Preserve animation ordering, key data, and legacy numeric edge behavior.",See CryCommonMigrationValidation.md and category tests.,accept,pending frozen-SHA signoff,pending frozen-SHA signoff
Gems/LyShine/Code/Source/Animation/CompoundSplineTrack.h#2,animation/math,Gems/LyShine/Code/Source/Animation/CompoundSplineTrack.h,96,2,93,0,"Preserve animation ordering, key data, and legacy numeric edge behavior.",See CryCommonMigrationValidation.md and category tests.,accept,pending frozen-SHA signoff,pending frozen-SHA signoff
Gems/LyShine/Code/Source/Animation/EventNode.cpp#1,animation/math,Gems/LyShine/Code/Source/Animation/EventNode.cpp,15,1,14,0,"Preserve animation ordering, key data, and legacy numeric edge behavior.",See CryCommonMigrationValidation.md and category tests.,accept,pending frozen-SHA signoff,pending frozen-SHA signoff
Gems/LyShine/Code/Source/Animation/TrackEventTrack.h#1,animation/math,Gems/LyShine/Code/Source/Animation/TrackEventTrack.h,12,1,12,1,"Preserve animation ordering, key data, and legacy numeric edge behavior.",See CryCommonMigrationValidation.md and category tests.,accept,pending frozen-SHA signoff,pending frozen-SHA signoff
Gems/LyShine/Code/Source/Animation/TrackEventTrack.h#2,animation/math,Gems/LyShine/Code/Source/Animation/TrackEventTrack.h,43,1,43,5,"Preserve animation ordering, key data, and legacy numeric edge behavior.",See CryCommonMigrationValidation.md and category tests.,accept,pending frozen-SHA signoff,pending frozen-SHA signoff
Gems/LyShine/Code/Source/Animation/UiAnimSerialize.cpp#1,serialization,Gems/LyShine/Code/Source/Animation/UiAnimSerialize.cpp,27,1,27,1,"Preserve reflected ids, legacy conversion behavior, and semantic asset values.",See CryCommonMigrationValidation.md and category tests.,accept,pending frozen-SHA signoff,pending frozen-SHA signoff
Gems/LyShine/Code/Source/Animation/UiAnimationSystem.cpp#1,animation/math,Gems/LyShine/Code/Source/Animation/UiAnimationSystem.cpp,16,0,17,1,"Preserve animation ordering, key data, and legacy numeric edge behavior.",See CryCommonMigrationValidation.md and category tests.,accept,pending frozen-SHA signoff,pending frozen-SHA signoff
Gems/LyShine/Code/Source/Animation/UiAnimationSystem.cpp#2,animation/math,Gems/LyShine/Code/Source/Animation/UiAnimationSystem.cpp,22,1,22,0,"Preserve animation ordering, key data, and legacy numeric edge behavior.",See CryCommonMigrationValidation.md and category tests.,accept,pending frozen-SHA signoff,pending frozen-SHA signoff
Gems/LyShine/Code/Source/Animation/UiAnimationSystem.cpp#3,animation/math,Gems/LyShine/Code/Source/Animation/UiAnimationSystem.cpp,382,1,382,1,"Preserve animation ordering, key data, and legacy numeric edge behavior.",See CryCommonMigrationValidation.md and category tests.,accept,pending frozen-SHA signoff,pending frozen-SHA signoff
Gems/LyShine/Code/Source/Animation/UiAnimationSystem.cpp#4,animation/math,Gems/LyShine/Code/Source/Animation/UiAnimationSystem.cpp,536,1,536,1,"Preserve animation ordering, key data, and legacy numeric edge behavior.",See CryCommonMigrationValidation.md and category tests.,accept,pending frozen-SHA signoff,pending frozen-SHA signoff
Gems/LyShine/Code/Source/Animation/UiAnimationSystem.cpp#5,animation/math,Gems/LyShine/Code/Source/Animation/UiAnimationSystem.cpp,622,1,622,1,"Preserve animation ordering, key data, and legacy numeric edge behavior.",See CryCommonMigrationValidation.md and category tests.,accept,pending frozen-SHA signoff,pending frozen-SHA signoff
Gems/LyShine/Code/Source/Animation/UiAnimationSystem.cpp#6,animation/math,Gems/LyShine/Code/Source/Animation/UiAnimationSystem.cpp,1071,1,1071,7,"Preserve animation ordering, key data, and legacy numeric edge behavior.",See CryCommonMigrationValidation.md and category tests.,accept,pending frozen-SHA signoff,pending frozen-SHA signoff
Gems/LyShine/Code/Source/Animation/UiAnimationSystem.cpp#7,animation/math,Gems/LyShine/Code/Source/Animation/UiAnimationSystem.cpp,1083,1,1089,8,"Preserve animation ordering, key data, and legacy numeric edge behavior.",See CryCommonMigrationValidation.md and category tests.,accept,pending frozen-SHA signoff,pending frozen-SHA signoff
Gems/LyShine/Code/Source/Animation/UiAnimationSystem.cpp#8,animation/math,Gems/LyShine/Code/Source/Animation/UiAnimationSystem.cpp,1151,1,1164,4,"Preserve animation ordering, key data, and legacy numeric edge behavior.",See CryCommonMigrationValidation.md and category tests.,accept,pending frozen-SHA signoff,pending frozen-SHA signoff
Gems/LyShine/Code/Source/Animation/UiAnimationSystem.cpp#9,animation/math,Gems/LyShine/Code/Source/Animation/UiAnimationSystem.cpp,1220,1,1236,4,"Preserve animation ordering, key data, and legacy numeric edge behavior.",See CryCommonMigrationValidation.md and category tests.,accept,pending frozen-SHA signoff,pending frozen-SHA signoff
Gems/LyShine/Code/Source/Animation/UiAnimationSystem.cpp#10,animation/math,Gems/LyShine/Code/Source/Animation/UiAnimationSystem.cpp,1349,1,1368,2,"Preserve animation ordering, key data, and legacy numeric edge behavior.",See CryCommonMigrationValidation.md and category tests.,accept,pending frozen-SHA signoff,pending frozen-SHA signoff
Gems/LyShine/Code/Source/Animation/UiAnimationSystem.cpp#11,animation/math,Gems/LyShine/Code/Source/Animation/UiAnimationSystem.cpp,1355,1,1375,3,"Preserve animation ordering, key data, and legacy numeric edge behavior.",See CryCommonMigrationValidation.md and category tests.,accept,pending frozen-SHA signoff,pending frozen-SHA signoff
Gems/LyShine/Code/Source/Animation/UiAnimationSystem.h#1,animation/math,Gems/LyShine/Code/Source/Animation/UiAnimationSystem.h,17,2,16,0,"Preserve animation ordering, key data, and legacy numeric edge behavior.",See CryCommonMigrationValidation.md and category tests.,accept,pending frozen-SHA signoff,pending frozen-SHA signoff
Gems/LyShine/Code/Source/Animation/UiAnimationSystem.h#2,animation/math,Gems/LyShine/Code/Source/Animation/UiAnimationSystem.h,176,1,174,1,"Preserve animation ordering, key data, and legacy numeric edge behavior.",See CryCommonMigrationValidation.md and category tests.,accept,pending frozen-SHA signoff,pending frozen-SHA signoff
Gems/LyShine/Code/Source/Animation/UiAnimationSystem.h#3,animation/math,Gems/LyShine/Code/Source/Animation/UiAnimationSystem.h,189,1,187,9,"Preserve animation ordering, key data, and legacy numeric edge behavior.",See CryCommonMigrationValidation.md and category tests.,accept,pending frozen-SHA signoff,pending frozen-SHA signoff
Gems/LyShine/Code/Source/Draw2d.cpp#1,layout/fonts,Gems/LyShine/Code/Source/Draw2d.cpp,10,1,9,0,"Preserve CPU/GPU size, alignment, offsets, strides, bytes, and text output.",See CryCommonMigrationValidation.md and category tests.,accept,pending frozen-SHA signoff,pending frozen-SHA signoff
Gems/LyShine/Code/Source/Draw2d.cpp#2,layout/fonts,Gems/LyShine/Code/Source/Draw2d.cpp,11,0,11,1,"Preserve CPU/GPU size, alignment, offsets, strides, bytes, and text output.",See CryCommonMigrationValidation.md and category tests.,accept,pending frozen-SHA signoff,pending frozen-SHA signoff
Gems/LyShine/Code/Source/Draw2d.cpp#3,layout/fonts,Gems/LyShine/Code/Source/Draw2d.cpp,14,0,15,1,"Preserve CPU/GPU size, alignment, offsets, strides, bytes, and text output.",See CryCommonMigrationValidation.md and category tests.,accept,pending frozen-SHA signoff,pending frozen-SHA signoff
Gems/LyShine/Code/Source/Draw2d.cpp#4,layout/fonts,Gems/LyShine/Code/Source/Draw2d.cpp,17,2,18,2,"Preserve CPU/GPU size, alignment, offsets, strides, bytes, and text output.",See CryCommonMigrationValidation.md and category tests.,accept,pending frozen-SHA signoff,pending frozen-SHA signoff
Gems/LyShine/Code/Source/Draw2d.cpp#5,layout/fonts,Gems/LyShine/Code/Source/Draw2d.cpp,20,2,21,1,"Preserve CPU/GPU size, alignment, offsets, strides, bytes, and text output.",See CryCommonMigrationValidation.md and category tests.,accept,pending frozen-SHA signoff,pending frozen-SHA signoff
Gems/LyShine/Code/Source/Draw2d.cpp#6,layout/fonts,Gems/LyShine/Code/Source/Draw2d.cpp,22,0,23,2,"Preserve CPU/GPU size, alignment, offsets, strides, bytes, and text output.",See CryCommonMigrationValidation.md and category tests.,accept,pending frozen-SHA signoff,pending frozen-SHA signoff
Gems/LyShine/Code/Source/Draw2d.cpp#7,layout/fonts,Gems/LyShine/Code/Source/Draw2d.cpp,23,0,26,1,"Preserve CPU/GPU size, alignment, offsets, strides, bytes, and text output.",See CryCommonMigrationValidation.md and category tests.,accept,pending frozen-SHA signoff,pending frozen-SHA signoff
Gems/LyShine/Code/Source/Draw2d.cpp#8,layout/fonts,Gems/LyShine/Code/Source/Draw2d.cpp,39,1,42,1,"Preserve CPU/GPU size, alignment, offsets, strides, bytes, and text output.",See CryCommonMigrationValidation.md and category tests.,accept,pending frozen-SHA signoff,pending frozen-SHA signoff
Gems/LyShine/Code/Source/Draw2d.cpp#9,layout/fonts,Gems/LyShine/Code/Source/Draw2d.cpp,41,1,44,1,"Preserve CPU/GPU size, alignment, offsets, strides, bytes, and text output.",See CryCommonMigrationValidation.md and category tests.,accept,pending frozen-SHA signoff,pending frozen-SHA signoff
Gems/LyShine/Code/Source/Draw2d.cpp#10,layout/fonts,Gems/LyShine/Code/Source/Draw2d.cpp,43,1,46,6,"Preserve CPU/GPU size, alignment, offsets, strides, bytes, and text output.",See CryCommonMigrationValidation.md and category tests.,accept,pending frozen-SHA signoff,pending frozen-SHA signoff
Gems/LyShine/Code/Source/Draw2d.cpp#11,layout/fonts,Gems/LyShine/Code/Source/Draw2d.cpp,97,1,105,3,"Preserve CPU/GPU size, alignment, offsets, strides, bytes, and text output.",See CryCommonMigrationValidation.md and category tests.,accept,pending frozen-SHA signoff,pending frozen-SHA signoff
Gems/LyShine/Code/Source/Draw2d.cpp#12,layout/fonts,Gems/LyShine/Code/Source/Draw2d.cpp,115,7,125,6,"Preserve CPU/GPU size, alignment, offsets, strides, bytes, and text output.",See CryCommonMigrationValidation.md and category tests.,accept,pending frozen-SHA signoff,pending frozen-SHA signoff
Gems/LyShine/Code/Source/Draw2d.cpp#13,layout/fonts,Gems/LyShine/Code/Source/Draw2d.cpp,138,2,147,1,"Preserve CPU/GPU size, alignment, offsets, strides, bytes, and text output.",See CryCommonMigrationValidation.md and category tests.,accept,pending frozen-SHA signoff,pending frozen-SHA signoff
Gems/LyShine/Code/Source/Draw2d.cpp#14,layout/fonts,Gems/LyShine/Code/Source/Draw2d.cpp,141,2,149,2,"Preserve CPU/GPU size, alignment, offsets, strides, bytes, and text output.",See CryCommonMigrationValidation.md and category tests.,accept,pending frozen-SHA signoff,pending frozen-SHA signoff
Gems/LyShine/Code/Source/Draw2d.cpp#15,layout/fonts,Gems/LyShine/Code/Source/Draw2d.cpp,159,2,167,8,"Preserve CPU/GPU size, alignment, offsets, strides, bytes, and text output.",See CryCommonMigrationValidation.md and category tests.,accept,pending frozen-SHA signoff,pending frozen-SHA signoff
Gems/LyShine/Code/Source/Draw2d.cpp#16,layout/fonts,Gems/LyShine/Code/Source/Draw2d.cpp,216,3,230,10,"Preserve CPU/GPU size, alignment, offsets, strides, bytes, and text output.",See CryCommonMigrationValidation.md and category tests.,accept,pending frozen-SHA signoff,pending frozen-SHA signoff
Gems/LyShine/Code/Source/Draw2d.cpp#17,layout/fonts,Gems/LyShine/Code/Source/Draw2d.cpp,226,2,247,6,"Preserve CPU/GPU size, alignment, offsets, strides, bytes, and text output.",See CryCommonMigrationValidation.md and category tests.,accept,pending frozen-SHA signoff,pending frozen-SHA signoff
Gems/LyShine/Code/Source/Draw2d.cpp#18,layout/fonts,Gems/LyShine/Code/Source/Draw2d.cpp,247,2,272,1,"Preserve CPU/GPU size, alignment, offsets, strides, bytes, and text output.",See CryCommonMigrationValidation.md and category tests.,accept,pending frozen-SHA signoff,pending frozen-SHA signoff
Gems/LyShine/Code/Source/Draw2d.cpp#19,layout/fonts,Gems/LyShine/Code/Source/Draw2d.cpp,253,1,277,1,"Preserve CPU/GPU size, alignment, offsets, strides, bytes, and text output.",See CryCommonMigrationValidation.md and category tests.,accept,pending frozen-SHA signoff,pending frozen-SHA signoff
Gems/LyShine/Code/Source/Draw2d.cpp#20,layout/fonts,Gems/LyShine/Code/Source/Draw2d.cpp,275,2,299,2,"Preserve CPU/GPU size, alignment, offsets, strides, bytes, and text output.",See CryCommonMigrationValidation.md and category tests.,accept,pending frozen-SHA signoff,pending frozen-SHA signoff
Gems/LyShine/Code/Source/Draw2d.cpp#21,layout/fonts,Gems/LyShine/Code/Source/Draw2d.cpp,316,2,340,7,"Preserve CPU/GPU size, alignment, offsets, strides, bytes, and text output.",See CryCommonMigrationValidation.md and category tests.,accept,pending frozen-SHA signoff,pending frozen-SHA signoff
Gems/LyShine/Code/Source/Draw2d.cpp#22,layout/fonts,Gems/LyShine/Code/Source/Draw2d.cpp,319,1,348,2,"Preserve CPU/GPU size, alignment, offsets, strides, bytes, and text output.",See CryCommonMigrationValidation.md and category tests.,accept,pending frozen-SHA signoff,pending frozen-SHA signoff
Gems/LyShine/Code/Source/Draw2d.cpp#23,layout/fonts,Gems/LyShine/Code/Source/Draw2d.cpp,325,2,355,7,"Preserve CPU/GPU size, alignment, offsets, strides, bytes, and text output.",See CryCommonMigrationValidation.md and category tests.,accept,pending frozen-SHA signoff,pending frozen-SHA signoff
Gems/LyShine/Code/Source/Draw2d.cpp#24,layout/fonts,Gems/LyShine/Code/Source/Draw2d.cpp,328,1,363,2,"Preserve CPU/GPU size, alignment, offsets, strides, bytes, and text output.",See CryCommonMigrationValidation.md and category tests.,accept,pending frozen-SHA signoff,pending frozen-SHA signoff
Gems/LyShine/Code/Source/Draw2d.cpp#25,layout/fonts,Gems/LyShine/Code/Source/Draw2d.cpp,332,1,368,2,"Preserve CPU/GPU size, alignment, offsets, strides, bytes, and text output.",See CryCommonMigrationValidation.md and category tests.,accept,pending frozen-SHA signoff,pending frozen-SHA signoff
Gems/LyShine/Code/Source/Draw2d.cpp#26,layout/fonts,Gems/LyShine/Code/Source/Draw2d.cpp,375,1,412,1,"Preserve CPU/GPU size, alignment, offsets, strides, bytes, and text output.",See CryCommonMigrationValidation.md and category tests.,accept,pending frozen-SHA signoff,pending frozen-SHA signoff
Gems/LyShine/Code/Source/Draw2d.cpp#27,layout/fonts,Gems/LyShine/Code/Source/Draw2d.cpp,536,2,573,1,"Preserve CPU/GPU size, alignment, offsets, strides, bytes, and text output.",See CryCommonMigrationValidation.md and category tests.,accept,pending frozen-SHA signoff,pending frozen-SHA signoff
Gems/LyShine/Code/Source/Draw2d.cpp#28,layout/fonts,Gems/LyShine/Code/Source/Draw2d.cpp,540,1,576,2,"Preserve CPU/GPU size, alignment, offsets, strides, bytes, and text output.",See CryCommonMigrationValidation.md and category tests.,accept,pending frozen-SHA signoff,pending frozen-SHA signoff
Gems/LyShine/Code/Source/Draw2d.cpp#29,layout/fonts,Gems/LyShine/Code/Source/Draw2d.cpp,557,1,594,1,"Preserve CPU/GPU size, alignment, offsets, strides, bytes, and text output.",See CryCommonMigrationValidation.md and category tests.,accept,pending frozen-SHA signoff,pending frozen-SHA signoff
Gems/LyShine/Code/Source/Draw2d.cpp#30,layout/fonts,Gems/LyShine/Code/Source/Draw2d.cpp,571,3,608,11,"Preserve CPU/GPU size, alignment, offsets, strides, bytes, and text output.",See CryCommonMigrationValidation.md and category tests.,accept,pending frozen-SHA signoff,pending frozen-SHA signoff
Gems/LyShine/Code/Source/Draw2d.cpp#31,layout/fonts,Gems/LyShine/Code/Source/Draw2d.cpp,638,1,683,1,"Preserve CPU/GPU size, alignment, offsets, strides, bytes, and text output.",See CryCommonMigrationValidation.md and category tests.,accept,pending frozen-SHA signoff,pending frozen-SHA signoff
Gems/LyShine/Code/Source/Draw2d.cpp#32,layout/fonts,Gems/LyShine/Code/Source/Draw2d.cpp,733,1,778,2,"Preserve CPU/GPU size, alignment, offsets, strides, bytes, and text output.",See CryCommonMigrationValidation.md and category tests.,accept,pending frozen-SHA signoff,pending frozen-SHA signoff
Gems/LyShine/Code/Source/Draw2d.cpp#33,layout/fonts,Gems/LyShine/Code/Source/Draw2d.cpp,737,1,783,1,"Preserve CPU/GPU size, alignment, offsets, strides, bytes, and text output.",See CryCommonMigrationValidation.md and category tests.,accept,pending frozen-SHA signoff,pending frozen-SHA signoff
Gems/LyShine/Code/Source/Draw2d.cpp#34,layout/fonts,Gems/LyShine/Code/Source/Draw2d.cpp,739,1,785,1,"Preserve CPU/GPU size, alignment, offsets, strides, bytes, and text output.",See CryCommonMigrationValidation.md and category tests.,accept,pending frozen-SHA signoff,pending frozen-SHA signoff
Gems/LyShine/Code/Source/Draw2d.cpp#35,layout/fonts,Gems/LyShine/Code/Source/Draw2d.cpp,742,3,788,1,"Preserve CPU/GPU size, alignment, offsets, strides, bytes, and text output.",See CryCommonMigrationValidation.md and category tests.,accept,pending frozen-SHA signoff,pending frozen-SHA signoff
Gems/LyShine/Code/Source/Draw2d.cpp#36,layout/fonts,Gems/LyShine/Code/Source/Draw2d.cpp,749,1,793,1,"Preserve CPU/GPU size, alignment, offsets, strides, bytes, and text output.",See CryCommonMigrationValidation.md and category tests.,accept,pending frozen-SHA signoff,pending frozen-SHA signoff
Gems/LyShine/Code/Source/Draw2d.cpp#37,layout/fonts,Gems/LyShine/Code/Source/Draw2d.cpp,751,1,795,1,"Preserve CPU/GPU size, alignment, offsets, strides, bytes, and text output.",See CryCommonMigrationValidation.md and category tests.,accept,pending frozen-SHA signoff,pending frozen-SHA signoff
Gems/LyShine/Code/Source/Draw2d.cpp#38,layout/fonts,Gems/LyShine/Code/Source/Draw2d.cpp,800,1,844,2,"Preserve CPU/GPU size, alignment, offsets, strides, bytes, and text output.",See CryCommonMigrationValidation.md and category tests.,accept,pending frozen-SHA signoff,pending frozen-SHA signoff
Gems/LyShine/Code/Source/Draw2d.cpp#39,layout/fonts,Gems/LyShine/Code/Source/Draw2d.cpp,804,1,849,1,"Preserve CPU/GPU size, alignment, offsets, strides, bytes, and text output.",See CryCommonMigrationValidation.md and category tests.,accept,pending frozen-SHA signoff,pending frozen-SHA signoff
Gems/LyShine/Code/Source/Draw2d.cpp#40,layout/fonts,Gems/LyShine/Code/Source/Draw2d.cpp,806,1,851,1,"Preserve CPU/GPU size, alignment, offsets, strides, bytes, and text output.",See CryCommonMigrationValidation.md and category tests.,accept,pending frozen-SHA signoff,pending frozen-SHA signoff
Gems/LyShine/Code/Source/Draw2d.cpp#41,layout/fonts,Gems/LyShine/Code/Source/Draw2d.cpp,812,1,857,1,"Preserve CPU/GPU size, alignment, offsets, strides, bytes, and text output.",See CryCommonMigrationValidation.md and category tests.,accept,pending frozen-SHA signoff,pending frozen-SHA signoff
Gems/LyShine/Code/Source/Draw2d.cpp#42,layout/fonts,Gems/LyShine/Code/Source/Draw2d.cpp,814,1,859,1,"Preserve CPU/GPU size, alignment, offsets, strides, bytes, and text output.",See CryCommonMigrationValidation.md and category tests.,accept,pending frozen-SHA signoff,pending frozen-SHA signoff
Gems/LyShine/Code/Source/Draw2d.cpp#43,layout/fonts,Gems/LyShine/Code/Source/Draw2d.cpp,856,1,901,2,"Preserve CPU/GPU size, alignment, offsets, strides, bytes, and text output.",See CryCommonMigrationValidation.md and category tests.,accept,pending frozen-SHA signoff,pending frozen-SHA signoff
Gems/LyShine/Code/Source/Draw2d.cpp#44,layout/fonts,Gems/LyShine/Code/Source/Draw2d.cpp,862,2,908,2,"Preserve CPU/GPU size, alignment, offsets, strides, bytes, and text output.",See CryCommonMigrationValidation.md and category tests.,accept,pending frozen-SHA signoff,pending frozen-SHA signoff
Gems/LyShine/Code/Source/Draw2d.cpp#45,layout/fonts,Gems/LyShine/Code/Source/Draw2d.cpp,866,1,912,1,"Preserve CPU/GPU size, alignment, offsets, strides, bytes, and text output.",See CryCommonMigrationValidation.md and category tests.,accept,pending frozen-SHA signoff,pending frozen-SHA signoff
Gems/LyShine/Code/Source/Draw2d.cpp#46,layout/fonts,Gems/LyShine/Code/Source/Draw2d.cpp,868,1,914,1,"Preserve CPU/GPU size, alignment, offsets, strides, bytes, and text output.",See CryCommonMigrationValidation.md and category tests.,accept,pending frozen-SHA signoff,pending frozen-SHA signoff
Gems/LyShine/Code/Source/Draw2d.cpp#47,layout/fonts,Gems/LyShine/Code/Source/Draw2d.cpp,884,7,930,6,"Preserve CPU/GPU size, alignment, offsets, strides, bytes, and text output.",See CryCommonMigrationValidation.md and category tests.,accept,pending frozen-SHA signoff,pending frozen-SHA signoff
Gems/LyShine/Code/Source/Draw2d.cpp#48,layout/fonts,Gems/LyShine/Code/Source/Draw2d.cpp,935,1,980,2,"Preserve CPU/GPU size, alignment, offsets, strides, bytes, and text output.",See CryCommonMigrationValidation.md and category tests.,accept,pending frozen-SHA signoff,pending frozen-SHA signoff
Gems/LyShine/Code/Source/Draw2d.h#1,consumers,Gems/LyShine/Code/Source/Draw2d.h,12,1,11,0,Use an equivalent AZ/AZStd contract or remove a proven dead dependency.,See CryCommonMigrationValidation.md and category tests.,accept,pending frozen-SHA signoff,pending frozen-SHA signoff
Gems/LyShine/Code/Source/Draw2d.h#2,consumers,Gems/LyShine/Code/Source/Draw2d.h,15,0,15,1,Use an equivalent AZ/AZStd contract or remove a proven dead dependency.,See CryCommonMigrationValidation.md and category tests.,accept,pending frozen-SHA signoff,pending frozen-SHA signoff
Gems/LyShine/Code/Source/Draw2d.h#3,consumers,Gems/LyShine/Code/Source/Draw2d.h,27,1,26,0,Use an equivalent AZ/AZStd contract or remove a proven dead dependency.,See CryCommonMigrationValidation.md and category tests.,accept,pending frozen-SHA signoff,pending frozen-SHA signoff
Gems/LyShine/Code/Source/Draw2d.h#4,consumers,Gems/LyShine/Code/Source/Draw2d.h,29,1,27,0,Use an equivalent AZ/AZStd contract or remove a proven dead dependency.,See CryCommonMigrationValidation.md and category tests.,accept,pending frozen-SHA signoff,pending frozen-SHA signoff
Gems/LyShine/Code/Source/Draw2d.h#5,consumers,Gems/LyShine/Code/Source/Draw2d.h,56,2,54,8,Use an equivalent AZ/AZStd contract or remove a proven dead dependency.,See CryCommonMigrationValidation.md and category tests.,accept,pending frozen-SHA signoff,pending frozen-SHA signoff
Gems/LyShine/Code/Source/Draw2d.h#6,consumers,Gems/LyShine/Code/Source/Draw2d.h,74,3,78,9,Use an equivalent AZ/AZStd contract or remove a proven dead dependency.,See CryCommonMigrationValidation.md and category tests.,accept,pending frozen-SHA signoff,pending frozen-SHA signoff
Gems/LyShine/Code/Source/Draw2d.h#7,consumers,Gems/LyShine/Code/Source/Draw2d.h,85,1,95,2,Use an equivalent AZ/AZStd contract or remove a proven dead dependency.,See CryCommonMigrationValidation.md and category tests.,accept,pending frozen-SHA signoff,pending frozen-SHA signoff
Gems/LyShine/Code/Source/Draw2d.h#8,consumers,Gems/LyShine/Code/Source/Draw2d.h,98,1,109,4,Use an equivalent AZ/AZStd contract or remove a proven dead dependency.,See CryCommonMigrationValidation.md and category tests.,accept,pending frozen-SHA signoff,pending frozen-SHA signoff
Gems/LyShine/Code/Source/Draw2d.h#9,consumers,Gems/LyShine/Code/Source/Draw2d.h,108,1,122,2,Use an equivalent AZ/AZStd contract or remove a proven dead dependency.,See CryCommonMigrationValidation.md and category tests.,accept,pending frozen-SHA signoff,pending frozen-SHA signoff
Gems/LyShine/Code/Source/Draw2d.h#10,consumers,Gems/LyShine/Code/Source/Draw2d.h,120,2,135,2,Use an equivalent AZ/AZStd contract or remove a proven dead dependency.,See CryCommonMigrationValidation.md and category tests.,accept,pending frozen-SHA signoff,pending frozen-SHA signoff
Gems/LyShine/Code/Source/Draw2d.h#11,consumers,Gems/LyShine/Code/Source/Draw2d.h,127,1,142,1,Use an equivalent AZ/AZStd contract or remove a proven dead dependency.,See CryCommonMigrationValidation.md and category tests.,accept,pending frozen-SHA signoff,pending frozen-SHA signoff
Gems/LyShine/Code/Source/Draw2d.h#12,consumers,Gems/LyShine/Code/Source/Draw2d.h,131,1,146,2,Use an equivalent AZ/AZStd contract or remove a proven dead dependency.,See CryCommonMigrationValidation.md and category tests.,accept,pending frozen-SHA signoff,pending frozen-SHA signoff
Gems/LyShine/Code/Source/Draw2d.h#13,consumers,Gems/LyShine/Code/Source/Draw2d.h,175,1,190,0,Use an equivalent AZ/AZStd contract or remove a proven dead dependency.,See CryCommonMigrationValidation.md and category tests.,accept,pending frozen-SHA signoff,pending frozen-SHA signoff
Gems/LyShine/Code/Source/Draw2d.h#14,consumers,Gems/LyShine/Code/Source/Draw2d.h,182,1,196,0,Use an equivalent AZ/AZStd contract or remove a proven dead dependency.,See CryCommonMigrationValidation.md and category tests.,accept,pending frozen-SHA signoff,pending frozen-SHA signoff
Gems/LyShine/Code/Source/Draw2d.h#15,consumers,Gems/LyShine/Code/Source/Draw2d.h,187,1,200,0,Use an equivalent AZ/AZStd contract or remove a proven dead dependency.,See CryCommonMigrationValidation.md and category tests.,accept,pending frozen-SHA signoff,pending frozen-SHA signoff
Gems/LyShine/Code/Source/Draw2d.h#16,consumers,Gems/LyShine/Code/Source/Draw2d.h,206,1,219,2,Use an equivalent AZ/AZStd contract or remove a proven dead dependency.,See CryCommonMigrationValidation.md and category tests.,accept,pending frozen-SHA signoff,pending frozen-SHA signoff
Gems/LyShine/Code/Source/Draw2d.h#17,consumers,Gems/LyShine/Code/Source/Draw2d.h,211,2,225,1,Use an equivalent AZ/AZStd contract or remove a proven dead dependency.,See CryCommonMigrationValidation.md and category tests.,accept,pending frozen-SHA signoff,pending frozen-SHA signoff
Gems/LyShine/Code/Source/Draw2d.h#18,consumers,Gems/LyShine/Code/Source/Draw2d.h,216,1,229,2,Use an equivalent AZ/AZStd contract or remove a proven dead dependency.,See CryCommonMigrationValidation.md and category tests.,accept,pending frozen-SHA signoff,pending frozen-SHA signoff
Gems/LyShine/Code/Source/Draw2d.h#19,consumers,Gems/LyShine/Code/Source/Draw2d.h,222,1,236,1,Use an equivalent AZ/AZStd contract or remove a proven dead dependency.,See CryCommonMigrationValidation.md and category tests.,accept,pending frozen-SHA signoff,pending frozen-SHA signoff
Gems/LyShine/Code/Source/Draw2d.h#20,consumers,Gems/LyShine/Code/Source/Draw2d.h,228,2,242,1,Use an equivalent AZ/AZStd contract or remove a proven dead dependency.,See CryCommonMigrationValidation.md and category tests.,accept,pending frozen-SHA signoff,pending frozen-SHA signoff
Gems/LyShine/Code/Source/Draw2d.h#21,consumers,Gems/LyShine/Code/Source/Draw2d.h,233,1,246,2,Use an equivalent AZ/AZStd contract or remove a proven dead dependency.,See CryCommonMigrationValidation.md and category tests.,accept,pending frozen-SHA signoff,pending frozen-SHA signoff
Gems/LyShine/Code/Source/Draw2d.h#22,consumers,Gems/LyShine/Code/Source/Draw2d.h,240,1,254,1,Use an equivalent AZ/AZStd contract or remove a proven dead dependency.,See CryCommonMigrationValidation.md and category tests.,accept,pending frozen-SHA signoff,pending frozen-SHA signoff
Gems/LyShine/Code/Source/Draw2d.h#23,consumers,Gems/LyShine/Code/Source/Draw2d.h,244,2,258,1,Use an equivalent AZ/AZStd contract or remove a proven dead dependency.,See CryCommonMigrationValidation.md and category tests.,accept,pending frozen-SHA signoff,pending frozen-SHA signoff
Gems/LyShine/Code/Source/Draw2d.h#24,consumers,Gems/LyShine/Code/Source/Draw2d.h,249,1,262,2,Use an equivalent AZ/AZStd contract or remove a proven dead dependency.,See CryCommonMigrationValidation.md and category tests.,accept,pending frozen-SHA signoff,pending frozen-SHA signoff
Gems/LyShine/Code/Source/Draw2d.h#25,consumers,Gems/LyShine/Code/Source/Draw2d.h,255,1,269,1,Use an equivalent AZ/AZStd contract or remove a proven dead dependency.,See CryCommonMigrationValidation.md and category tests.,accept,pending frozen-SHA signoff,pending frozen-SHA signoff
Gems/LyShine/Code/Source/Draw2d.h#26,consumers,Gems/LyShine/Code/Source/Draw2d.h,258,2,272,1,Use an equivalent AZ/AZStd contract or remove a proven dead dependency.,See CryCommonMigrationValidation.md and category tests.,accept,pending frozen-SHA signoff,pending frozen-SHA signoff
Gems/LyShine/Code/Source/Draw2d.h#27,consumers,Gems/LyShine/Code/Source/Draw2d.h,263,1,276,2,Use an equivalent AZ/AZStd contract or remove a proven dead dependency.,See CryCommonMigrationValidation.md and category tests.,accept,pending frozen-SHA signoff,pending frozen-SHA signoff
Gems/LyShine/Code/Source/Draw2d.h#28,consumers,Gems/LyShine/Code/Source/Draw2d.h,269,1,283,1,Use an equivalent AZ/AZStd contract or remove a proven dead dependency.,See CryCommonMigrationValidation.md and category tests.,accept,pending frozen-SHA signoff,pending frozen-SHA signoff
Gems/LyShine/Code/Source/Draw2d.h#29,consumers,Gems/LyShine/Code/Source/Draw2d.h,277,1,290,0,Use an equivalent AZ/AZStd contract or remove a proven dead dependency.,See CryCommonMigrationValidation.md and category tests.,accept,pending frozen-SHA signoff,pending frozen-SHA signoff
Gems/LyShine/Code/Source/Draw2d.h#30,consumers,Gems/LyShine/Code/Source/Draw2d.h,284,3,297,11,Use an equivalent AZ/AZStd contract or remove a proven dead dependency.,See CryCommonMigrationValidation.md and category tests.,accept,pending frozen-SHA signoff,pending frozen-SHA signoff
Gems/LyShine/Code/Source/Draw2d.h#31,consumers,Gems/LyShine/Code/Source/Draw2d.h,304,3,325,2,Use an equivalent AZ/AZStd contract or remove a proven dead dependency.,See CryCommonMigrationValidation.md and category tests.,accept,pending frozen-SHA signoff,pending frozen-SHA signoff
Gems/LyShine/Code/Source/LyShine.h#1,consumers,Gems/LyShine/Code/Source/LyShine.h,10,3,9,0,Use an equivalent AZ/AZStd contract or remove a proven dead dependency.,See CryCommonMigrationValidation.md and category tests.,accept,pending frozen-SHA signoff,pending frozen-SHA signoff
Gems/LyShine/Code/Source/LyShine.h#2,consumers,Gems/LyShine/Code/Source/LyShine.h,13,0,11,1,Use an equivalent AZ/AZStd contract or remove a proven dead dependency.,See CryCommonMigrationValidation.md and category tests.,accept,pending frozen-SHA signoff,pending frozen-SHA signoff
Gems/LyShine/Code/Source/LyShine.h#3,consumers,Gems/LyShine/Code/Source/LyShine.h,15,0,14,3,Use an equivalent AZ/AZStd contract or remove a proven dead dependency.,See CryCommonMigrationValidation.md and category tests.,accept,pending frozen-SHA signoff,pending frozen-SHA signoff
Gems/LyShine/Code/Source/LyShine.h#4,consumers,Gems/LyShine/Code/Source/LyShine.h,49,1,49,0,Use an equivalent AZ/AZStd contract or remove a proven dead dependency.,See CryCommonMigrationValidation.md and category tests.,accept,pending frozen-SHA signoff,pending frozen-SHA signoff
Gems/LyShine/Code/Source/LyShine.h#5,consumers,Gems/LyShine/Code/Source/LyShine.h,64,1,64,2,Use an equivalent AZ/AZStd contract or remove a proven dead dependency.,See CryCommonMigrationValidation.md and category tests.,accept,pending frozen-SHA signoff,pending frozen-SHA signoff
Gems/LyShine/Code/Source/LyShine.h#6,consumers,Gems/LyShine/Code/Source/LyShine.h,131,1,131,0,Use an equivalent AZ/AZStd contract or remove a proven dead dependency.,See CryCommonMigrationValidation.md and category tests.,accept,pending frozen-SHA signoff,pending frozen-SHA signoff
Gems/LyShine/Code/Source/LyShine.h#7,consumers,Gems/LyShine/Code/Source/LyShine.h,137,1,136,0,Use an equivalent AZ/AZStd contract or remove a proven dead dependency.,See CryCommonMigrationValidation.md and category tests.,accept,pending frozen-SHA signoff,pending frozen-SHA signoff
Gems/LyShine/Code/Source/LyShine.h#8,consumers,Gems/LyShine/Code/Source/LyShine.h,143,2,142,1,Use an equivalent AZ/AZStd contract or remove a proven dead dependency.,See CryCommonMigrationValidation.md and category tests.,accept,pending frozen-SHA signoff,pending frozen-SHA signoff
Gems/LyShine/Code/Source/LyShine.h#9,consumers,Gems/LyShine/Code/Source/LyShine.h,150,3,148,2,Use an equivalent AZ/AZStd contract or remove a proven dead dependency.,See CryCommonMigrationValidation.md and category tests.,accept,pending frozen-SHA signoff,pending frozen-SHA signoff
Gems/LyShine/Code/Source/LyShine.h#10,consumers,Gems/LyShine/Code/Source/LyShine.h,161,1,158,1,Use an equivalent AZ/AZStd contract or remove a proven dead dependency.,See CryCommonMigrationValidation.md and category tests.,accept,pending frozen-SHA signoff,pending frozen-SHA signoff
Gems/LyShine/Code/Source/LyShineModule.cpp#1,consumers,Gems/LyShine/Code/Source/LyShineModule.cpp,59,1,58,0,Use an equivalent AZ/AZStd contract or remove a proven dead dependency.,See CryCommonMigrationValidation.md and category tests.,accept,pending frozen-SHA signoff,pending frozen-SHA signoff
Gems/LyShine/Code/Source/Particle/UiParticle.cpp#1,consumers,Gems/LyShine/Code/Source/Particle/UiParticle.cpp,210,1,210,1,Use an equivalent AZ/AZStd contract or remove a proven dead dependency.,See CryCommonMigrationValidation.md and category tests.,accept,pending frozen-SHA signoff,pending frozen-SHA signoff
Gems/LyShine/Code/Source/Particle/UiParticle.cpp#2,consumers,Gems/LyShine/Code/Source/Particle/UiParticle.cpp,212,1,212,1,Use an equivalent AZ/AZStd contract or remove a proven dead dependency.,See CryCommonMigrationValidation.md and category tests.,accept,pending frozen-SHA signoff,pending frozen-SHA signoff
Gems/LyShine/Code/Source/RenderGraph.cpp#1,consumers,Gems/LyShine/Code/Source/RenderGraph.cpp,12,1,11,0,Use an equivalent AZ/AZStd contract or remove a proven dead dependency.,See CryCommonMigrationValidation.md and category tests.,accept,pending frozen-SHA signoff,pending frozen-SHA signoff
Gems/LyShine/Code/Source/RenderGraph.cpp#2,consumers,Gems/LyShine/Code/Source/RenderGraph.cpp,13,0,13,1,Use an equivalent AZ/AZStd contract or remove a proven dead dependency.,See CryCommonMigrationValidation.md and category tests.,accept,pending frozen-SHA signoff,pending frozen-SHA signoff
Gems/LyShine/Code/Source/RenderGraph.cpp#3,consumers,Gems/LyShine/Code/Source/RenderGraph.cpp,27,3,27,3,Use an equivalent AZ/AZStd contract or remove a proven dead dependency.,See CryCommonMigrationValidation.md and category tests.,accept,pending frozen-SHA signoff,pending frozen-SHA signoff
Gems/LyShine/Code/Source/RenderGraph.cpp#4,consumers,Gems/LyShine/Code/Source/RenderGraph.cpp,34,4,34,4,Use an equivalent AZ/AZStd contract or remove a proven dead dependency.,See CryCommonMigrationValidation.md and category tests.,accept,pending frozen-SHA signoff,pending frozen-SHA signoff
Gems/LyShine/Code/Source/RenderGraph.cpp#5,consumers,Gems/LyShine/Code/Source/RenderGraph.cpp,41,2,41,6,Use an equivalent AZ/AZStd contract or remove a proven dead dependency.,See CryCommonMigrationValidation.md and category tests.,accept,pending frozen-SHA signoff,pending frozen-SHA signoff
Gems/LyShine/Code/Source/RenderGraph.cpp#6,consumers,Gems/LyShine/Code/Source/RenderGraph.cpp,60,3,64,8,Use an equivalent AZ/AZStd contract or remove a proven dead dependency.,See CryCommonMigrationValidation.md and category tests.,accept,pending frozen-SHA signoff,pending frozen-SHA signoff
Gems/LyShine/Code/Source/RenderGraph.cpp#7,consumers,Gems/LyShine/Code/Source/RenderGraph.cpp,91,3,100,2,Use an equivalent AZ/AZStd contract or remove a proven dead dependency.,See CryCommonMigrationValidation.md and category tests.,accept,pending frozen-SHA signoff,pending frozen-SHA signoff
Gems/LyShine/Code/Source/RenderGraph.cpp#8,consumers,Gems/LyShine/Code/Source/RenderGraph.cpp,136,1,144,2,Use an equivalent AZ/AZStd contract or remove a proven dead dependency.,See CryCommonMigrationValidation.md and category tests.,accept,pending frozen-SHA signoff,pending frozen-SHA signoff
Gems/LyShine/Code/Source/RenderGraph.cpp#9,consumers,Gems/LyShine/Code/Source/RenderGraph.cpp,160,1,169,1,Use an equivalent AZ/AZStd contract or remove a proven dead dependency.,See CryCommonMigrationValidation.md and category tests.,accept,pending frozen-SHA signoff,pending frozen-SHA signoff
Gems/LyShine/Code/Source/RenderGraph.cpp#10,consumers,Gems/LyShine/Code/Source/RenderGraph.cpp,162,4,171,10,Use an equivalent AZ/AZStd contract or remove a proven dead dependency.,See CryCommonMigrationValidation.md and category tests.,accept,pending frozen-SHA signoff,pending frozen-SHA signoff
Gems/LyShine/Code/Source/RenderGraph.cpp#11,consumers,Gems/LyShine/Code/Source/RenderGraph.cpp,230,1,245,1,Use an equivalent AZ/AZStd contract or remove a proven dead dependency.,See CryCommonMigrationValidation.md and category tests.,accept,pending frozen-SHA signoff,pending frozen-SHA signoff
Gems/LyShine/Code/Source/RenderGraph.cpp#12,consumers,Gems/LyShine/Code/Source/RenderGraph.cpp,259,1,274,1,Use an equivalent AZ/AZStd contract or remove a proven dead dependency.,See CryCommonMigrationValidation.md and category tests.,accept,pending frozen-SHA signoff,pending frozen-SHA signoff
Gems/LyShine/Code/Source/RenderGraph.cpp#13,consumers,Gems/LyShine/Code/Source/RenderGraph.cpp,261,1,276,1,Use an equivalent AZ/AZStd contract or remove a proven dead dependency.,See CryCommonMigrationValidation.md and category tests.,accept,pending frozen-SHA signoff,pending frozen-SHA signoff
Gems/LyShine/Code/Source/RenderGraph.cpp#14,consumers,Gems/LyShine/Code/Source/RenderGraph.cpp,303,3,318,2,Use an equivalent AZ/AZStd contract or remove a proven dead dependency.,See CryCommonMigrationValidation.md and category tests.,accept,pending frozen-SHA signoff,pending frozen-SHA signoff
Gems/LyShine/Code/Source/RenderGraph.cpp#15,consumers,Gems/LyShine/Code/Source/RenderGraph.cpp,341,2,355,1,Use an equivalent AZ/AZStd contract or remove a proven dead dependency.,See CryCommonMigrationValidation.md and category tests.,accept,pending frozen-SHA signoff,pending frozen-SHA signoff
Gems/LyShine/Code/Source/RenderGraph.cpp#16,consumers,Gems/LyShine/Code/Source/RenderGraph.cpp,365,1,378,1,Use an equivalent AZ/AZStd contract or remove a proven dead dependency.,See CryCommonMigrationValidation.md and category tests.,accept,pending frozen-SHA signoff,pending frozen-SHA signoff
Gems/LyShine/Code/Source/RenderGraph.cpp#17,consumers,Gems/LyShine/Code/Source/RenderGraph.cpp,369,3,382,2,Use an equivalent AZ/AZStd contract or remove a proven dead dependency.,See CryCommonMigrationValidation.md and category tests.,accept,pending frozen-SHA signoff,pending frozen-SHA signoff
Gems/LyShine/Code/Source/RenderGraph.cpp#18,consumers,Gems/LyShine/Code/Source/RenderGraph.cpp,383,2,395,1,Use an equivalent AZ/AZStd contract or remove a proven dead dependency.,See CryCommonMigrationValidation.md and category tests.,accept,pending frozen-SHA signoff,pending frozen-SHA signoff
Gems/LyShine/Code/Source/RenderGraph.cpp#19,consumers,Gems/LyShine/Code/Source/RenderGraph.cpp,424,3,435,2,Use an equivalent AZ/AZStd contract or remove a proven dead dependency.,See CryCommonMigrationValidation.md and category tests.,accept,pending frozen-SHA signoff,pending frozen-SHA signoff
Gems/LyShine/Code/Source/RenderGraph.cpp#20,consumers,Gems/LyShine/Code/Source/RenderGraph.cpp,493,7,503,2,Use an equivalent AZ/AZStd contract or remove a proven dead dependency.,See CryCommonMigrationValidation.md and category tests.,accept,pending frozen-SHA signoff,pending frozen-SHA signoff
Gems/LyShine/Code/Source/RenderGraph.cpp#21,consumers,Gems/LyShine/Code/Source/RenderGraph.cpp,514,3,519,4,Use an equivalent AZ/AZStd contract or remove a proven dead dependency.,See CryCommonMigrationValidation.md and category tests.,accept,pending frozen-SHA signoff,pending frozen-SHA signoff
Gems/LyShine/Code/Source/RenderGraph.cpp#22,consumers,Gems/LyShine/Code/Source/RenderGraph.cpp,545,1,551,4,Use an equivalent AZ/AZStd contract or remove a proven dead dependency.,See CryCommonMigrationValidation.md and category tests.,accept,pending frozen-SHA signoff,pending frozen-SHA signoff
Gems/LyShine/Code/Source/RenderGraph.cpp#23,consumers,Gems/LyShine/Code/Source/RenderGraph.cpp,577,1,586,1,Use an equivalent AZ/AZStd contract or remove a proven dead dependency.,See CryCommonMigrationValidation.md and category tests.,accept,pending frozen-SHA signoff,pending frozen-SHA signoff
Gems/LyShine/Code/Source/RenderGraph.cpp#24,consumers,Gems/LyShine/Code/Source/RenderGraph.cpp,581,1,590,1,Use an equivalent AZ/AZStd contract or remove a proven dead dependency.,See CryCommonMigrationValidation.md and category tests.,accept,pending frozen-SHA signoff,pending frozen-SHA signoff
Gems/LyShine/Code/Source/RenderGraph.cpp#25,consumers,Gems/LyShine/Code/Source/RenderGraph.cpp,690,2,699,5,Use an equivalent AZ/AZStd contract or remove a proven dead dependency.,See CryCommonMigrationValidation.md and category tests.,accept,pending frozen-SHA signoff,pending frozen-SHA signoff
Gems/LyShine/Code/Source/RenderGraph.cpp#26,consumers,Gems/LyShine/Code/Source/RenderGraph.cpp,695,2,707,1,Use an equivalent AZ/AZStd contract or remove a proven dead dependency.,See CryCommonMigrationValidation.md and category tests.,accept,pending frozen-SHA signoff,pending frozen-SHA signoff
Gems/LyShine/Code/Source/RenderGraph.cpp#27,consumers,Gems/LyShine/Code/Source/RenderGraph.cpp,722,2,733,7,Use an equivalent AZ/AZStd contract or remove a proven dead dependency.,See CryCommonMigrationValidation.md and category tests.,accept,pending frozen-SHA signoff,pending frozen-SHA signoff
Gems/LyShine/Code/Source/RenderGraph.cpp#28,consumers,Gems/LyShine/Code/Source/RenderGraph.cpp,752,1,768,1,Use an equivalent AZ/AZStd contract or remove a proven dead dependency.,See CryCommonMigrationValidation.md and category tests.,accept,pending frozen-SHA signoff,pending frozen-SHA signoff
Gems/LyShine/Code/Source/RenderGraph.cpp#29,consumers,Gems/LyShine/Code/Source/RenderGraph.cpp,771,1,787,2,Use an equivalent AZ/AZStd contract or remove a proven dead dependency.,See CryCommonMigrationValidation.md and category tests.,accept,pending frozen-SHA signoff,pending frozen-SHA signoff
Gems/LyShine/Code/Source/RenderGraph.cpp#30,consumers,Gems/LyShine/Code/Source/RenderGraph.cpp,795,1,812,2,Use an equivalent AZ/AZStd contract or remove a proven dead dependency.,See CryCommonMigrationValidation.md and category tests.,accept,pending frozen-SHA signoff,pending frozen-SHA signoff
Gems/LyShine/Code/Source/RenderGraph.cpp#31,consumers,Gems/LyShine/Code/Source/RenderGraph.cpp,832,2,850,1,Use an equivalent AZ/AZStd contract or remove a proven dead dependency.,See CryCommonMigrationValidation.md and category tests.,accept,pending frozen-SHA signoff,pending frozen-SHA signoff
Gems/LyShine/Code/Source/RenderGraph.cpp#32,consumers,Gems/LyShine/Code/Source/RenderGraph.cpp,852,2,869,8,Use an equivalent AZ/AZStd contract or remove a proven dead dependency.,See CryCommonMigrationValidation.md and category tests.,accept,pending frozen-SHA signoff,pending frozen-SHA signoff
Gems/LyShine/Code/Source/RenderGraph.cpp#33,consumers,Gems/LyShine/Code/Source/RenderGraph.cpp,879,1,902,1,Use an equivalent AZ/AZStd contract or remove a proven dead dependency.,See CryCommonMigrationValidation.md and category tests.,accept,pending frozen-SHA signoff,pending frozen-SHA signoff
Gems/LyShine/Code/Source/RenderGraph.cpp#34,consumers,Gems/LyShine/Code/Source/RenderGraph.cpp,885,1,908,1,Use an equivalent AZ/AZStd contract or remove a proven dead dependency.,See CryCommonMigrationValidation.md and category tests.,accept,pending frozen-SHA signoff,pending frozen-SHA signoff
Gems/LyShine/Code/Source/RenderGraph.cpp#35,consumers,Gems/LyShine/Code/Source/RenderGraph.cpp,892,1,915,1,Use an equivalent AZ/AZStd contract or remove a proven dead dependency.,See CryCommonMigrationValidation.md and category tests.,accept,pending frozen-SHA signoff,pending frozen-SHA signoff
Gems/LyShine/Code/Source/RenderGraph.cpp#36,consumers,Gems/LyShine/Code/Source/RenderGraph.cpp,894,1,917,1,Use an equivalent AZ/AZStd contract or remove a proven dead dependency.,See CryCommonMigrationValidation.md and category tests.,accept,pending frozen-SHA signoff,pending frozen-SHA signoff
Gems/LyShine/Code/Source/RenderGraph.cpp#37,consumers,Gems/LyShine/Code/Source/RenderGraph.cpp,970,1,993,2,Use an equivalent AZ/AZStd contract or remove a proven dead dependency.,See CryCommonMigrationValidation.md and category tests.,accept,pending frozen-SHA signoff,pending frozen-SHA signoff
Gems/LyShine/Code/Source/RenderGraph.cpp#38,consumers,Gems/LyShine/Code/Source/RenderGraph.cpp,1020,2,1044,1,Use an equivalent AZ/AZStd contract or remove a proven dead dependency.,See CryCommonMigrationValidation.md and category tests.,accept,pending frozen-SHA signoff,pending frozen-SHA signoff
Gems/LyShine/Code/Source/RenderGraph.cpp#39,consumers,Gems/LyShine/Code/Source/RenderGraph.cpp,1100,1,1123,2,Use an equivalent AZ/AZStd contract or remove a proven dead dependency.,See CryCommonMigrationValidation.md and category tests.,accept,pending frozen-SHA signoff,pending frozen-SHA signoff
Gems/LyShine/Code/Source/RenderGraph.cpp#40,consumers,Gems/LyShine/Code/Source/RenderGraph.cpp,1136,1,1160,2,Use an equivalent AZ/AZStd contract or remove a proven dead dependency.,See CryCommonMigrationValidation.md and category tests.,accept,pending frozen-SHA signoff,pending frozen-SHA signoff
Gems/LyShine/Code/Source/RenderGraph.cpp#41,consumers,Gems/LyShine/Code/Source/RenderGraph.cpp,1140,1,1165,2,Use an equivalent AZ/AZStd contract or remove a proven dead dependency.,See CryCommonMigrationValidation.md and category tests.,accept,pending frozen-SHA signoff,pending frozen-SHA signoff
Gems/LyShine/Code/Source/RenderGraph.cpp#42,consumers,Gems/LyShine/Code/Source/RenderGraph.cpp,1210,1,1236,2,Use an equivalent AZ/AZStd contract or remove a proven dead dependency.,See CryCommonMigrationValidation.md and category tests.,accept,pending frozen-SHA signoff,pending frozen-SHA signoff
Gems/LyShine/Code/Source/RenderGraph.cpp#43,consumers,Gems/LyShine/Code/Source/RenderGraph.cpp,1226,1,1253,2,Use an equivalent AZ/AZStd contract or remove a proven dead dependency.,See CryCommonMigrationValidation.md and category tests.,accept,pending frozen-SHA signoff,pending frozen-SHA signoff
Gems/LyShine/Code/Source/RenderGraph.cpp#44,consumers,Gems/LyShine/Code/Source/RenderGraph.cpp,1228,1,1256,4,Use an equivalent AZ/AZStd contract or remove a proven dead dependency.,See CryCommonMigrationValidation.md and category tests.,accept,pending frozen-SHA signoff,pending frozen-SHA signoff
Gems/LyShine/Code/Source/RenderGraph.cpp#45,consumers,Gems/LyShine/Code/Source/RenderGraph.cpp,1274,1,1305,2,Use an equivalent AZ/AZStd contract or remove a proven dead dependency.,See CryCommonMigrationValidation.md and category tests.,accept,pending frozen-SHA signoff,pending frozen-SHA signoff
Gems/LyShine/Code/Source/RenderGraph.cpp#46,consumers,Gems/LyShine/Code/Source/RenderGraph.cpp,1362,2,1394,4,Use an equivalent AZ/AZStd contract or remove a proven dead dependency.,See CryCommonMigrationValidation.md and category tests.,accept,pending frozen-SHA signoff,pending frozen-SHA signoff
Gems/LyShine/Code/Source/RenderGraph.cpp#47,consumers,Gems/LyShine/Code/Source/RenderGraph.cpp,1365,1,1399,2,Use an equivalent AZ/AZStd contract or remove a proven dead dependency.,See CryCommonMigrationValidation.md and category tests.,accept,pending frozen-SHA signoff,pending frozen-SHA signoff
Gems/LyShine/Code/Source/RenderGraph.cpp#48,consumers,Gems/LyShine/Code/Source/RenderGraph.cpp,1381,1,1416,2,Use an equivalent AZ/AZStd contract or remove a proven dead dependency.,See CryCommonMigrationValidation.md and category tests.,accept,pending frozen-SHA signoff,pending frozen-SHA signoff
Gems/LyShine/Code/Source/RenderGraph.cpp#49,consumers,Gems/LyShine/Code/Source/RenderGraph.cpp,1388,2,1424,1,Use an equivalent AZ/AZStd contract or remove a proven dead dependency.,See CryCommonMigrationValidation.md and category tests.,accept,pending frozen-SHA signoff,pending frozen-SHA signoff
Gems/LyShine/Code/Source/RenderGraph.cpp#50,consumers,Gems/LyShine/Code/Source/RenderGraph.cpp,1431,1,1466,2,Use an equivalent AZ/AZStd contract or remove a proven dead dependency.,See CryCommonMigrationValidation.md and category tests.,accept,pending frozen-SHA signoff,pending frozen-SHA signoff
Gems/LyShine/Code/Source/RenderGraph.cpp#51,consumers,Gems/LyShine/Code/Source/RenderGraph.cpp,1511,1,1547,2,Use an equivalent AZ/AZStd contract or remove a proven dead dependency.,See CryCommonMigrationValidation.md and category tests.,accept,pending frozen-SHA signoff,pending frozen-SHA signoff
Gems/LyShine/Code/Source/RenderGraph.cpp#52,consumers,Gems/LyShine/Code/Source/RenderGraph.cpp,1518,1,1555,1,Use an equivalent AZ/AZStd contract or remove a proven dead dependency.,See CryCommonMigrationValidation.md and category tests.,accept,pending frozen-SHA signoff,pending frozen-SHA signoff
Gems/LyShine/Code/Source/RenderGraph.h#1,consumers,Gems/LyShine/Code/Source/RenderGraph.h,11,2,11,1,Use an equivalent AZ/AZStd contract or remove a proven dead dependency.,See CryCommonMigrationValidation.md and category tests.,accept,pending frozen-SHA signoff,pending frozen-SHA signoff
Gems/LyShine/Code/Source/RenderGraph.h#2,consumers,Gems/LyShine/Code/Source/RenderGraph.h,14,1,12,0,Use an equivalent AZ/AZStd contract or remove a proven dead dependency.,See CryCommonMigrationValidation.md and category tests.,accept,pending frozen-SHA signoff,pending frozen-SHA signoff
Gems/LyShine/Code/Source/RenderGraph.h#3,consumers,Gems/LyShine/Code/Source/RenderGraph.h,16,1,14,3,Use an equivalent AZ/AZStd contract or remove a proven dead dependency.,See CryCommonMigrationValidation.md and category tests.,accept,pending frozen-SHA signoff,pending frozen-SHA signoff
Gems/LyShine/Code/Source/RenderGraph.h#4,consumers,Gems/LyShine/Code/Source/RenderGraph.h,17,0,18,1,Use an equivalent AZ/AZStd contract or remove a proven dead dependency.,See CryCommonMigrationValidation.md and category tests.,accept,pending frozen-SHA signoff,pending frozen-SHA signoff
Gems/LyShine/Code/Source/RenderGraph.h#5,consumers,Gems/LyShine/Code/Source/RenderGraph.h,20,1,20,0,Use an equivalent AZ/AZStd contract or remove a proven dead dependency.,See CryCommonMigrationValidation.md and category tests.,accept,pending frozen-SHA signoff,pending frozen-SHA signoff
Gems/LyShine/Code/Source/RenderGraph.h#6,consumers,Gems/LyShine/Code/Source/RenderGraph.h,23,1,22,0,Use an equivalent AZ/AZStd contract or remove a proven dead dependency.,See CryCommonMigrationValidation.md and category tests.,accept,pending frozen-SHA signoff,pending frozen-SHA signoff
Gems/LyShine/Code/Source/RenderGraph.h#7,consumers,Gems/LyShine/Code/Source/RenderGraph.h,24,0,24,1,Use an equivalent AZ/AZStd contract or remove a proven dead dependency.,See CryCommonMigrationValidation.md and category tests.,accept,pending frozen-SHA signoff,pending frozen-SHA signoff
Gems/LyShine/Code/Source/RenderGraph.h#8,consumers,Gems/LyShine/Code/Source/RenderGraph.h,49,1,49,4,Use an equivalent AZ/AZStd contract or remove a proven dead dependency.,See CryCommonMigrationValidation.md and category tests.,accept,pending frozen-SHA signoff,pending frozen-SHA signoff
Gems/LyShine/Code/Source/RenderGraph.h#9,consumers,Gems/LyShine/Code/Source/RenderGraph.h,52,3,55,2,Use an equivalent AZ/AZStd contract or remove a proven dead dependency.,See CryCommonMigrationValidation.md and category tests.,accept,pending frozen-SHA signoff,pending frozen-SHA signoff
Gems/LyShine/Code/Source/RenderGraph.h#10,consumers,Gems/LyShine/Code/Source/RenderGraph.h,56,1,58,4,Use an equivalent AZ/AZStd contract or remove a proven dead dependency.,See CryCommonMigrationValidation.md and category tests.,accept,pending frozen-SHA signoff,pending frozen-SHA signoff
Gems/LyShine/Code/Source/RenderGraph.h#11,consumers,Gems/LyShine/Code/Source/RenderGraph.h,68,3,73,2,Use an equivalent AZ/AZStd contract or remove a proven dead dependency.,See CryCommonMigrationValidation.md and category tests.,accept,pending frozen-SHA signoff,pending frozen-SHA signoff
Gems/LyShine/Code/Source/RenderGraph.h#12,consumers,Gems/LyShine/Code/Source/RenderGraph.h,83,3,87,14,Use an equivalent AZ/AZStd contract or remove a proven dead dependency.,See CryCommonMigrationValidation.md and category tests.,accept,pending frozen-SHA signoff,pending frozen-SHA signoff
Gems/LyShine/Code/Source/RenderGraph.h#13,consumers,Gems/LyShine/Code/Source/RenderGraph.h,87,3,102,2,Use an equivalent AZ/AZStd contract or remove a proven dead dependency.,See CryCommonMigrationValidation.md and category tests.,accept,pending frozen-SHA signoff,pending frozen-SHA signoff
Gems/LyShine/Code/Source/RenderGraph.h#14,consumers,Gems/LyShine/Code/Source/RenderGraph.h,95,3,109,12,Use an equivalent AZ/AZStd contract or remove a proven dead dependency.,See CryCommonMigrationValidation.md and category tests.,accept,pending frozen-SHA signoff,pending frozen-SHA signoff
Gems/LyShine/Code/Source/RenderGraph.h#15,consumers,Gems/LyShine/Code/Source/RenderGraph.h,99,4,122,16,Use an equivalent AZ/AZStd contract or remove a proven dead dependency.,See CryCommonMigrationValidation.md and category tests.,accept,pending frozen-SHA signoff,pending frozen-SHA signoff
Gems/LyShine/Code/Source/RenderGraph.h#16,consumers,Gems/LyShine/Code/Source/RenderGraph.h,120,2,155,2,Use an equivalent AZ/AZStd contract or remove a proven dead dependency.,See CryCommonMigrationValidation.md and category tests.,accept,pending frozen-SHA signoff,pending frozen-SHA signoff
Gems/LyShine/Code/Source/RenderGraph.h#17,consumers,Gems/LyShine/Code/Source/RenderGraph.h,125,5,160,5,Use an equivalent AZ/AZStd contract or remove a proven dead dependency.,See CryCommonMigrationValidation.md and category tests.,accept,pending frozen-SHA signoff,pending frozen-SHA signoff
Gems/LyShine/Code/Source/RenderGraph.h#18,consumers,Gems/LyShine/Code/Source/RenderGraph.h,131,2,166,2,Use an equivalent AZ/AZStd contract or remove a proven dead dependency.,See CryCommonMigrationValidation.md and category tests.,accept,pending frozen-SHA signoff,pending frozen-SHA signoff
Gems/LyShine/Code/Source/RenderGraph.h#19,consumers,Gems/LyShine/Code/Source/RenderGraph.h,134,1,169,1,Use an equivalent AZ/AZStd contract or remove a proven dead dependency.,See CryCommonMigrationValidation.md and category tests.,accept,pending frozen-SHA signoff,pending frozen-SHA signoff
Gems/LyShine/Code/Source/RenderGraph.h#20,consumers,Gems/LyShine/Code/Source/RenderGraph.h,151,3,186,2,Use an equivalent AZ/AZStd contract or remove a proven dead dependency.,See CryCommonMigrationValidation.md and category tests.,accept,pending frozen-SHA signoff,pending frozen-SHA signoff
Gems/LyShine/Code/Source/RenderGraph.h#21,consumers,Gems/LyShine/Code/Source/RenderGraph.h,155,2,189,8,Use an equivalent AZ/AZStd contract or remove a proven dead dependency.,See CryCommonMigrationValidation.md and category tests.,accept,pending frozen-SHA signoff,pending frozen-SHA signoff
Gems/LyShine/Code/Source/RenderGraph.h#22,consumers,Gems/LyShine/Code/Source/RenderGraph.h,158,2,198,8,Use an equivalent AZ/AZStd contract or remove a proven dead dependency.,See CryCommonMigrationValidation.md and category tests.,accept,pending frozen-SHA signoff,pending frozen-SHA signoff
Gems/LyShine/Code/Source/RenderGraph.h#23,consumers,Gems/LyShine/Code/Source/RenderGraph.h,161,1,207,4,Use an equivalent AZ/AZStd contract or remove a proven dead dependency.,See CryCommonMigrationValidation.md and category tests.,accept,pending frozen-SHA signoff,pending frozen-SHA signoff
Gems/LyShine/Code/Source/RenderGraph.h#24,consumers,Gems/LyShine/Code/Source/RenderGraph.h,166,4,215,16,Use an equivalent AZ/AZStd contract or remove a proven dead dependency.,See CryCommonMigrationValidation.md and category tests.,accept,pending frozen-SHA signoff,pending frozen-SHA signoff
Gems/LyShine/Code/Source/RenderGraph.h#25,consumers,Gems/LyShine/Code/Source/RenderGraph.h,177,1,238,2,Use an equivalent AZ/AZStd contract or remove a proven dead dependency.,See CryCommonMigrationValidation.md and category tests.,accept,pending frozen-SHA signoff,pending frozen-SHA signoff
Gems/LyShine/Code/Source/RenderGraph.h#26,consumers,Gems/LyShine/Code/Source/RenderGraph.h,179,2,241,4,Use an equivalent AZ/AZStd contract or remove a proven dead dependency.,See CryCommonMigrationValidation.md and category tests.,accept,pending frozen-SHA signoff,pending frozen-SHA signoff
Gems/LyShine/Code/Source/RenderGraph.h#27,consumers,Gems/LyShine/Code/Source/RenderGraph.h,182,1,246,2,Use an equivalent AZ/AZStd contract or remove a proven dead dependency.,See CryCommonMigrationValidation.md and category tests.,accept,pending frozen-SHA signoff,pending frozen-SHA signoff
Gems/LyShine/Code/Source/RenderGraph.h#28,consumers,Gems/LyShine/Code/Source/RenderGraph.h,185,2,250,2,Use an equivalent AZ/AZStd contract or remove a proven dead dependency.,See CryCommonMigrationValidation.md and category tests.,accept,pending frozen-SHA signoff,pending frozen-SHA signoff
Gems/LyShine/Code/Source/RenderGraph.h#29,consumers,Gems/LyShine/Code/Source/RenderGraph.h,188,1,253,1,Use an equivalent AZ/AZStd contract or remove a proven dead dependency.,See CryCommonMigrationValidation.md and category tests.,accept,pending frozen-SHA signoff,pending frozen-SHA signoff
Gems/LyShine/Code/Source/RenderGraph.h#30,consumers,Gems/LyShine/Code/Source/RenderGraph.h,204,1,269,2,Use an equivalent AZ/AZStd contract or remove a proven dead dependency.,See CryCommonMigrationValidation.md and category tests.,accept,pending frozen-SHA signoff,pending frozen-SHA signoff
Gems/LyShine/Code/Source/RenderGraph.h#31,consumers,Gems/LyShine/Code/Source/RenderGraph.h,212,3,278,2,Use an equivalent AZ/AZStd contract or remove a proven dead dependency.,See CryCommonMigrationValidation.md and category tests.,accept,pending frozen-SHA signoff,pending frozen-SHA signoff
Gems/LyShine/Code/Source/RenderGraph.h#32,consumers,Gems/LyShine/Code/Source/RenderGraph.h,216,2,281,8,Use an equivalent AZ/AZStd contract or remove a proven dead dependency.,See CryCommonMigrationValidation.md and category tests.,accept,pending frozen-SHA signoff,pending frozen-SHA signoff
Gems/LyShine/Code/Source/RenderGraph.h#33,consumers,Gems/LyShine/Code/Source/RenderGraph.h,219,1,290,4,Use an equivalent AZ/AZStd contract or remove a proven dead dependency.,See CryCommonMigrationValidation.md and category tests.,accept,pending frozen-SHA signoff,pending frozen-SHA signoff
Gems/LyShine/Code/Source/RenderGraph.h#34,consumers,Gems/LyShine/Code/Source/RenderGraph.h,221,5,295,20,Use an equivalent AZ/AZStd contract or remove a proven dead dependency.,See CryCommonMigrationValidation.md and category tests.,accept,pending frozen-SHA signoff,pending frozen-SHA signoff
Gems/LyShine/Code/Source/RenderGraph.h#35,consumers,Gems/LyShine/Code/Source/RenderGraph.h,241,1,329,0,Use an equivalent AZ/AZStd contract or remove a proven dead dependency.,See CryCommonMigrationValidation.md and category tests.,accept,pending frozen-SHA signoff,pending frozen-SHA signoff
Gems/LyShine/Code/Source/RenderGraph.h#36,consumers,Gems/LyShine/Code/Source/RenderGraph.h,243,1,331,1,Use an equivalent AZ/AZStd contract or remove a proven dead dependency.,See CryCommonMigrationValidation.md and category tests.,accept,pending frozen-SHA signoff,pending frozen-SHA signoff
Gems/LyShine/Code/Source/RenderGraph.h#37,consumers,Gems/LyShine/Code/Source/RenderGraph.h,245,1,333,1,Use an equivalent AZ/AZStd contract or remove a proven dead dependency.,See CryCommonMigrationValidation.md and category tests.,accept,pending frozen-SHA signoff,pending frozen-SHA signoff
Gems/LyShine/Code/Source/RenderGraph.h#38,consumers,Gems/LyShine/Code/Source/RenderGraph.h,252,4,340,4,Use an equivalent AZ/AZStd contract or remove a proven dead dependency.,See CryCommonMigrationValidation.md and category tests.,accept,pending frozen-SHA signoff,pending frozen-SHA signoff
Gems/LyShine/Code/Source/RenderGraph.h#39,consumers,Gems/LyShine/Code/Source/RenderGraph.h,257,2,345,2,Use an equivalent AZ/AZStd contract or remove a proven dead dependency.,See CryCommonMigrationValidation.md and category tests.,accept,pending frozen-SHA signoff,pending frozen-SHA signoff
Gems/LyShine/Code/Source/RenderGraph.h#40,consumers,Gems/LyShine/Code/Source/RenderGraph.h,266,1,353,0,Use an equivalent AZ/AZStd contract or remove a proven dead dependency.,See CryCommonMigrationValidation.md and category tests.,accept,pending frozen-SHA signoff,pending frozen-SHA signoff
Gems/LyShine/Code/Source/RenderGraph.h#41,consumers,Gems/LyShine/Code/Source/RenderGraph.h,272,1,359,1,Use an equivalent AZ/AZStd contract or remove a proven dead dependency.,See CryCommonMigrationValidation.md and category tests.,accept,pending frozen-SHA signoff,pending frozen-SHA signoff
Gems/LyShine/Code/Source/RenderGraph.h#42,consumers,Gems/LyShine/Code/Source/RenderGraph.h,278,1,365,2,Use an equivalent AZ/AZStd contract or remove a proven dead dependency.,See CryCommonMigrationValidation.md and category tests.,accept,pending frozen-SHA signoff,pending frozen-SHA signoff
Gems/LyShine/Code/Source/RenderGraph.h#43,consumers,Gems/LyShine/Code/Source/RenderGraph.h,284,1,372,1,Use an equivalent AZ/AZStd contract or remove a proven dead dependency.,See CryCommonMigrationValidation.md and category tests.,accept,pending frozen-SHA signoff,pending frozen-SHA signoff
Gems/LyShine/Code/Source/RenderGraph.h#44,consumers,Gems/LyShine/Code/Source/RenderGraph.h,294,2,382,7,Use an equivalent AZ/AZStd contract or remove a proven dead dependency.,See CryCommonMigrationValidation.md and category tests.,accept,pending frozen-SHA signoff,pending frozen-SHA signoff
Gems/LyShine/Code/Source/RenderGraph.h#45,consumers,Gems/LyShine/Code/Source/RenderGraph.h,299,1,392,2,Use an equivalent AZ/AZStd contract or remove a proven dead dependency.,See CryCommonMigrationValidation.md and category tests.,accept,pending frozen-SHA signoff,pending frozen-SHA signoff
Gems/LyShine/Code/Source/RenderGraph.h#46,consumers,Gems/LyShine/Code/Source/RenderGraph.h,335,2,429,6,Use an equivalent AZ/AZStd contract or remove a proven dead dependency.,See CryCommonMigrationValidation.md and category tests.,accept,pending frozen-SHA signoff,pending frozen-SHA signoff
Gems/LyShine/Code/Source/RenderGraph.h#47,consumers,Gems/LyShine/Code/Source/RenderGraph.h,340,1,437,0,Use an equivalent AZ/AZStd contract or remove a proven dead dependency.,See CryCommonMigrationValidation.md and category tests.,accept,pending frozen-SHA signoff,pending frozen-SHA signoff
Gems/LyShine/Code/Source/RenderGraph.h#48,consumers,Gems/LyShine/Code/Source/RenderGraph.h,343,2,440,2,Use an equivalent AZ/AZStd contract or remove a proven dead dependency.,See CryCommonMigrationValidation.md and category tests.,accept,pending frozen-SHA signoff,pending frozen-SHA signoff
Gems/LyShine/Code/Source/RenderGraph.h#49,consumers,Gems/LyShine/Code/Source/RenderGraph.h,348,1,444,0,Use an equivalent AZ/AZStd contract or remove a proven dead dependency.,See CryCommonMigrationValidation.md and category tests.,accept,pending frozen-SHA signoff,pending frozen-SHA signoff
Gems/LyShine/Code/Source/RenderGraph.h#50,consumers,Gems/LyShine/Code/Source/RenderGraph.h,354,3,450,2,Use an equivalent AZ/AZStd contract or remove a proven dead dependency.,See CryCommonMigrationValidation.md and category tests.,accept,pending frozen-SHA signoff,pending frozen-SHA signoff
Gems/LyShine/Code/Source/RenderGraph.h#51,consumers,Gems/LyShine/Code/Source/RenderGraph.h,359,2,454,2,Use an equivalent AZ/AZStd contract or remove a proven dead dependency.,See CryCommonMigrationValidation.md and category tests.,accept,pending frozen-SHA signoff,pending frozen-SHA signoff
Gems/LyShine/Code/Source/RenderGraph.h#52,consumers,Gems/LyShine/Code/Source/RenderGraph.h,364,2,459,2,Use an equivalent AZ/AZStd contract or remove a proven dead dependency.,See CryCommonMigrationValidation.md and category tests.,accept,pending frozen-SHA signoff,pending frozen-SHA signoff
Gems/LyShine/Code/Source/RenderGraph.h#53,consumers,Gems/LyShine/Code/Source/RenderGraph.h,367,2,462,2,Use an equivalent AZ/AZStd contract or remove a proven dead dependency.,See CryCommonMigrationValidation.md and category tests.,accept,pending frozen-SHA signoff,pending frozen-SHA signoff
Gems/LyShine/Code/Source/RenderGraph.h#54,consumers,Gems/LyShine/Code/Source/RenderGraph.h,370,2,465,2,Use an equivalent AZ/AZStd contract or remove a proven dead dependency.,See CryCommonMigrationValidation.md and category tests.,accept,pending frozen-SHA signoff,pending frozen-SHA signoff
Gems/LyShine/Code/Source/RenderGraph.h#55,consumers,Gems/LyShine/Code/Source/RenderGraph.h,375,2,470,2,Use an equivalent AZ/AZStd contract or remove a proven dead dependency.,See CryCommonMigrationValidation.md and category tests.,accept,pending frozen-SHA signoff,pending frozen-SHA signoff
Gems/LyShine/Code/Source/RenderGraph.h#56,consumers,Gems/LyShine/Code/Source/RenderGraph.h,379,1,474,1,Use an equivalent AZ/AZStd contract or remove a proven dead dependency.,See CryCommonMigrationValidation.md and category tests.,accept,pending frozen-SHA signoff,pending frozen-SHA signoff
Gems/LyShine/Code/Source/Script/UiCanvasNotificationLuaBus.cpp#1,consumers,Gems/LyShine/Code/Source/Script/UiCanvasNotificationLuaBus.cpp,8,0,9,2,Use an equivalent AZ/AZStd contract or remove a proven dead dependency.,See CryCommonMigrationValidation.md and category tests.,accept,pending frozen-SHA signoff,pending frozen-SHA signoff
Gems/LyShine/Code/Source/Script/UiElementLuaBus.cpp#1,consumers,Gems/LyShine/Code/Source/Script/UiElementLuaBus.cpp,8,0,9,2,Use an equivalent AZ/AZStd contract or remove a proven dead dependency.,See CryCommonMigrationValidation.md and category tests.,accept,pending frozen-SHA signoff,pending frozen-SHA signoff
Gems/LyShine/Code/Source/Sprite.cpp#1,consumers,Gems/LyShine/Code/Source/Sprite.cpp,9,2,8,0,Use an equivalent AZ/AZStd contract or remove a proven dead dependency.,See CryCommonMigrationValidation.md and category tests.,accept,pending frozen-SHA signoff,pending frozen-SHA signoff
Gems/LyShine/Code/Source/Sprite.cpp#2,consumers,Gems/LyShine/Code/Source/Sprite.cpp,13,0,12,2,Use an equivalent AZ/AZStd contract or remove a proven dead dependency.,See CryCommonMigrationValidation.md and category tests.,accept,pending frozen-SHA signoff,pending frozen-SHA signoff
Gems/LyShine/Code/Source/Sprite.cpp#3,consumers,Gems/LyShine/Code/Source/Sprite.cpp,16,1,15,0,Use an equivalent AZ/AZStd contract or remove a proven dead dependency.,See CryCommonMigrationValidation.md and category tests.,accept,pending frozen-SHA signoff,pending frozen-SHA signoff
Gems/LyShine/Code/Source/Sprite.cpp#4,consumers,Gems/LyShine/Code/Source/Sprite.cpp,18,1,17,1,Use an equivalent AZ/AZStd contract or remove a proven dead dependency.,See CryCommonMigrationValidation.md and category tests.,accept,pending frozen-SHA signoff,pending frozen-SHA signoff
Gems/LyShine/Code/Source/Sprite.cpp#5,consumers,Gems/LyShine/Code/Source/Sprite.cpp,19,0,19,1,Use an equivalent AZ/AZStd contract or remove a proven dead dependency.,See CryCommonMigrationValidation.md and category tests.,accept,pending frozen-SHA signoff,pending frozen-SHA signoff
Gems/LyShine/Code/Source/Sprite.cpp#6,consumers,Gems/LyShine/Code/Source/Sprite.cpp,28,1,28,1,Use an equivalent AZ/AZStd contract or remove a proven dead dependency.,See CryCommonMigrationValidation.md and category tests.,accept,pending frozen-SHA signoff,pending frozen-SHA signoff
Gems/LyShine/Code/Source/Sprite.cpp#7,consumers,Gems/LyShine/Code/Source/Sprite.cpp,31,3,31,1,Use an equivalent AZ/AZStd contract or remove a proven dead dependency.,See CryCommonMigrationValidation.md and category tests.,accept,pending frozen-SHA signoff,pending frozen-SHA signoff
Gems/LyShine/Code/Source/Sprite.cpp#8,consumers,Gems/LyShine/Code/Source/Sprite.cpp,67,1,65,2,Use an equivalent AZ/AZStd contract or remove a proven dead dependency.,See CryCommonMigrationValidation.md and category tests.,accept,pending frozen-SHA signoff,pending frozen-SHA signoff
Gems/LyShine/Code/Source/Sprite.cpp#9,consumers,Gems/LyShine/Code/Source/Sprite.cpp,75,5,74,5,Use an equivalent AZ/AZStd contract or remove a proven dead dependency.,See CryCommonMigrationValidation.md and category tests.,accept,pending frozen-SHA signoff,pending frozen-SHA signoff
Gems/LyShine/Code/Source/Sprite.cpp#10,consumers,Gems/LyShine/Code/Source/Sprite.cpp,83,5,82,5,Use an equivalent AZ/AZStd contract or remove a proven dead dependency.,See CryCommonMigrationValidation.md and category tests.,accept,pending frozen-SHA signoff,pending frozen-SHA signoff
Gems/LyShine/Code/Source/Sprite.cpp#11,consumers,Gems/LyShine/Code/Source/Sprite.cpp,122,2,121,7,Use an equivalent AZ/AZStd contract or remove a proven dead dependency.,See CryCommonMigrationValidation.md and category tests.,accept,pending frozen-SHA signoff,pending frozen-SHA signoff
Gems/LyShine/Code/Source/Sprite.cpp#12,consumers,Gems/LyShine/Code/Source/Sprite.cpp,135,2,139,7,Use an equivalent AZ/AZStd contract or remove a proven dead dependency.,See CryCommonMigrationValidation.md and category tests.,accept,pending frozen-SHA signoff,pending frozen-SHA signoff
Gems/LyShine/Code/Source/Sprite.cpp#13,consumers,Gems/LyShine/Code/Source/Sprite.cpp,143,1,152,1,Use an equivalent AZ/AZStd contract or remove a proven dead dependency.,See CryCommonMigrationValidation.md and category tests.,accept,pending frozen-SHA signoff,pending frozen-SHA signoff
Gems/LyShine/Code/Source/Sprite.cpp#14,consumers,Gems/LyShine/Code/Source/Sprite.cpp,162,1,171,1,Use an equivalent AZ/AZStd contract or remove a proven dead dependency.,See CryCommonMigrationValidation.md and category tests.,accept,pending frozen-SHA signoff,pending frozen-SHA signoff
Gems/LyShine/Code/Source/Sprite.cpp#15,consumers,Gems/LyShine/Code/Source/Sprite.cpp,178,1,187,1,Use an equivalent AZ/AZStd contract or remove a proven dead dependency.,See CryCommonMigrationValidation.md and category tests.,accept,pending frozen-SHA signoff,pending frozen-SHA signoff
Gems/LyShine/Code/Source/Sprite.cpp#16,consumers,Gems/LyShine/Code/Source/Sprite.cpp,330,1,339,1,Use an equivalent AZ/AZStd contract or remove a proven dead dependency.,See CryCommonMigrationValidation.md and category tests.,accept,pending frozen-SHA signoff,pending frozen-SHA signoff
Gems/LyShine/Code/Source/Sprite.cpp#17,consumers,Gems/LyShine/Code/Source/Sprite.cpp,352,4,361,2,Use an equivalent AZ/AZStd contract or remove a proven dead dependency.,See CryCommonMigrationValidation.md and category tests.,accept,pending frozen-SHA signoff,pending frozen-SHA signoff
Gems/LyShine/Code/Source/Sprite.cpp#18,consumers,Gems/LyShine/Code/Source/Sprite.cpp,392,2,399,1,Use an equivalent AZ/AZStd contract or remove a proven dead dependency.,See CryCommonMigrationValidation.md and category tests.,accept,pending frozen-SHA signoff,pending frozen-SHA signoff
Gems/LyShine/Code/Source/Sprite.cpp#19,consumers,Gems/LyShine/Code/Source/Sprite.cpp,397,2,403,1,Use an equivalent AZ/AZStd contract or remove a proven dead dependency.,See CryCommonMigrationValidation.md and category tests.,accept,pending frozen-SHA signoff,pending frozen-SHA signoff
Gems/LyShine/Code/Source/Sprite.cpp#20,consumers,Gems/LyShine/Code/Source/Sprite.cpp,441,2,446,4,Use an equivalent AZ/AZStd contract or remove a proven dead dependency.,See CryCommonMigrationValidation.md and category tests.,accept,pending frozen-SHA signoff,pending frozen-SHA signoff
Gems/LyShine/Code/Source/Sprite.cpp#21,consumers,Gems/LyShine/Code/Source/Sprite.cpp,461,8,468,16,Use an equivalent AZ/AZStd contract or remove a proven dead dependency.,See CryCommonMigrationValidation.md and category tests.,accept,pending frozen-SHA signoff,pending frozen-SHA signoff
Gems/LyShine/Code/Source/Sprite.cpp#22,consumers,Gems/LyShine/Code/Source/Sprite.cpp,581,1,596,2,Use an equivalent AZ/AZStd contract or remove a proven dead dependency.,See CryCommonMigrationValidation.md and category tests.,accept,pending frozen-SHA signoff,pending frozen-SHA signoff
Gems/LyShine/Code/Source/Sprite.cpp#23,consumers,Gems/LyShine/Code/Source/Sprite.cpp,637,1,653,1,Use an equivalent AZ/AZStd contract or remove a proven dead dependency.,See CryCommonMigrationValidation.md and category tests.,accept,pending frozen-SHA signoff,pending frozen-SHA signoff
Gems/LyShine/Code/Source/Sprite.cpp#24,consumers,Gems/LyShine/Code/Source/Sprite.cpp,656,1,672,2,Use an equivalent AZ/AZStd contract or remove a proven dead dependency.,See CryCommonMigrationValidation.md and category tests.,accept,pending frozen-SHA signoff,pending frozen-SHA signoff
Gems/LyShine/Code/Source/Sprite.cpp#25,consumers,Gems/LyShine/Code/Source/Sprite.cpp,749,1,766,2,Use an equivalent AZ/AZStd contract or remove a proven dead dependency.,See CryCommonMigrationValidation.md and category tests.,accept,pending frozen-SHA signoff,pending frozen-SHA signoff
Gems/LyShine/Code/Source/Sprite.cpp#26,consumers,Gems/LyShine/Code/Source/Sprite.cpp,854,2,872,1,Use an equivalent AZ/AZStd contract or remove a proven dead dependency.,See CryCommonMigrationValidation.md and category tests.,accept,pending frozen-SHA signoff,pending frozen-SHA signoff
Gems/LyShine/Code/Source/Sprite.cpp#27,consumers,Gems/LyShine/Code/Source/Sprite.cpp,858,1,875,2,Use an equivalent AZ/AZStd contract or remove a proven dead dependency.,See CryCommonMigrationValidation.md and category tests.,accept,pending frozen-SHA signoff,pending frozen-SHA signoff
Gems/LyShine/Code/Source/Sprite.cpp#28,consumers,Gems/LyShine/Code/Source/Sprite.cpp,862,2,880,6,Use an equivalent AZ/AZStd contract or remove a proven dead dependency.,See CryCommonMigrationValidation.md and category tests.,accept,pending frozen-SHA signoff,pending frozen-SHA signoff
Gems/LyShine/Code/Source/Sprite.cpp#29,consumers,Gems/LyShine/Code/Source/Sprite.cpp,893,1,915,4,Use an equivalent AZ/AZStd contract or remove a proven dead dependency.,See CryCommonMigrationValidation.md and category tests.,accept,pending frozen-SHA signoff,pending frozen-SHA signoff
Gems/LyShine/Code/Source/Sprite.cpp#30,consumers,Gems/LyShine/Code/Source/Sprite.cpp,895,1,920,2,Use an equivalent AZ/AZStd contract or remove a proven dead dependency.,See CryCommonMigrationValidation.md and category tests.,accept,pending frozen-SHA signoff,pending frozen-SHA signoff
Gems/LyShine/Code/Source/Sprite.cpp#31,consumers,Gems/LyShine/Code/Source/Sprite.cpp,904,1,930,1,Use an equivalent AZ/AZStd contract or remove a proven dead dependency.,See CryCommonMigrationValidation.md and category tests.,accept,pending frozen-SHA signoff,pending frozen-SHA signoff
Gems/LyShine/Code/Source/Sprite.cpp#32,consumers,Gems/LyShine/Code/Source/Sprite.cpp,909,1,935,4,Use an equivalent AZ/AZStd contract or remove a proven dead dependency.,See CryCommonMigrationValidation.md and category tests.,accept,pending frozen-SHA signoff,pending frozen-SHA signoff
Gems/LyShine/Code/Source/Sprite.h#1,consumers,Gems/LyShine/Code/Source/Sprite.h,11,2,11,1,Use an equivalent AZ/AZStd contract or remove a proven dead dependency.,See CryCommonMigrationValidation.md and category tests.,accept,pending frozen-SHA signoff,pending frozen-SHA signoff
Gems/LyShine/Code/Source/Sprite.h#2,consumers,Gems/LyShine/Code/Source/Sprite.h,102,1,101,5,Use an equivalent AZ/AZStd contract or remove a proven dead dependency.,See CryCommonMigrationValidation.md and category tests.,accept,pending frozen-SHA signoff,pending frozen-SHA signoff
Gems/LyShine/Code/Source/StringHashCompatibility.h#1,consumers,Gems/LyShine/Code/Source/StringHashCompatibility.h,0,0,1,60,Use an equivalent AZ/AZStd contract or remove a proven dead dependency.,See CryCommonMigrationValidation.md and category tests.,accept,pending frozen-SHA signoff,pending frozen-SHA signoff
Gems/LyShine/Code/Source/Tests/internal/test_TextMarkup.cpp#1,consumers,Gems/LyShine/Code/Source/Tests/internal/test_TextMarkup.cpp,11,2,10,0,Use an equivalent AZ/AZStd contract or remove a proven dead dependency.,See CryCommonMigrationValidation.md and category tests.,accept,pending frozen-SHA signoff,pending frozen-SHA signoff
Gems/LyShine/Code/Source/Tests/internal/test_UiTextComponent.cpp#1,consumers,Gems/LyShine/Code/Source/Tests/internal/test_UiTextComponent.cpp,182,1,182,1,Use an equivalent AZ/AZStd contract or remove a proven dead dependency.,See CryCommonMigrationValidation.md and category tests.,accept,pending frozen-SHA signoff,pending frozen-SHA signoff
Gems/LyShine/Code/Source/Tests/internal/test_UiTextComponent.cpp#2,consumers,Gems/LyShine/Code/Source/Tests/internal/test_UiTextComponent.cpp,2024,1,2024,1,Use an equivalent AZ/AZStd contract or remove a proven dead dependency.,See CryCommonMigrationValidation.md and category tests.,accept,pending frozen-SHA signoff,pending frozen-SHA signoff
Gems/LyShine/Code/Source/Tests/internal/test_UiTextComponent.cpp#3,consumers,Gems/LyShine/Code/Source/Tests/internal/test_UiTextComponent.cpp,2113,1,2113,1,Use an equivalent AZ/AZStd contract or remove a proven dead dependency.,See CryCommonMigrationValidation.md and category tests.,accept,pending frozen-SHA signoff,pending frozen-SHA signoff
Gems/LyShine/Code/Source/Tests/internal/test_UiTextComponent.cpp#4,consumers,Gems/LyShine/Code/Source/Tests/internal/test_UiTextComponent.cpp,2137,1,2137,1,Use an equivalent AZ/AZStd contract or remove a proven dead dependency.,See CryCommonMigrationValidation.md and category tests.,accept,pending frozen-SHA signoff,pending frozen-SHA signoff
Gems/LyShine/Code/Source/Tests/internal/test_UiTextComponent.cpp#5,consumers,Gems/LyShine/Code/Source/Tests/internal/test_UiTextComponent.cpp,2152,1,2152,1,Use an equivalent AZ/AZStd contract or remove a proven dead dependency.,See CryCommonMigrationValidation.md and category tests.,accept,pending frozen-SHA signoff,pending frozen-SHA signoff
Gems/LyShine/Code/Source/Tests/internal/test_UiTextComponent.cpp#6,consumers,Gems/LyShine/Code/Source/Tests/internal/test_UiTextComponent.cpp,2355,1,2355,1,Use an equivalent AZ/AZStd contract or remove a proven dead dependency.,See CryCommonMigrationValidation.md and category tests.,accept,pending frozen-SHA signoff,pending frozen-SHA signoff
Gems/LyShine/Code/Source/Tests/internal/test_UiTextComponent.cpp#7,consumers,Gems/LyShine/Code/Source/Tests/internal/test_UiTextComponent.cpp,2382,1,2382,1,Use an equivalent AZ/AZStd contract or remove a proven dead dependency.,See CryCommonMigrationValidation.md and category tests.,accept,pending frozen-SHA signoff,pending frozen-SHA signoff
Gems/LyShine/Code/Source/Tests/internal/test_UiTextComponent.cpp#8,consumers,Gems/LyShine/Code/Source/Tests/internal/test_UiTextComponent.cpp,2459,1,2459,1,Use an equivalent AZ/AZStd contract or remove a proven dead dependency.,See CryCommonMigrationValidation.md and category tests.,accept,pending frozen-SHA signoff,pending frozen-SHA signoff
Gems/LyShine/Code/Source/Tests/internal/test_UiTextComponent.cpp#9,consumers,Gems/LyShine/Code/Source/Tests/internal/test_UiTextComponent.cpp,2502,1,2502,1,Use an equivalent AZ/AZStd contract or remove a proven dead dependency.,See CryCommonMigrationValidation.md and category tests.,accept,pending frozen-SHA signoff,pending frozen-SHA signoff
Gems/LyShine/Code/Source/Tests/internal/test_UiTextComponent.cpp#10,consumers,Gems/LyShine/Code/Source/Tests/internal/test_UiTextComponent.cpp,2557,1,2557,1,Use an equivalent AZ/AZStd contract or remove a proven dead dependency.,See CryCommonMigrationValidation.md and category tests.,accept,pending frozen-SHA signoff,pending frozen-SHA signoff
Gems/LyShine/Code/Source/Tests/internal/test_UiTextComponent.cpp#11,consumers,Gems/LyShine/Code/Source/Tests/internal/test_UiTextComponent.cpp,2631,1,2631,1,Use an equivalent AZ/AZStd contract or remove a proven dead dependency.,See CryCommonMigrationValidation.md and category tests.,accept,pending frozen-SHA signoff,pending frozen-SHA signoff
Gems/LyShine/Code/Source/UiCanvasComponent.cpp#1,consumers,Gems/LyShine/Code/Source/UiCanvasComponent.cpp,4343,1,4343,1,Use an equivalent AZ/AZStd contract or remove a proven dead dependency.,See CryCommonMigrationValidation.md and category tests.,accept,pending frozen-SHA signoff,pending frozen-SHA signoff
Gems/LyShine/Code/Source/UiCanvasManager.cpp#1,consumers,Gems/LyShine/Code/Source/UiCanvasManager.cpp,15,1,15,1,Use an equivalent AZ/AZStd contract or remove a proven dead dependency.,See CryCommonMigrationValidation.md and category tests.,accept,pending frozen-SHA signoff,pending frozen-SHA signoff
Gems/LyShine/Code/Source/UiCanvasManager.cpp#2,consumers,Gems/LyShine/Code/Source/UiCanvasManager.cpp,42,1,41,0,Use an equivalent AZ/AZStd contract or remove a proven dead dependency.,See CryCommonMigrationValidation.md and category tests.,accept,pending frozen-SHA signoff,pending frozen-SHA signoff
Gems/LyShine/Code/Source/UiCanvasManager.cpp#3,consumers,Gems/LyShine/Code/Source/UiCanvasManager.cpp,494,1,493,6,Use an equivalent AZ/AZStd contract or remove a proven dead dependency.,See CryCommonMigrationValidation.md and category tests.,accept,pending frozen-SHA signoff,pending frozen-SHA signoff
Gems/LyShine/Code/Source/UiCanvasManager.cpp#4,consumers,Gems/LyShine/Code/Source/UiCanvasManager.cpp,499,1,503,5,Use an equivalent AZ/AZStd contract or remove a proven dead dependency.,See CryCommonMigrationValidation.md and category tests.,accept,pending frozen-SHA signoff,pending frozen-SHA signoff
Gems/LyShine/Code/Source/UiCanvasManager.cpp#5,consumers,Gems/LyShine/Code/Source/UiCanvasManager.cpp,531,1,539,5,Use an equivalent AZ/AZStd contract or remove a proven dead dependency.,See CryCommonMigrationValidation.md and category tests.,accept,pending frozen-SHA signoff,pending frozen-SHA signoff
Gems/LyShine/Code/Source/UiCanvasManager.cpp#6,consumers,Gems/LyShine/Code/Source/UiCanvasManager.cpp,864,1,876,1,Use an equivalent AZ/AZStd contract or remove a proven dead dependency.,See CryCommonMigrationValidation.md and category tests.,accept,pending frozen-SHA signoff,pending frozen-SHA signoff
Gems/LyShine/Code/Source/UiCanvasManager.cpp#7,consumers,Gems/LyShine/Code/Source/UiCanvasManager.cpp,868,1,880,1,Use an equivalent AZ/AZStd contract or remove a proven dead dependency.,See CryCommonMigrationValidation.md and category tests.,accept,pending frozen-SHA signoff,pending frozen-SHA signoff
Gems/LyShine/Code/Source/UiCanvasManager.cpp#8,consumers,Gems/LyShine/Code/Source/UiCanvasManager.cpp,872,1,884,1,Use an equivalent AZ/AZStd contract or remove a proven dead dependency.,See CryCommonMigrationValidation.md and category tests.,accept,pending frozen-SHA signoff,pending frozen-SHA signoff
Gems/LyShine/Code/Source/UiCanvasManager.cpp#9,consumers,Gems/LyShine/Code/Source/UiCanvasManager.cpp,885,1,897,1,Use an equivalent AZ/AZStd contract or remove a proven dead dependency.,See CryCommonMigrationValidation.md and category tests.,accept,pending frozen-SHA signoff,pending frozen-SHA signoff
Gems/LyShine/Code/Source/UiCanvasManager.cpp#10,consumers,Gems/LyShine/Code/Source/UiCanvasManager.cpp,895,1,907,1,Use an equivalent AZ/AZStd contract or remove a proven dead dependency.,See CryCommonMigrationValidation.md and category tests.,accept,pending frozen-SHA signoff,pending frozen-SHA signoff
Gems/LyShine/Code/Source/UiDynamicScrollBoxComponent.cpp#1,consumers,Gems/LyShine/Code/Source/UiDynamicScrollBoxComponent.cpp,2136,1,2136,1,Use an equivalent AZ/AZStd contract or remove a proven dead dependency.,See CryCommonMigrationValidation.md and category tests.,accept,pending frozen-SHA signoff,pending frozen-SHA signoff
Gems/LyShine/Code/Source/UiDynamicScrollBoxComponent.cpp#2,consumers,Gems/LyShine/Code/Source/UiDynamicScrollBoxComponent.cpp,2140,2,2140,2,Use an equivalent AZ/AZStd contract or remove a proven dead dependency.,See CryCommonMigrationValidation.md and category tests.,accept,pending frozen-SHA signoff,pending frozen-SHA signoff
Gems/LyShine/Code/Source/UiDynamicScrollBoxComponent.cpp#3,consumers,Gems/LyShine/Code/Source/UiDynamicScrollBoxComponent.cpp,2305,1,2305,1,Use an equivalent AZ/AZStd contract or remove a proven dead dependency.,See CryCommonMigrationValidation.md and category tests.,accept,pending frozen-SHA signoff,pending frozen-SHA signoff
Gems/LyShine/Code/Source/UiDynamicScrollBoxComponent.cpp#4,consumers,Gems/LyShine/Code/Source/UiDynamicScrollBoxComponent.cpp,2310,1,2310,1,Use an equivalent AZ/AZStd contract or remove a proven dead dependency.,See CryCommonMigrationValidation.md and category tests.,accept,pending frozen-SHA signoff,pending frozen-SHA signoff
Gems/LyShine/Code/Source/UiElementComponent.cpp#1,consumers,Gems/LyShine/Code/Source/UiElementComponent.cpp,30,1,30,1,Use an equivalent AZ/AZStd contract or remove a proven dead dependency.,See CryCommonMigrationValidation.md and category tests.,accept,pending frozen-SHA signoff,pending frozen-SHA signoff
Gems/LyShine/Code/Source/UiElementComponent.cpp#2,consumers,Gems/LyShine/Code/Source/UiElementComponent.cpp,34,1,33,0,Use an equivalent AZ/AZStd contract or remove a proven dead dependency.,See CryCommonMigrationValidation.md and category tests.,accept,pending frozen-SHA signoff,pending frozen-SHA signoff
Gems/LyShine/Code/Source/UiElementComponent.cpp#3,consumers,Gems/LyShine/Code/Source/UiElementComponent.cpp,1148,1,1147,6,Use an equivalent AZ/AZStd contract or remove a proven dead dependency.,See CryCommonMigrationValidation.md and category tests.,accept,pending frozen-SHA signoff,pending frozen-SHA signoff
Gems/LyShine/Code/Source/UiElementComponent.cpp#4,consumers,Gems/LyShine/Code/Source/UiElementComponent.cpp,1185,1,1189,6,Use an equivalent AZ/AZStd contract or remove a proven dead dependency.,See CryCommonMigrationValidation.md and category tests.,accept,pending frozen-SHA signoff,pending frozen-SHA signoff
Gems/LyShine/Code/Source/UiElementComponent.cpp#5,consumers,Gems/LyShine/Code/Source/UiElementComponent.cpp,1292,1,1301,5,Use an equivalent AZ/AZStd contract or remove a proven dead dependency.,See CryCommonMigrationValidation.md and category tests.,accept,pending frozen-SHA signoff,pending frozen-SHA signoff
Gems/LyShine/Code/Source/UiFaderComponent.cpp#1,consumers,Gems/LyShine/Code/Source/UiFaderComponent.cpp,197,1,197,1,Use an equivalent AZ/AZStd contract or remove a proven dead dependency.,See CryCommonMigrationValidation.md and category tests.,accept,pending frozen-SHA signoff,pending frozen-SHA signoff
Gems/LyShine/Code/Source/UiFaderComponent.cpp#2,consumers,Gems/LyShine/Code/Source/UiFaderComponent.cpp,525,1,525,1,Use an equivalent AZ/AZStd contract or remove a proven dead dependency.,See CryCommonMigrationValidation.md and category tests.,accept,pending frozen-SHA signoff,pending frozen-SHA signoff
Gems/LyShine/Code/Source/UiFaderComponent.cpp#3,consumers,Gems/LyShine/Code/Source/UiFaderComponent.cpp,527,1,527,1,Use an equivalent AZ/AZStd contract or remove a proven dead dependency.,See CryCommonMigrationValidation.md and category tests.,accept,pending frozen-SHA signoff,pending frozen-SHA signoff
Gems/LyShine/Code/Source/UiFaderComponent.cpp#4,consumers,Gems/LyShine/Code/Source/UiFaderComponent.cpp,531,1,531,1,Use an equivalent AZ/AZStd contract or remove a proven dead dependency.,See CryCommonMigrationValidation.md and category tests.,accept,pending frozen-SHA signoff,pending frozen-SHA signoff
Gems/LyShine/Code/Source/UiFaderComponent.cpp#5,consumers,Gems/LyShine/Code/Source/UiFaderComponent.cpp,533,1,533,1,Use an equivalent AZ/AZStd contract or remove a proven dead dependency.,See CryCommonMigrationValidation.md and category tests.,accept,pending frozen-SHA signoff,pending frozen-SHA signoff
Gems/LyShine/Code/Source/UiImageComponent.cpp#1,consumers,Gems/LyShine/Code/Source/UiImageComponent.cpp,34,1,33,0,Use an equivalent AZ/AZStd contract or remove a proven dead dependency.,See CryCommonMigrationValidation.md and category tests.,accept,pending frozen-SHA signoff,pending frozen-SHA signoff
Gems/LyShine/Code/Source/UiImageComponent.cpp#2,consumers,Gems/LyShine/Code/Source/UiImageComponent.cpp,41,0,41,10,Use an equivalent AZ/AZStd contract or remove a proven dead dependency.,See CryCommonMigrationValidation.md and category tests.,accept,pending frozen-SHA signoff,pending frozen-SHA signoff
Gems/LyShine/Code/Source/UiImageComponent.cpp#3,consumers,Gems/LyShine/Code/Source/UiImageComponent.cpp,195,1,204,1,Use an equivalent AZ/AZStd contract or remove a proven dead dependency.,See CryCommonMigrationValidation.md and category tests.,accept,pending frozen-SHA signoff,pending frozen-SHA signoff
Gems/LyShine/Code/Source/UiImageComponent.cpp#4,consumers,Gems/LyShine/Code/Source/UiImageComponent.cpp,197,1,206,1,Use an equivalent AZ/AZStd contract or remove a proven dead dependency.,See CryCommonMigrationValidation.md and category tests.,accept,pending frozen-SHA signoff,pending frozen-SHA signoff
Gems/LyShine/Code/Source/UiImageComponent.cpp#5,consumers,Gems/LyShine/Code/Source/UiImageComponent.cpp,199,1,208,1,Use an equivalent AZ/AZStd contract or remove a proven dead dependency.,See CryCommonMigrationValidation.md and category tests.,accept,pending frozen-SHA signoff,pending frozen-SHA signoff
Gems/LyShine/Code/Source/UiImageComponent.cpp#6,consumers,Gems/LyShine/Code/Source/UiImageComponent.cpp,206,6,214,0,Use an equivalent AZ/AZStd contract or remove a proven dead dependency.,See CryCommonMigrationValidation.md and category tests.,accept,pending frozen-SHA signoff,pending frozen-SHA signoff
Gems/LyShine/Code/Source/UiImageComponent.cpp#7,consumers,Gems/LyShine/Code/Source/UiImageComponent.cpp,395,1,398,1,Use an equivalent AZ/AZStd contract or remove a proven dead dependency.,See CryCommonMigrationValidation.md and category tests.,accept,pending frozen-SHA signoff,pending frozen-SHA signoff
Gems/LyShine/Code/Source/UiImageComponent.cpp#8,consumers,Gems/LyShine/Code/Source/UiImageComponent.cpp,1249,1,1252,1,Use an equivalent AZ/AZStd contract or remove a proven dead dependency.,See CryCommonMigrationValidation.md and category tests.,accept,pending frozen-SHA signoff,pending frozen-SHA signoff
Gems/LyShine/Code/Source/UiImageComponent.cpp#9,consumers,Gems/LyShine/Code/Source/UiImageComponent.cpp,1585,2,1588,6,Use an equivalent AZ/AZStd contract or remove a proven dead dependency.,See CryCommonMigrationValidation.md and category tests.,accept,pending frozen-SHA signoff,pending frozen-SHA signoff
Gems/LyShine/Code/Source/UiImageComponent.cpp#10,consumers,Gems/LyShine/Code/Source/UiImageComponent.cpp,1588,2,1595,6,Use an equivalent AZ/AZStd contract or remove a proven dead dependency.,See CryCommonMigrationValidation.md and category tests.,accept,pending frozen-SHA signoff,pending frozen-SHA signoff
Gems/LyShine/Code/Source/UiImageComponent.cpp#11,consumers,Gems/LyShine/Code/Source/UiImageComponent.cpp,1657,2,1668,6,Use an equivalent AZ/AZStd contract or remove a proven dead dependency.,See CryCommonMigrationValidation.md and category tests.,accept,pending frozen-SHA signoff,pending frozen-SHA signoff
Gems/LyShine/Code/Source/UiImageComponent.cpp#12,consumers,Gems/LyShine/Code/Source/UiImageComponent.cpp,1662,2,1677,2,Use an equivalent AZ/AZStd contract or remove a proven dead dependency.,See CryCommonMigrationValidation.md and category tests.,accept,pending frozen-SHA signoff,pending frozen-SHA signoff
Gems/LyShine/Code/Source/UiImageComponent.cpp#13,consumers,Gems/LyShine/Code/Source/UiImageComponent.cpp,1672,2,1687,6,Use an equivalent AZ/AZStd contract or remove a proven dead dependency.,See CryCommonMigrationValidation.md and category tests.,accept,pending frozen-SHA signoff,pending frozen-SHA signoff
Gems/LyShine/Code/Source/UiImageComponent.cpp#14,consumers,Gems/LyShine/Code/Source/UiImageComponent.cpp,1723,2,1742,6,Use an equivalent AZ/AZStd contract or remove a proven dead dependency.,See CryCommonMigrationValidation.md and category tests.,accept,pending frozen-SHA signoff,pending frozen-SHA signoff
Gems/LyShine/Code/Source/UiImageComponent.cpp#15,consumers,Gems/LyShine/Code/Source/UiImageComponent.cpp,1787,2,1810,6,Use an equivalent AZ/AZStd contract or remove a proven dead dependency.,See CryCommonMigrationValidation.md and category tests.,accept,pending frozen-SHA signoff,pending frozen-SHA signoff
Gems/LyShine/Code/Source/UiImageComponent.cpp#16,consumers,Gems/LyShine/Code/Source/UiImageComponent.cpp,2045,4,2072,6,Use an equivalent AZ/AZStd contract or remove a proven dead dependency.,See CryCommonMigrationValidation.md and category tests.,accept,pending frozen-SHA signoff,pending frozen-SHA signoff
Gems/LyShine/Code/Source/UiImageComponent.cpp#17,consumers,Gems/LyShine/Code/Source/UiImageComponent.cpp,2064,1,2093,1,Use an equivalent AZ/AZStd contract or remove a proven dead dependency.,See CryCommonMigrationValidation.md and category tests.,accept,pending frozen-SHA signoff,pending frozen-SHA signoff
Gems/LyShine/Code/Source/UiImageComponent.cpp#18,consumers,Gems/LyShine/Code/Source/UiImageComponent.cpp,2066,1,2095,1,Use an equivalent AZ/AZStd contract or remove a proven dead dependency.,See CryCommonMigrationValidation.md and category tests.,accept,pending frozen-SHA signoff,pending frozen-SHA signoff
Gems/LyShine/Code/Source/UiImageComponent.cpp#19,consumers,Gems/LyShine/Code/Source/UiImageComponent.cpp,2070,1,2099,1,Use an equivalent AZ/AZStd contract or remove a proven dead dependency.,See CryCommonMigrationValidation.md and category tests.,accept,pending frozen-SHA signoff,pending frozen-SHA signoff
Gems/LyShine/Code/Source/UiImageComponent.cpp#20,consumers,Gems/LyShine/Code/Source/UiImageComponent.cpp,2155,1,2184,1,Use an equivalent AZ/AZStd contract or remove a proven dead dependency.,See CryCommonMigrationValidation.md and category tests.,accept,pending frozen-SHA signoff,pending frozen-SHA signoff
Gems/LyShine/Code/Source/UiImageComponent.cpp#21,consumers,Gems/LyShine/Code/Source/UiImageComponent.cpp,2158,1,2187,1,Use an equivalent AZ/AZStd contract or remove a proven dead dependency.,See CryCommonMigrationValidation.md and category tests.,accept,pending frozen-SHA signoff,pending frozen-SHA signoff
Gems/LyShine/Code/Source/UiImageComponent.cpp#22,consumers,Gems/LyShine/Code/Source/UiImageComponent.cpp,2161,1,2190,1,Use an equivalent AZ/AZStd contract or remove a proven dead dependency.,See CryCommonMigrationValidation.md and category tests.,accept,pending frozen-SHA signoff,pending frozen-SHA signoff
Gems/LyShine/Code/Source/UiImageComponent.cpp#23,consumers,Gems/LyShine/Code/Source/UiImageComponent.cpp,2174,1,2203,1,Use an equivalent AZ/AZStd contract or remove a proven dead dependency.,See CryCommonMigrationValidation.md and category tests.,accept,pending frozen-SHA signoff,pending frozen-SHA signoff
Gems/LyShine/Code/Source/UiImageComponent.cpp#24,consumers,Gems/LyShine/Code/Source/UiImageComponent.cpp,2189,1,2218,1,Use an equivalent AZ/AZStd contract or remove a proven dead dependency.,See CryCommonMigrationValidation.md and category tests.,accept,pending frozen-SHA signoff,pending frozen-SHA signoff
Gems/LyShine/Code/Source/UiImageComponent.cpp#25,consumers,Gems/LyShine/Code/Source/UiImageComponent.cpp,2191,1,2220,1,Use an equivalent AZ/AZStd contract or remove a proven dead dependency.,See CryCommonMigrationValidation.md and category tests.,accept,pending frozen-SHA signoff,pending frozen-SHA signoff
Gems/LyShine/Code/Source/UiImageComponent.cpp#26,consumers,Gems/LyShine/Code/Source/UiImageComponent.cpp,2199,5,2228,5,Use an equivalent AZ/AZStd contract or remove a proven dead dependency.,See CryCommonMigrationValidation.md and category tests.,accept,pending frozen-SHA signoff,pending frozen-SHA signoff
Gems/LyShine/Code/Source/UiImageComponent.cpp#27,consumers,Gems/LyShine/Code/Source/UiImageComponent.cpp,2206,2,2235,2,Use an equivalent AZ/AZStd contract or remove a proven dead dependency.,See CryCommonMigrationValidation.md and category tests.,accept,pending frozen-SHA signoff,pending frozen-SHA signoff
Gems/LyShine/Code/Source/UiImageComponent.cpp#28,consumers,Gems/LyShine/Code/Source/UiImageComponent.cpp,2214,1,2243,1,Use an equivalent AZ/AZStd contract or remove a proven dead dependency.,See CryCommonMigrationValidation.md and category tests.,accept,pending frozen-SHA signoff,pending frozen-SHA signoff
Gems/LyShine/Code/Source/UiImageComponent.cpp#29,consumers,Gems/LyShine/Code/Source/UiImageComponent.cpp,2216,2,2245,4,Use an equivalent AZ/AZStd contract or remove a proven dead dependency.,See CryCommonMigrationValidation.md and category tests.,accept,pending frozen-SHA signoff,pending frozen-SHA signoff
Gems/LyShine/Code/Source/UiImageComponent.cpp#30,consumers,Gems/LyShine/Code/Source/UiImageComponent.cpp,2231,1,2262,1,Use an equivalent AZ/AZStd contract or remove a proven dead dependency.,See CryCommonMigrationValidation.md and category tests.,accept,pending frozen-SHA signoff,pending frozen-SHA signoff
Gems/LyShine/Code/Source/UiImageComponent.cpp#31,consumers,Gems/LyShine/Code/Source/UiImageComponent.cpp,2233,2,2264,4,Use an equivalent AZ/AZStd contract or remove a proven dead dependency.,See CryCommonMigrationValidation.md and category tests.,accept,pending frozen-SHA signoff,pending frozen-SHA signoff
Gems/LyShine/Code/Source/UiImageComponent.h#1,consumers,Gems/LyShine/Code/Source/UiImageComponent.h,207,1,207,1,Use an equivalent AZ/AZStd contract or remove a proven dead dependency.,See CryCommonMigrationValidation.md and category tests.,accept,pending frozen-SHA signoff,pending frozen-SHA signoff
Gems/LyShine/Code/Source/UiImageSequenceComponent.cpp#1,consumers,Gems/LyShine/Code/Source/UiImageSequenceComponent.cpp,30,1,30,1,Use an equivalent AZ/AZStd contract or remove a proven dead dependency.,See CryCommonMigrationValidation.md and category tests.,accept,pending frozen-SHA signoff,pending frozen-SHA signoff
Gems/LyShine/Code/Source/UiImageSequenceComponent.cpp#2,consumers,Gems/LyShine/Code/Source/UiImageSequenceComponent.cpp,32,1,32,1,Use an equivalent AZ/AZStd contract or remove a proven dead dependency.,See CryCommonMigrationValidation.md and category tests.,accept,pending frozen-SHA signoff,pending frozen-SHA signoff
Gems/LyShine/Code/Source/UiImageSequenceComponent.cpp#3,consumers,Gems/LyShine/Code/Source/UiImageSequenceComponent.cpp,34,1,34,1,Use an equivalent AZ/AZStd contract or remove a proven dead dependency.,See CryCommonMigrationValidation.md and category tests.,accept,pending frozen-SHA signoff,pending frozen-SHA signoff
Gems/LyShine/Code/Source/UiImageSequenceComponent.cpp#4,consumers,Gems/LyShine/Code/Source/UiImageSequenceComponent.cpp,41,6,40,0,Use an equivalent AZ/AZStd contract or remove a proven dead dependency.,See CryCommonMigrationValidation.md and category tests.,accept,pending frozen-SHA signoff,pending frozen-SHA signoff
Gems/LyShine/Code/Source/UiInteractableState.cpp#1,consumers,Gems/LyShine/Code/Source/UiInteractableState.cpp,10,0,11,2,Use an equivalent AZ/AZStd contract or remove a proven dead dependency.,See CryCommonMigrationValidation.md and category tests.,accept,pending frozen-SHA signoff,pending frozen-SHA signoff
Gems/LyShine/Code/Source/UiLayoutGridComponent.cpp#1,consumers,Gems/LyShine/Code/Source/UiLayoutGridComponent.cpp,90,1,90,1,Use an equivalent AZ/AZStd contract or remove a proven dead dependency.,See CryCommonMigrationValidation.md and category tests.,accept,pending frozen-SHA signoff,pending frozen-SHA signoff
Gems/LyShine/Code/Source/UiLayoutGridComponent.cpp#2,consumers,Gems/LyShine/Code/Source/UiLayoutGridComponent.cpp,94,1,94,1,Use an equivalent AZ/AZStd contract or remove a proven dead dependency.,See CryCommonMigrationValidation.md and category tests.,accept,pending frozen-SHA signoff,pending frozen-SHA signoff
Gems/LyShine/Code/Source/UiLayoutGridComponent.cpp#3,consumers,Gems/LyShine/Code/Source/UiLayoutGridComponent.cpp,634,1,634,1,Use an equivalent AZ/AZStd contract or remove a proven dead dependency.,See CryCommonMigrationValidation.md and category tests.,accept,pending frozen-SHA signoff,pending frozen-SHA signoff
Gems/LyShine/Code/Source/UiLayoutGridComponent.cpp#4,consumers,Gems/LyShine/Code/Source/UiLayoutGridComponent.cpp,636,1,636,1,Use an equivalent AZ/AZStd contract or remove a proven dead dependency.,See CryCommonMigrationValidation.md and category tests.,accept,pending frozen-SHA signoff,pending frozen-SHA signoff
Gems/LyShine/Code/Source/UiLayoutGridComponent.cpp#5,consumers,Gems/LyShine/Code/Source/UiLayoutGridComponent.cpp,640,1,640,1,Use an equivalent AZ/AZStd contract or remove a proven dead dependency.,See CryCommonMigrationValidation.md and category tests.,accept,pending frozen-SHA signoff,pending frozen-SHA signoff
Gems/LyShine/Code/Source/UiLayoutGridComponent.cpp#6,consumers,Gems/LyShine/Code/Source/UiLayoutGridComponent.cpp,642,1,642,1,Use an equivalent AZ/AZStd contract or remove a proven dead dependency.,See CryCommonMigrationValidation.md and category tests.,accept,pending frozen-SHA signoff,pending frozen-SHA signoff
Gems/LyShine/Code/Source/UiLayoutGridComponent.cpp#7,consumers,Gems/LyShine/Code/Source/UiLayoutGridComponent.cpp,684,1,684,1,Use an equivalent AZ/AZStd contract or remove a proven dead dependency.,See CryCommonMigrationValidation.md and category tests.,accept,pending frozen-SHA signoff,pending frozen-SHA signoff
Gems/LyShine/Code/Source/UiMaskComponent.cpp#1,consumers,Gems/LyShine/Code/Source/UiMaskComponent.cpp,661,1,661,1,Use an equivalent AZ/AZStd contract or remove a proven dead dependency.,See CryCommonMigrationValidation.md and category tests.,accept,pending frozen-SHA signoff,pending frozen-SHA signoff
Gems/LyShine/Code/Source/UiMaskComponent.cpp#2,consumers,Gems/LyShine/Code/Source/UiMaskComponent.cpp,663,1,663,1,Use an equivalent AZ/AZStd contract or remove a proven dead dependency.,See CryCommonMigrationValidation.md and category tests.,accept,pending frozen-SHA signoff,pending frozen-SHA signoff
Gems/LyShine/Code/Source/UiMaskComponent.cpp#3,consumers,Gems/LyShine/Code/Source/UiMaskComponent.cpp,667,1,667,1,Use an equivalent AZ/AZStd contract or remove a proven dead dependency.,See CryCommonMigrationValidation.md and category tests.,accept,pending frozen-SHA signoff,pending frozen-SHA signoff
Gems/LyShine/Code/Source/UiMaskComponent.cpp#4,consumers,Gems/LyShine/Code/Source/UiMaskComponent.cpp,669,1,669,1,Use an equivalent AZ/AZStd contract or remove a proven dead dependency.,See CryCommonMigrationValidation.md and category tests.,accept,pending frozen-SHA signoff,pending frozen-SHA signoff
Gems/LyShine/Code/Source/UiNavigationHelpers.cpp#1,consumers,Gems/LyShine/Code/Source/UiNavigationHelpers.cpp,211,2,211,2,Use an equivalent AZ/AZStd contract or remove a proven dead dependency.,See CryCommonMigrationValidation.md and category tests.,accept,pending frozen-SHA signoff,pending frozen-SHA signoff
Gems/LyShine/Code/Source/UiNavigationHelpers.cpp#2,consumers,Gems/LyShine/Code/Source/UiNavigationHelpers.cpp,216,1,216,1,Use an equivalent AZ/AZStd contract or remove a proven dead dependency.,See CryCommonMigrationValidation.md and category tests.,accept,pending frozen-SHA signoff,pending frozen-SHA signoff
Gems/LyShine/Code/Source/UiNavigationHelpers.cpp#3,consumers,Gems/LyShine/Code/Source/UiNavigationHelpers.cpp,234,2,234,2,Use an equivalent AZ/AZStd contract or remove a proven dead dependency.,See CryCommonMigrationValidation.md and category tests.,accept,pending frozen-SHA signoff,pending frozen-SHA signoff
Gems/LyShine/Code/Source/UiNavigationHelpers.cpp#4,consumers,Gems/LyShine/Code/Source/UiNavigationHelpers.cpp,239,1,239,1,Use an equivalent AZ/AZStd contract or remove a proven dead dependency.,See CryCommonMigrationValidation.md and category tests.,accept,pending frozen-SHA signoff,pending frozen-SHA signoff
Gems/LyShine/Code/Source/UiNavigationHelpers.cpp#5,consumers,Gems/LyShine/Code/Source/UiNavigationHelpers.cpp,303,1,303,1,Use an equivalent AZ/AZStd contract or remove a proven dead dependency.,See CryCommonMigrationValidation.md and category tests.,accept,pending frozen-SHA signoff,pending frozen-SHA signoff
Gems/LyShine/Code/Source/UiParticleEmitterComponent.cpp#1,consumers,Gems/LyShine/Code/Source/UiParticleEmitterComponent.cpp,1747,1,1747,1,Use an equivalent AZ/AZStd contract or remove a proven dead dependency.,See CryCommonMigrationValidation.md and category tests.,accept,pending frozen-SHA signoff,pending frozen-SHA signoff
Gems/LyShine/Code/Source/UiParticleEmitterComponent.cpp#2,consumers,Gems/LyShine/Code/Source/UiParticleEmitterComponent.cpp,1786,1,1786,1,Use an equivalent AZ/AZStd contract or remove a proven dead dependency.,See CryCommonMigrationValidation.md and category tests.,accept,pending frozen-SHA signoff,pending frozen-SHA signoff
Gems/LyShine/Code/Source/UiScrollBoxComponent.cpp#1,consumers,Gems/LyShine/Code/Source/UiScrollBoxComponent.cpp,2669,1,2669,1,Use an equivalent AZ/AZStd contract or remove a proven dead dependency.,See CryCommonMigrationValidation.md and category tests.,accept,pending frozen-SHA signoff,pending frozen-SHA signoff
Gems/LyShine/Code/Source/UiSerialize.cpp#1,serialization,Gems/LyShine/Code/Source/UiSerialize.cpp,10,1,10,1,"Preserve reflected ids, legacy conversion behavior, and semantic asset values.",See CryCommonMigrationValidation.md and category tests.,accept,pending frozen-SHA signoff,pending frozen-SHA signoff
Gems/LyShine/Code/Source/UiSerialize.cpp#2,serialization,Gems/LyShine/Code/Source/UiSerialize.cpp,11,0,12,1,"Preserve reflected ids, legacy conversion behavior, and semantic asset values.",See CryCommonMigrationValidation.md and category tests.,accept,pending frozen-SHA signoff,pending frozen-SHA signoff
Gems/LyShine/Code/Source/UiSerialize.cpp#3,serialization,Gems/LyShine/Code/Source/UiSerialize.cpp,13,1,13,0,"Preserve reflected ids, legacy conversion behavior, and semantic asset values.",See CryCommonMigrationValidation.md and category tests.,accept,pending frozen-SHA signoff,pending frozen-SHA signoff
Gems/LyShine/Code/Source/UiSerialize.cpp#4,serialization,Gems/LyShine/Code/Source/UiSerialize.cpp,16,1,15,0,"Preserve reflected ids, legacy conversion behavior, and semantic asset values.",See CryCommonMigrationValidation.md and category tests.,accept,pending frozen-SHA signoff,pending frozen-SHA signoff
Gems/LyShine/Code/Source/UiSerialize.cpp#5,serialization,Gems/LyShine/Code/Source/UiSerialize.cpp,17,0,17,1,"Preserve reflected ids, legacy conversion behavior, and semantic asset values.",See CryCommonMigrationValidation.md and category tests.,accept,pending frozen-SHA signoff,pending frozen-SHA signoff
Gems/LyShine/Code/Source/UiSerialize.cpp#6,serialization,Gems/LyShine/Code/Source/UiSerialize.cpp,20,4,19,0,"Preserve reflected ids, legacy conversion behavior, and semantic asset values.",See CryCommonMigrationValidation.md and category tests.,accept,pending frozen-SHA signoff,pending frozen-SHA signoff
Gems/LyShine/Code/Source/UiSerialize.cpp#7,serialization,Gems/LyShine/Code/Source/UiSerialize.cpp,25,0,22,1,"Preserve reflected ids, legacy conversion behavior, and semantic asset values.",See CryCommonMigrationValidation.md and category tests.,accept,pending frozen-SHA signoff,pending frozen-SHA signoff
Gems/LyShine/Code/Source/UiSerialize.cpp#8,serialization,Gems/LyShine/Code/Source/UiSerialize.cpp,26,0,24,3,"Preserve reflected ids, legacy conversion behavior, and semantic asset values.",See CryCommonMigrationValidation.md and category tests.,accept,pending frozen-SHA signoff,pending frozen-SHA signoff
Gems/LyShine/Code/Source/UiSerialize.cpp#9,serialization,Gems/LyShine/Code/Source/UiSerialize.cpp,45,8,44,0,"Preserve reflected ids, legacy conversion behavior, and semantic asset values.",See CryCommonMigrationValidation.md and category tests.,accept,pending frozen-SHA signoff,pending frozen-SHA signoff
Gems/LyShine/Code/Source/UiSerialize.cpp#10,serialization,Gems/LyShine/Code/Source/UiSerialize.cpp,54,9,46,1,"Preserve reflected ids, legacy conversion behavior, and semantic asset values.",See CryCommonMigrationValidation.md and category tests.,accept,pending frozen-SHA signoff,pending frozen-SHA signoff
Gems/LyShine/Code/Source/UiSerialize.cpp#11,serialization,Gems/LyShine/Code/Source/UiSerialize.cpp,64,1,48,3,"Preserve reflected ids, legacy conversion behavior, and semantic asset values.",See CryCommonMigrationValidation.md and category tests.,accept,pending frozen-SHA signoff,pending frozen-SHA signoff
Gems/LyShine/Code/Source/UiSerialize.cpp#12,serialization,Gems/LyShine/Code/Source/UiSerialize.cpp,66,1,52,17,"Preserve reflected ids, legacy conversion behavior, and semantic asset values.",See CryCommonMigrationValidation.md and category tests.,accept,pending frozen-SHA signoff,pending frozen-SHA signoff
Gems/LyShine/Code/Source/UiSerialize.cpp#13,serialization,Gems/LyShine/Code/Source/UiSerialize.cpp,68,2,70,1,"Preserve reflected ids, legacy conversion behavior, and semantic asset values.",See CryCommonMigrationValidation.md and category tests.,accept,pending frozen-SHA signoff,pending frozen-SHA signoff
Gems/LyShine/Code/Source/UiSerialize.cpp#14,serialization,Gems/LyShine/Code/Source/UiSerialize.cpp,72,4,73,5,"Preserve reflected ids, legacy conversion behavior, and semantic asset values.",See CryCommonMigrationValidation.md and category tests.,accept,pending frozen-SHA signoff,pending frozen-SHA signoff
Gems/LyShine/Code/Source/UiSerialize.cpp#15,serialization,Gems/LyShine/Code/Source/UiSerialize.cpp,90,8,91,0,"Preserve reflected ids, legacy conversion behavior, and semantic asset values.",See CryCommonMigrationValidation.md and category tests.,accept,pending frozen-SHA signoff,pending frozen-SHA signoff
Gems/LyShine/Code/Source/UiSerialize.cpp#16,serialization,Gems/LyShine/Code/Source/UiSerialize.cpp,99,9,93,1,"Preserve reflected ids, legacy conversion behavior, and semantic asset values.",See CryCommonMigrationValidation.md and category tests.,accept,pending frozen-SHA signoff,pending frozen-SHA signoff
Gems/LyShine/Code/Source/UiSerialize.cpp#17,serialization,Gems/LyShine/Code/Source/UiSerialize.cpp,109,1,95,3,"Preserve reflected ids, legacy conversion behavior, and semantic asset values.",See CryCommonMigrationValidation.md and category tests.,accept,pending frozen-SHA signoff,pending frozen-SHA signoff
Gems/LyShine/Code/Source/UiSerialize.cpp#18,serialization,Gems/LyShine/Code/Source/UiSerialize.cpp,111,1,99,17,"Preserve reflected ids, legacy conversion behavior, and semantic asset values.",See CryCommonMigrationValidation.md and category tests.,accept,pending frozen-SHA signoff,pending frozen-SHA signoff
Gems/LyShine/Code/Source/UiSerialize.cpp#19,serialization,Gems/LyShine/Code/Source/UiSerialize.cpp,113,2,117,1,"Preserve reflected ids, legacy conversion behavior, and semantic asset values.",See CryCommonMigrationValidation.md and category tests.,accept,pending frozen-SHA signoff,pending frozen-SHA signoff
Gems/LyShine/Code/Source/UiSerialize.cpp#20,serialization,Gems/LyShine/Code/Source/UiSerialize.cpp,117,4,120,5,"Preserve reflected ids, legacy conversion behavior, and semantic asset values.",See CryCommonMigrationValidation.md and category tests.,accept,pending frozen-SHA signoff,pending frozen-SHA signoff
Gems/LyShine/Code/Source/UiSerialize.cpp#21,serialization,Gems/LyShine/Code/Source/UiSerialize.cpp,316,1,319,0,"Preserve reflected ids, legacy conversion behavior, and semantic asset values.",See CryCommonMigrationValidation.md and category tests.,accept,pending frozen-SHA signoff,pending frozen-SHA signoff
Gems/LyShine/Code/Source/UiSerialize.cpp#22,serialization,Gems/LyShine/Code/Source/UiSerialize.cpp,322,21,324,0,"Preserve reflected ids, legacy conversion behavior, and semantic asset values.",See CryCommonMigrationValidation.md and category tests.,accept,pending frozen-SHA signoff,pending frozen-SHA signoff
Gems/LyShine/Code/Source/UiSerialize.cpp#23,serialization,Gems/LyShine/Code/Source/UiSerialize.cpp,347,5,329,5,"Preserve reflected ids, legacy conversion behavior, and semantic asset values.",See CryCommonMigrationValidation.md and category tests.,accept,pending frozen-SHA signoff,pending frozen-SHA signoff
Gems/LyShine/Code/Source/UiSerialize.cpp#24,serialization,Gems/LyShine/Code/Source/UiSerialize.cpp,401,5,383,5,"Preserve reflected ids, legacy conversion behavior, and semantic asset values.",See CryCommonMigrationValidation.md and category tests.,accept,pending frozen-SHA signoff,pending frozen-SHA signoff
Gems/LyShine/Code/Source/UiSerialize.cpp#25,serialization,Gems/LyShine/Code/Source/UiSerialize.cpp,431,5,413,5,"Preserve reflected ids, legacy conversion behavior, and semantic asset values.",See CryCommonMigrationValidation.md and category tests.,accept,pending frozen-SHA signoff,pending frozen-SHA signoff
Gems/LyShine/Code/Source/UiSerialize.cpp#26,serialization,Gems/LyShine/Code/Source/UiSerialize.cpp,480,3,462,1,"Preserve reflected ids, legacy conversion behavior, and semantic asset values.",See CryCommonMigrationValidation.md and category tests.,accept,pending frozen-SHA signoff,pending frozen-SHA signoff
Gems/LyShine/Code/Source/UiSerialize.cpp#27,serialization,Gems/LyShine/Code/Source/UiSerialize.cpp,489,1,469,3,"Preserve reflected ids, legacy conversion behavior, and semantic asset values.",See CryCommonMigrationValidation.md and category tests.,accept,pending frozen-SHA signoff,pending frozen-SHA signoff
Gems/LyShine/Code/Source/UiSerialize.cpp#28,serialization,Gems/LyShine/Code/Source/UiSerialize.cpp,491,3,472,0,"Preserve reflected ids, legacy conversion behavior, and semantic asset values.",See CryCommonMigrationValidation.md and category tests.,accept,pending frozen-SHA signoff,pending frozen-SHA signoff
Gems/LyShine/Code/Source/UiSerialize.cpp#29,serialization,Gems/LyShine/Code/Source/UiSerialize.cpp,495,10,474,13,"Preserve reflected ids, legacy conversion behavior, and semantic asset values.",See CryCommonMigrationValidation.md and category tests.,accept,pending frozen-SHA signoff,pending frozen-SHA signoff
Gems/LyShine/Code/Source/UiSerialize.cpp#30,serialization,Gems/LyShine/Code/Source/UiSerialize.cpp,544,1,526,1,"Preserve reflected ids, legacy conversion behavior, and semantic asset values.",See CryCommonMigrationValidation.md and category tests.,accept,pending frozen-SHA signoff,pending frozen-SHA signoff
Gems/LyShine/Code/Source/UiSerialize.cpp#31,serialization,Gems/LyShine/Code/Source/UiSerialize.cpp,620,1,602,1,"Preserve reflected ids, legacy conversion behavior, and semantic asset values.",See CryCommonMigrationValidation.md and category tests.,accept,pending frozen-SHA signoff,pending frozen-SHA signoff
Gems/LyShine/Code/Source/UiStateActionManager.cpp#1,consumers,Gems/LyShine/Code/Source/UiStateActionManager.cpp,10,0,11,2,Use an equivalent AZ/AZStd contract or remove a proven dead dependency.,See CryCommonMigrationValidation.md and category tests.,accept,pending frozen-SHA signoff,pending frozen-SHA signoff
Gems/LyShine/Code/Source/UiTextComponent.cpp#1,consumers,Gems/LyShine/Code/Source/UiTextComponent.cpp,31,1,30,0,Use an equivalent AZ/AZStd contract or remove a proven dead dependency.,See CryCommonMigrationValidation.md and category tests.,accept,pending frozen-SHA signoff,pending frozen-SHA signoff
Gems/LyShine/Code/Source/UiTextComponent.cpp#2,consumers,Gems/LyShine/Code/Source/UiTextComponent.cpp,639,1,638,1,Use an equivalent AZ/AZStd contract or remove a proven dead dependency.,See CryCommonMigrationValidation.md and category tests.,accept,pending frozen-SHA signoff,pending frozen-SHA signoff
Gems/LyShine/Code/Source/UiTextComponent.cpp#3,consumers,Gems/LyShine/Code/Source/UiTextComponent.cpp,643,1,642,1,Use an equivalent AZ/AZStd contract or remove a proven dead dependency.,See CryCommonMigrationValidation.md and category tests.,accept,pending frozen-SHA signoff,pending frozen-SHA signoff
Gems/LyShine/Code/Source/UiTextComponent.cpp#4,consumers,Gems/LyShine/Code/Source/UiTextComponent.cpp,863,1,862,1,Use an equivalent AZ/AZStd contract or remove a proven dead dependency.,See CryCommonMigrationValidation.md and category tests.,accept,pending frozen-SHA signoff,pending frozen-SHA signoff
Gems/LyShine/Code/Source/UiTextComponent.cpp#5,consumers,Gems/LyShine/Code/Source/UiTextComponent.cpp,1219,2,1218,2,Use an equivalent AZ/AZStd contract or remove a proven dead dependency.,See CryCommonMigrationValidation.md and category tests.,accept,pending frozen-SHA signoff,pending frozen-SHA signoff
Gems/LyShine/Code/Source/UiTextComponent.cpp#6,consumers,Gems/LyShine/Code/Source/UiTextComponent.cpp,1316,1,1315,1,Use an equivalent AZ/AZStd contract or remove a proven dead dependency.,See CryCommonMigrationValidation.md and category tests.,accept,pending frozen-SHA signoff,pending frozen-SHA signoff
Gems/LyShine/Code/Source/UiTextComponent.cpp#7,consumers,Gems/LyShine/Code/Source/UiTextComponent.cpp,1327,1,1326,1,Use an equivalent AZ/AZStd contract or remove a proven dead dependency.,See CryCommonMigrationValidation.md and category tests.,accept,pending frozen-SHA signoff,pending frozen-SHA signoff
Gems/LyShine/Code/Source/UiTextComponent.cpp#8,consumers,Gems/LyShine/Code/Source/UiTextComponent.cpp,1335,1,1334,1,Use an equivalent AZ/AZStd contract or remove a proven dead dependency.,See CryCommonMigrationValidation.md and category tests.,accept,pending frozen-SHA signoff,pending frozen-SHA signoff
Gems/LyShine/Code/Source/UiTextComponent.cpp#9,consumers,Gems/LyShine/Code/Source/UiTextComponent.cpp,2294,2,2293,2,Use an equivalent AZ/AZStd contract or remove a proven dead dependency.,See CryCommonMigrationValidation.md and category tests.,accept,pending frozen-SHA signoff,pending frozen-SHA signoff
Gems/LyShine/Code/Source/UiTextComponent.cpp#10,consumers,Gems/LyShine/Code/Source/UiTextComponent.cpp,2315,1,2314,1,Use an equivalent AZ/AZStd contract or remove a proven dead dependency.,See CryCommonMigrationValidation.md and category tests.,accept,pending frozen-SHA signoff,pending frozen-SHA signoff
Gems/LyShine/Code/Source/UiTextComponent.cpp#11,consumers,Gems/LyShine/Code/Source/UiTextComponent.cpp,2696,2,2695,2,Use an equivalent AZ/AZStd contract or remove a proven dead dependency.,See CryCommonMigrationValidation.md and category tests.,accept,pending frozen-SHA signoff,pending frozen-SHA signoff
Gems/LyShine/Code/Source/UiTextComponent.cpp#12,consumers,Gems/LyShine/Code/Source/UiTextComponent.cpp,3593,1,3592,1,Use an equivalent AZ/AZStd contract or remove a proven dead dependency.,See CryCommonMigrationValidation.md and category tests.,accept,pending frozen-SHA signoff,pending frozen-SHA signoff
Gems/LyShine/Code/Source/UiTextComponent.cpp#13,consumers,Gems/LyShine/Code/Source/UiTextComponent.cpp,3611,3,3610,3,Use an equivalent AZ/AZStd contract or remove a proven dead dependency.,See CryCommonMigrationValidation.md and category tests.,accept,pending frozen-SHA signoff,pending frozen-SHA signoff
Gems/LyShine/Code/Source/UiTextComponent.cpp#14,consumers,Gems/LyShine/Code/Source/UiTextComponent.cpp,3625,1,3624,1,Use an equivalent AZ/AZStd contract or remove a proven dead dependency.,See CryCommonMigrationValidation.md and category tests.,accept,pending frozen-SHA signoff,pending frozen-SHA signoff
Gems/LyShine/Code/Source/UiTextComponent.cpp#15,consumers,Gems/LyShine/Code/Source/UiTextComponent.cpp,3631,1,3630,1,Use an equivalent AZ/AZStd contract or remove a proven dead dependency.,See CryCommonMigrationValidation.md and category tests.,accept,pending frozen-SHA signoff,pending frozen-SHA signoff
Gems/LyShine/Code/Source/UiTextComponent.cpp#16,consumers,Gems/LyShine/Code/Source/UiTextComponent.cpp,3647,3,3646,3,Use an equivalent AZ/AZStd contract or remove a proven dead dependency.,See CryCommonMigrationValidation.md and category tests.,accept,pending frozen-SHA signoff,pending frozen-SHA signoff
Gems/LyShine/Code/Source/UiTextComponent.cpp#17,consumers,Gems/LyShine/Code/Source/UiTextComponent.cpp,3661,1,3660,1,Use an equivalent AZ/AZStd contract or remove a proven dead dependency.,See CryCommonMigrationValidation.md and category tests.,accept,pending frozen-SHA signoff,pending frozen-SHA signoff
Gems/LyShine/Code/Source/UiTextComponent.cpp#18,consumers,Gems/LyShine/Code/Source/UiTextComponent.cpp,3667,1,3666,1,Use an equivalent AZ/AZStd contract or remove a proven dead dependency.,See CryCommonMigrationValidation.md and category tests.,accept,pending frozen-SHA signoff,pending frozen-SHA signoff
Gems/LyShine/Code/Source/UiTextComponent.cpp#19,consumers,Gems/LyShine/Code/Source/UiTextComponent.cpp,3674,1,3673,1,Use an equivalent AZ/AZStd contract or remove a proven dead dependency.,See CryCommonMigrationValidation.md and category tests.,accept,pending frozen-SHA signoff,pending frozen-SHA signoff
Gems/LyShine/Code/Source/UiTextComponent.cpp#20,consumers,Gems/LyShine/Code/Source/UiTextComponent.cpp,3689,1,3688,1,Use an equivalent AZ/AZStd contract or remove a proven dead dependency.,See CryCommonMigrationValidation.md and category tests.,accept,pending frozen-SHA signoff,pending frozen-SHA signoff
Gems/LyShine/Code/Source/UiTextComponent.cpp#21,consumers,Gems/LyShine/Code/Source/UiTextComponent.cpp,3711,3,3710,3,Use an equivalent AZ/AZStd contract or remove a proven dead dependency.,See CryCommonMigrationValidation.md and category tests.,accept,pending frozen-SHA signoff,pending frozen-SHA signoff
Gems/LyShine/Code/Source/UiTextComponent.cpp#22,consumers,Gems/LyShine/Code/Source/UiTextComponent.cpp,3725,1,3724,1,Use an equivalent AZ/AZStd contract or remove a proven dead dependency.,See CryCommonMigrationValidation.md and category tests.,accept,pending frozen-SHA signoff,pending frozen-SHA signoff
Gems/LyShine/Code/Source/UiTextComponent.cpp#23,consumers,Gems/LyShine/Code/Source/UiTextComponent.cpp,3730,1,3729,1,Use an equivalent AZ/AZStd contract or remove a proven dead dependency.,See CryCommonMigrationValidation.md and category tests.,accept,pending frozen-SHA signoff,pending frozen-SHA signoff
Gems/LyShine/Code/Source/UiTextComponent.cpp#24,consumers,Gems/LyShine/Code/Source/UiTextComponent.cpp,4082,2,4081,2,Use an equivalent AZ/AZStd contract or remove a proven dead dependency.,See CryCommonMigrationValidation.md and category tests.,accept,pending frozen-SHA signoff,pending frozen-SHA signoff
Gems/LyShine/Code/Source/UiTextComponent.cpp#25,consumers,Gems/LyShine/Code/Source/UiTextComponent.cpp,4189,1,4188,2,Use an equivalent AZ/AZStd contract or remove a proven dead dependency.,See CryCommonMigrationValidation.md and category tests.,accept,pending frozen-SHA signoff,pending frozen-SHA signoff
Gems/LyShine/Code/Source/UiTextComponent.cpp#26,consumers,Gems/LyShine/Code/Source/UiTextComponent.cpp,4191,1,4191,1,Use an equivalent AZ/AZStd contract or remove a proven dead dependency.,See CryCommonMigrationValidation.md and category tests.,accept,pending frozen-SHA signoff,pending frozen-SHA signoff
Gems/LyShine/Code/Source/UiTextComponent.cpp#27,consumers,Gems/LyShine/Code/Source/UiTextComponent.cpp,4267,2,4267,3,Use an equivalent AZ/AZStd contract or remove a proven dead dependency.,See CryCommonMigrationValidation.md and category tests.,accept,pending frozen-SHA signoff,pending frozen-SHA signoff
Gems/LyShine/Code/Source/UiTextComponent.cpp#28,consumers,Gems/LyShine/Code/Source/UiTextComponent.cpp,4270,1,4271,1,Use an equivalent AZ/AZStd contract or remove a proven dead dependency.,See CryCommonMigrationValidation.md and category tests.,accept,pending frozen-SHA signoff,pending frozen-SHA signoff
Gems/LyShine/Code/Source/UiTextComponent.cpp#29,consumers,Gems/LyShine/Code/Source/UiTextComponent.cpp,4811,1,4812,1,Use an equivalent AZ/AZStd contract or remove a proven dead dependency.,See CryCommonMigrationValidation.md and category tests.,accept,pending frozen-SHA signoff,pending frozen-SHA signoff
Gems/LyShine/Code/Source/UiTextComponent.cpp#30,consumers,Gems/LyShine/Code/Source/UiTextComponent.cpp,4877,1,4878,1,Use an equivalent AZ/AZStd contract or remove a proven dead dependency.,See CryCommonMigrationValidation.md and category tests.,accept,pending frozen-SHA signoff,pending frozen-SHA signoff
Gems/LyShine/Code/Source/UiTextComponent.cpp#31,consumers,Gems/LyShine/Code/Source/UiTextComponent.cpp,4881,1,4882,1,Use an equivalent AZ/AZStd contract or remove a proven dead dependency.,See CryCommonMigrationValidation.md and category tests.,accept,pending frozen-SHA signoff,pending frozen-SHA signoff
Gems/LyShine/Code/Source/UiTextComponent.cpp#32,consumers,Gems/LyShine/Code/Source/UiTextComponent.cpp,5066,1,5067,1,Use an equivalent AZ/AZStd contract or remove a proven dead dependency.,See CryCommonMigrationValidation.md and category tests.,accept,pending frozen-SHA signoff,pending frozen-SHA signoff
Gems/LyShine/Code/Source/UiTextComponentOffsetsSelector.cpp#1,consumers,Gems/LyShine/Code/Source/UiTextComponentOffsetsSelector.cpp,46,1,46,1,Use an equivalent AZ/AZStd contract or remove a proven dead dependency.,See CryCommonMigrationValidation.md and category tests.,accept,pending frozen-SHA signoff,pending frozen-SHA signoff
Gems/LyShine/Code/Source/UiTextComponentOffsetsSelector.cpp#2,consumers,Gems/LyShine/Code/Source/UiTextComponentOffsetsSelector.cpp,65,2,65,2,Use an equivalent AZ/AZStd contract or remove a proven dead dependency.,See CryCommonMigrationValidation.md and category tests.,accept,pending frozen-SHA signoff,pending frozen-SHA signoff
Gems/LyShine/Code/Source/UiTextComponentOffsetsSelector.cpp#3,consumers,Gems/LyShine/Code/Source/UiTextComponentOffsetsSelector.cpp,85,1,85,1,Use an equivalent AZ/AZStd contract or remove a proven dead dependency.,See CryCommonMigrationValidation.md and category tests.,accept,pending frozen-SHA signoff,pending frozen-SHA signoff
Gems/LyShine/Code/Source/UiTextComponentOffsetsSelector.cpp#4,consumers,Gems/LyShine/Code/Source/UiTextComponentOffsetsSelector.cpp,97,1,97,1,Use an equivalent AZ/AZStd contract or remove a proven dead dependency.,See CryCommonMigrationValidation.md and category tests.,accept,pending frozen-SHA signoff,pending frozen-SHA signoff
Gems/LyShine/Code/Source/UiTextComponentOffsetsSelector.h#1,consumers,Gems/LyShine/Code/Source/UiTextComponentOffsetsSelector.h,56,1,56,1,Use an equivalent AZ/AZStd contract or remove a proven dead dependency.,See CryCommonMigrationValidation.md and category tests.,accept,pending frozen-SHA signoff,pending frozen-SHA signoff
Gems/LyShine/Code/Source/UiTextInputComponent.cpp#1,consumers,Gems/LyShine/Code/Source/UiTextInputComponent.cpp,106,2,106,2,Use an equivalent AZ/AZStd contract or remove a proven dead dependency.,See CryCommonMigrationValidation.md and category tests.,accept,pending frozen-SHA signoff,pending frozen-SHA signoff
Gems/LyShine/Code/Source/UiTextInputComponent.cpp#2,consumers,Gems/LyShine/Code/Source/UiTextInputComponent.cpp,117,2,117,2,Use an equivalent AZ/AZStd contract or remove a proven dead dependency.,See CryCommonMigrationValidation.md and category tests.,accept,pending frozen-SHA signoff,pending frozen-SHA signoff
Gems/LyShine/Code/Source/UiTextInputComponent.cpp#3,consumers,Gems/LyShine/Code/Source/UiTextInputComponent.cpp,128,1,128,1,Use an equivalent AZ/AZStd contract or remove a proven dead dependency.,See CryCommonMigrationValidation.md and category tests.,accept,pending frozen-SHA signoff,pending frozen-SHA signoff
Gems/LyShine/Code/Source/UiTextInputComponent.cpp#4,consumers,Gems/LyShine/Code/Source/UiTextInputComponent.cpp,506,1,506,1,Use an equivalent AZ/AZStd contract or remove a proven dead dependency.,See CryCommonMigrationValidation.md and category tests.,accept,pending frozen-SHA signoff,pending frozen-SHA signoff
Gems/LyShine/Code/Source/UiTextInputComponent.cpp#5,consumers,Gems/LyShine/Code/Source/UiTextInputComponent.cpp,510,1,510,1,Use an equivalent AZ/AZStd contract or remove a proven dead dependency.,See CryCommonMigrationValidation.md and category tests.,accept,pending frozen-SHA signoff,pending frozen-SHA signoff
Gems/LyShine/Code/Source/UiTextInputComponent.cpp#6,consumers,Gems/LyShine/Code/Source/UiTextInputComponent.cpp,621,2,621,2,Use an equivalent AZ/AZStd contract or remove a proven dead dependency.,See CryCommonMigrationValidation.md and category tests.,accept,pending frozen-SHA signoff,pending frozen-SHA signoff
Gems/LyShine/Code/Source/UiTextInputComponent.cpp#7,consumers,Gems/LyShine/Code/Source/UiTextInputComponent.cpp,632,2,632,2,Use an equivalent AZ/AZStd contract or remove a proven dead dependency.,See CryCommonMigrationValidation.md and category tests.,accept,pending frozen-SHA signoff,pending frozen-SHA signoff
Gems/LyShine/Code/Source/UiTextInputComponent.cpp#8,consumers,Gems/LyShine/Code/Source/UiTextInputComponent.cpp,653,2,653,2,Use an equivalent AZ/AZStd contract or remove a proven dead dependency.,See CryCommonMigrationValidation.md and category tests.,accept,pending frozen-SHA signoff,pending frozen-SHA signoff
Gems/LyShine/Code/Source/UiTextInputComponent.cpp#9,consumers,Gems/LyShine/Code/Source/UiTextInputComponent.cpp,1578,1,1578,1,Use an equivalent AZ/AZStd contract or remove a proven dead dependency.,See CryCommonMigrationValidation.md and category tests.,accept,pending frozen-SHA signoff,pending frozen-SHA signoff
Gems/LyShine/Code/Source/UiTooltipDisplayComponent.cpp#1,consumers,Gems/LyShine/Code/Source/UiTooltipDisplayComponent.cpp,932,1,932,1,Use an equivalent AZ/AZStd contract or remove a proven dead dependency.,See CryCommonMigrationValidation.md and category tests.,accept,pending frozen-SHA signoff,pending frozen-SHA signoff
Gems/LyShine/Code/Source/UiTransform2dComponent.cpp#1,consumers,Gems/LyShine/Code/Source/UiTransform2dComponent.cpp,50,1,50,1,Use an equivalent AZ/AZStd contract or remove a proven dead dependency.,See CryCommonMigrationValidation.md and category tests.,accept,pending frozen-SHA signoff,pending frozen-SHA signoff
Gems/LyShine/Code/Source/UiTransform2dComponent.cpp#2,consumers,Gems/LyShine/Code/Source/UiTransform2dComponent.cpp,452,1,452,1,Use an equivalent AZ/AZStd contract or remove a proven dead dependency.,See CryCommonMigrationValidation.md and category tests.,accept,pending frozen-SHA signoff,pending frozen-SHA signoff
Gems/LyShine/Code/Source/UiTransform2dComponent.cpp#3,consumers,Gems/LyShine/Code/Source/UiTransform2dComponent.cpp,1941,1,1941,1,Use an equivalent AZ/AZStd contract or remove a proven dead dependency.,See CryCommonMigrationValidation.md and category tests.,accept,pending frozen-SHA signoff,pending frozen-SHA signoff
Gems/LyShine/Code/Source/World/UiCanvasAssetRefComponent.cpp#1,consumers,Gems/LyShine/Code/Source/World/UiCanvasAssetRefComponent.cpp,8,0,9,2,Use an equivalent AZ/AZStd contract or remove a proven dead dependency.,See CryCommonMigrationValidation.md and category tests.,accept,pending frozen-SHA signoff,pending frozen-SHA signoff
Gems/LyShine/Code/Source/World/UiCanvasOnMeshComponent.cpp#1,consumers,Gems/LyShine/Code/Source/World/UiCanvasOnMeshComponent.cpp,36,1,36,1,Use an equivalent AZ/AZStd contract or remove a proven dead dependency.,See CryCommonMigrationValidation.md and category tests.,accept,pending frozen-SHA signoff,pending frozen-SHA signoff
Gems/LyShine/Code/Tests/AnimationTest.cpp#1,consumers,Gems/LyShine/Code/Tests/AnimationTest.cpp,15,0,16,1,Use an equivalent AZ/AZStd contract or remove a proven dead dependency.,See CryCommonMigrationValidation.md and category tests.,accept,pending frozen-SHA signoff,pending frozen-SHA signoff
Gems/LyShine/Code/Tests/AnimationTest.cpp#2,consumers,Gems/LyShine/Code/Tests/AnimationTest.cpp,16,0,18,1,Use an equivalent AZ/AZStd contract or remove a proven dead dependency.,See CryCommonMigrationValidation.md and category tests.,accept,pending frozen-SHA signoff,pending frozen-SHA signoff
Gems/LyShine/Code/Tests/AnimationTest.cpp#3,consumers,Gems/LyShine/Code/Tests/AnimationTest.cpp,138,0,141,7,Use an equivalent AZ/AZStd contract or remove a proven dead dependency.,See CryCommonMigrationValidation.md and category tests.,accept,pending frozen-SHA signoff,pending frozen-SHA signoff
Gems/LyShine/Code/Tests/AnimationTest.cpp#4,consumers,Gems/LyShine/Code/Tests/AnimationTest.cpp,179,0,189,22,Use an equivalent AZ/AZStd contract or remove a proven dead dependency.,See CryCommonMigrationValidation.md and category tests.,accept,pending frozen-SHA signoff,pending frozen-SHA signoff
Gems/LyShine/Code/Tests/SerializationTest.cpp#1,serialization,Gems/LyShine/Code/Tests/SerializationTest.cpp,9,0,10,5,"Preserve reflected ids, legacy conversion behavior, and semantic asset values.",See CryCommonMigrationValidation.md and category tests.,accept,pending frozen-SHA signoff,pending frozen-SHA signoff
Gems/LyShine/Code/Tests/SerializationTest.cpp#2,serialization,Gems/LyShine/Code/Tests/SerializationTest.cpp,11,0,17,14,"Preserve reflected ids, legacy conversion behavior, and semantic asset values.",See CryCommonMigrationValidation.md and category tests.,accept,pending frozen-SHA signoff,pending frozen-SHA signoff
Gems/LyShine/Code/Tests/SerializationTest.cpp#3,serialization,Gems/LyShine/Code/Tests/SerializationTest.cpp,14,2,33,1,"Preserve reflected ids, legacy conversion behavior, and semantic asset values.",See CryCommonMigrationValidation.md and category tests.,accept,pending frozen-SHA signoff,pending frozen-SHA signoff
Gems/LyShine/Code/Tests/SerializationTest.cpp#4,serialization,Gems/LyShine/Code/Tests/SerializationTest.cpp,17,1,35,139,"Preserve reflected ids, legacy conversion behavior, and semantic asset values.",See CryCommonMigrationValidation.md and category tests.,accept,pending frozen-SHA signoff,pending frozen-SHA signoff
Gems/LyShine/Code/Tests/SerializationTest.cpp#5,serialization,Gems/LyShine/Code/Tests/SerializationTest.cpp,18,0,175,161,"Preserve reflected ids, legacy conversion behavior, and semantic asset values.",See CryCommonMigrationValidation.md and category tests.,accept,pending frozen-SHA signoff,pending frozen-SHA signoff
Gems/LyShine/Code/Tests/SerializationTest.cpp#6,serialization,Gems/LyShine/Code/Tests/SerializationTest.cpp,20,0,338,7,"Preserve reflected ids, legacy conversion behavior, and semantic asset values.",See CryCommonMigrationValidation.md and category tests.,accept,pending frozen-SHA signoff,pending frozen-SHA signoff
Gems/LyShine/Code/Tests/SerializationTest.cpp#7,serialization,Gems/LyShine/Code/Tests/SerializationTest.cpp,26,2,350,1,"Preserve reflected ids, legacy conversion behavior, and semantic asset values.",See CryCommonMigrationValidation.md and category tests.,accept,pending frozen-SHA signoff,pending frozen-SHA signoff
Gems/LyShine/Code/Tests/SerializationTest.cpp#8,serialization,Gems/LyShine/Code/Tests/SerializationTest.cpp,35,0,359,82,"Preserve reflected ids, legacy conversion behavior, and semantic asset values.",See CryCommonMigrationValidation.md and category tests.,accept,pending frozen-SHA signoff,pending frozen-SHA signoff
Gems/LyShine/Code/Tests/SerializationTest.cpp#9,serialization,Gems/LyShine/Code/Tests/SerializationTest.cpp,45,0,451,5,"Preserve reflected ids, legacy conversion behavior, and semantic asset values.",See CryCommonMigrationValidation.md and category tests.,accept,pending frozen-SHA signoff,pending frozen-SHA signoff
Gems/LyShine/Code/Tests/SerializationTest.cpp#10,serialization,Gems/LyShine/Code/Tests/SerializationTest.cpp,46,0,457,2,"Preserve reflected ids, legacy conversion behavior, and semantic asset values.",See CryCommonMigrationValidation.md and category tests.,accept,pending frozen-SHA signoff,pending frozen-SHA signoff
Gems/LyShine/Code/Tests/SerializationTest.cpp#11,serialization,Gems/LyShine/Code/Tests/SerializationTest.cpp,73,1,485,290,"Preserve reflected ids, legacy conversion behavior, and semantic asset values.",See CryCommonMigrationValidation.md and category tests.,accept,pending frozen-SHA signoff,pending frozen-SHA signoff
Gems/LyShine/Code/lyshine_static_files.cmake#1,build dependencies,Gems/LyShine/Code/lyshine_static_files.cmake,209,2,209,3,Remove only dependencies proven unused by no-unity compilation.,See CryCommonMigrationValidation.md and category tests.,accept,pending frozen-SHA signoff,pending frozen-SHA signoff
Gems/LyShineExamples/Code/Source/UiCustomImageComponent.cpp#1,consumers,Gems/LyShineExamples/Code/Source/UiCustomImageComponent.cpp,377,1,377,1,Use an equivalent AZ/AZStd contract or remove a proven dead dependency.,See CryCommonMigrationValidation.md and category tests.,accept,pending frozen-SHA signoff,pending frozen-SHA signoff
Gems/LyShineExamples/Code/Source/UiCustomImageComponent.cpp#2,consumers,Gems/LyShineExamples/Code/Source/UiCustomImageComponent.cpp,379,1,379,1,Use an equivalent AZ/AZStd contract or remove a proven dead dependency.,See CryCommonMigrationValidation.md and category tests.,accept,pending frozen-SHA signoff,pending frozen-SHA signoff
Gems/Maestro/Code/Source/Cinematics/2DSpline.h#1,animation/math,Gems/Maestro/Code/Source/Cinematics/2DSpline.h,51,1,51,1,"Preserve animation ordering, key data, and legacy numeric edge behavior.",See CryCommonMigrationValidation.md and category tests.,accept,pending frozen-SHA signoff,pending frozen-SHA signoff
Gems/Maestro/Code/Source/Cinematics/2DSpline.h#2,animation/math,Gems/Maestro/Code/Source/Cinematics/2DSpline.h,57,1,57,1,"Preserve animation ordering, key data, and legacy numeric edge behavior.",See CryCommonMigrationValidation.md and category tests.,accept,pending frozen-SHA signoff,pending frozen-SHA signoff
Gems/Maestro/Code/Source/Cinematics/2DSpline.h#3,animation/math,Gems/Maestro/Code/Source/Cinematics/2DSpline.h,62,1,62,1,"Preserve animation ordering, key data, and legacy numeric edge behavior.",See CryCommonMigrationValidation.md and category tests.,accept,pending frozen-SHA signoff,pending frozen-SHA signoff
Gems/Maestro/Code/Source/Cinematics/2DSpline.h#4,animation/math,Gems/Maestro/Code/Source/Cinematics/2DSpline.h,64,2,64,2,"Preserve animation ordering, key data, and legacy numeric edge behavior.",See CryCommonMigrationValidation.md and category tests.,accept,pending frozen-SHA signoff,pending frozen-SHA signoff
Gems/Maestro/Code/Source/Cinematics/2DSpline.h#5,animation/math,Gems/Maestro/Code/Source/Cinematics/2DSpline.h,67,1,67,1,"Preserve animation ordering, key data, and legacy numeric edge behavior.",See CryCommonMigrationValidation.md and category tests.,accept,pending frozen-SHA signoff,pending frozen-SHA signoff
Gems/Maestro/Code/Source/Cinematics/2DSpline.h#6,animation/math,Gems/Maestro/Code/Source/Cinematics/2DSpline.h,69,2,69,2,"Preserve animation ordering, key data, and legacy numeric edge behavior.",See CryCommonMigrationValidation.md and category tests.,accept,pending frozen-SHA signoff,pending frozen-SHA signoff
Gems/Maestro/Code/Source/Cinematics/2DSpline.h#7,animation/math,Gems/Maestro/Code/Source/Cinematics/2DSpline.h,74,2,74,2,"Preserve animation ordering, key data, and legacy numeric edge behavior.",See CryCommonMigrationValidation.md and category tests.,accept,pending frozen-SHA signoff,pending frozen-SHA signoff
Gems/Maestro/Code/Source/Cinematics/2DSpline.h#8,animation/math,Gems/Maestro/Code/Source/Cinematics/2DSpline.h,80,1,80,1,"Preserve animation ordering, key data, and legacy numeric edge behavior.",See CryCommonMigrationValidation.md and category tests.,accept,pending frozen-SHA signoff,pending frozen-SHA signoff
Gems/Maestro/Code/Source/Cinematics/2DSpline.h#9,animation/math,Gems/Maestro/Code/Source/Cinematics/2DSpline.h,84,1,84,1,"Preserve animation ordering, key data, and legacy numeric edge behavior.",See CryCommonMigrationValidation.md and category tests.,accept,pending frozen-SHA signoff,pending frozen-SHA signoff
Gems/Maestro/Code/Source/Cinematics/2DSpline.h#10,animation/math,Gems/Maestro/Code/Source/Cinematics/2DSpline.h,87,3,87,3,"Preserve animation ordering, key data, and legacy numeric edge behavior.",See CryCommonMigrationValidation.md and category tests.,accept,pending frozen-SHA signoff,pending frozen-SHA signoff
Gems/Maestro/Code/Source/Cinematics/2DSpline.h#11,animation/math,Gems/Maestro/Code/Source/Cinematics/2DSpline.h,93,1,93,1,"Preserve animation ordering, key data, and legacy numeric edge behavior.",See CryCommonMigrationValidation.md and category tests.,accept,pending frozen-SHA signoff,pending frozen-SHA signoff
Gems/Maestro/Code/Source/Cinematics/2DSpline.h#12,animation/math,Gems/Maestro/Code/Source/Cinematics/2DSpline.h,98,2,98,2,"Preserve animation ordering, key data, and legacy numeric edge behavior.",See CryCommonMigrationValidation.md and category tests.,accept,pending frozen-SHA signoff,pending frozen-SHA signoff
Gems/Maestro/Code/Source/Cinematics/2DSpline.h#13,animation/math,Gems/Maestro/Code/Source/Cinematics/2DSpline.h,105,1,105,1,"Preserve animation ordering, key data, and legacy numeric edge behavior.",See CryCommonMigrationValidation.md and category tests.,accept,pending frozen-SHA signoff,pending frozen-SHA signoff
Gems/Maestro/Code/Source/Cinematics/2DSpline.h#14,animation/math,Gems/Maestro/Code/Source/Cinematics/2DSpline.h,110,2,110,2,"Preserve animation ordering, key data, and legacy numeric edge behavior.",See CryCommonMigrationValidation.md and category tests.,accept,pending frozen-SHA signoff,pending frozen-SHA signoff
Gems/Maestro/Code/Source/Cinematics/2DSpline.h#15,animation/math,Gems/Maestro/Code/Source/Cinematics/2DSpline.h,117,1,117,1,"Preserve animation ordering, key data, and legacy numeric edge behavior.",See CryCommonMigrationValidation.md and category tests.,accept,pending frozen-SHA signoff,pending frozen-SHA signoff
Gems/Maestro/Code/Source/Cinematics/2DSpline.h#16,animation/math,Gems/Maestro/Code/Source/Cinematics/2DSpline.h,123,2,123,2,"Preserve animation ordering, key data, and legacy numeric edge behavior.",See CryCommonMigrationValidation.md and category tests.,accept,pending frozen-SHA signoff,pending frozen-SHA signoff
Gems/Maestro/Code/Source/Cinematics/2DSpline.h#17,animation/math,Gems/Maestro/Code/Source/Cinematics/2DSpline.h,127,1,127,1,"Preserve animation ordering, key data, and legacy numeric edge behavior.",See CryCommonMigrationValidation.md and category tests.,accept,pending frozen-SHA signoff,pending frozen-SHA signoff
Gems/Maestro/Code/Source/Cinematics/2DSpline.h#18,animation/math,Gems/Maestro/Code/Source/Cinematics/2DSpline.h,145,4,145,4,"Preserve animation ordering, key data, and legacy numeric edge behavior.",See CryCommonMigrationValidation.md and category tests.,accept,pending frozen-SHA signoff,pending frozen-SHA signoff
Gems/Maestro/Code/Source/Cinematics/2DSpline.h#19,animation/math,Gems/Maestro/Code/Source/Cinematics/2DSpline.h,161,4,161,4,"Preserve animation ordering, key data, and legacy numeric edge behavior.",See CryCommonMigrationValidation.md and category tests.,accept,pending frozen-SHA signoff,pending frozen-SHA signoff
Gems/Maestro/Code/Source/Cinematics/2DSpline.h#20,animation/math,Gems/Maestro/Code/Source/Cinematics/2DSpline.h,173,1,173,1,"Preserve animation ordering, key data, and legacy numeric edge behavior.",See CryCommonMigrationValidation.md and category tests.,accept,pending frozen-SHA signoff,pending frozen-SHA signoff
Gems/Maestro/Code/Source/Cinematics/2DSpline.h#21,animation/math,Gems/Maestro/Code/Source/Cinematics/2DSpline.h,176,1,176,1,"Preserve animation ordering, key data, and legacy numeric edge behavior.",See CryCommonMigrationValidation.md and category tests.,accept,pending frozen-SHA signoff,pending frozen-SHA signoff
Gems/Maestro/Code/Source/Cinematics/2DSpline.h#22,animation/math,Gems/Maestro/Code/Source/Cinematics/2DSpline.h,182,4,182,4,"Preserve animation ordering, key data, and legacy numeric edge behavior.",See CryCommonMigrationValidation.md and category tests.,accept,pending frozen-SHA signoff,pending frozen-SHA signoff
Gems/Maestro/Code/Source/Cinematics/2DSpline.h#23,animation/math,Gems/Maestro/Code/Source/Cinematics/2DSpline.h,193,4,193,4,"Preserve animation ordering, key data, and legacy numeric edge behavior.",See CryCommonMigrationValidation.md and category tests.,accept,pending frozen-SHA signoff,pending frozen-SHA signoff
Gems/Maestro/Code/Source/Cinematics/2DSpline.h#24,animation/math,Gems/Maestro/Code/Source/Cinematics/2DSpline.h,249,1,249,1,"Preserve animation ordering, key data, and legacy numeric edge behavior.",See CryCommonMigrationValidation.md and category tests.,accept,pending frozen-SHA signoff,pending frozen-SHA signoff
Gems/Maestro/Code/Source/Cinematics/2DSpline.h#25,animation/math,Gems/Maestro/Code/Source/Cinematics/2DSpline.h,254,1,254,1,"Preserve animation ordering, key data, and legacy numeric edge behavior.",See CryCommonMigrationValidation.md and category tests.,accept,pending frozen-SHA signoff,pending frozen-SHA signoff
Gems/Maestro/Code/Source/Cinematics/2DSpline.h#26,animation/math,Gems/Maestro/Code/Source/Cinematics/2DSpline.h,286,1,286,1,"Preserve animation ordering, key data, and legacy numeric edge behavior.",See CryCommonMigrationValidation.md and category tests.,accept,pending frozen-SHA signoff,pending frozen-SHA signoff
Gems/Maestro/Code/Source/Cinematics/2DSpline.h#27,animation/math,Gems/Maestro/Code/Source/Cinematics/2DSpline.h,288,1,288,1,"Preserve animation ordering, key data, and legacy numeric edge behavior.",See CryCommonMigrationValidation.md and category tests.,accept,pending frozen-SHA signoff,pending frozen-SHA signoff
Gems/Maestro/Code/Source/Cinematics/2DSpline.h#28,animation/math,Gems/Maestro/Code/Source/Cinematics/2DSpline.h,304,2,304,2,"Preserve animation ordering, key data, and legacy numeric edge behavior.",See CryCommonMigrationValidation.md and category tests.,accept,pending frozen-SHA signoff,pending frozen-SHA signoff
Gems/Maestro/Code/Source/Cinematics/2DSpline.h#29,animation/math,Gems/Maestro/Code/Source/Cinematics/2DSpline.h,315,1,315,1,"Preserve animation ordering, key data, and legacy numeric edge behavior.",See CryCommonMigrationValidation.md and category tests.,accept,pending frozen-SHA signoff,pending frozen-SHA signoff
Gems/Maestro/Code/Source/Cinematics/2DSpline.h#30,animation/math,Gems/Maestro/Code/Source/Cinematics/2DSpline.h,317,2,317,2,"Preserve animation ordering, key data, and legacy numeric edge behavior.",See CryCommonMigrationValidation.md and category tests.,accept,pending frozen-SHA signoff,pending frozen-SHA signoff
Gems/Maestro/Code/Source/Cinematics/2DSpline.h#31,animation/math,Gems/Maestro/Code/Source/Cinematics/2DSpline.h,327,1,327,1,"Preserve animation ordering, key data, and legacy numeric edge behavior.",See CryCommonMigrationValidation.md and category tests.,accept,pending frozen-SHA signoff,pending frozen-SHA signoff
Gems/Maestro/Code/Source/Cinematics/2DSpline.h#32,animation/math,Gems/Maestro/Code/Source/Cinematics/2DSpline.h,332,1,332,1,"Preserve animation ordering, key data, and legacy numeric edge behavior.",See CryCommonMigrationValidation.md and category tests.,accept,pending frozen-SHA signoff,pending frozen-SHA signoff
Gems/Maestro/Code/Source/Cinematics/2DSpline.h#33,animation/math,Gems/Maestro/Code/Source/Cinematics/2DSpline.h,380,1,380,1,"Preserve animation ordering, key data, and legacy numeric edge behavior.",See CryCommonMigrationValidation.md and category tests.,accept,pending frozen-SHA signoff,pending frozen-SHA signoff
Gems/Maestro/Code/Source/Cinematics/2DSpline.h#34,animation/math,Gems/Maestro/Code/Source/Cinematics/2DSpline.h,395,1,395,1,"Preserve animation ordering, key data, and legacy numeric edge behavior.",See CryCommonMigrationValidation.md and category tests.,accept,pending frozen-SHA signoff,pending frozen-SHA signoff
Gems/Maestro/Code/Source/Cinematics/2DSpline.h#35,animation/math,Gems/Maestro/Code/Source/Cinematics/2DSpline.h,431,1,431,1,"Preserve animation ordering, key data, and legacy numeric edge behavior.",See CryCommonMigrationValidation.md and category tests.,accept,pending frozen-SHA signoff,pending frozen-SHA signoff
Gems/Maestro/Code/Source/Cinematics/2DSpline.h#36,animation/math,Gems/Maestro/Code/Source/Cinematics/2DSpline.h,433,1,433,1,"Preserve animation ordering, key data, and legacy numeric edge behavior.",See CryCommonMigrationValidation.md and category tests.,accept,pending frozen-SHA signoff,pending frozen-SHA signoff
Gems/Maestro/Code/Source/Cinematics/2DSpline.h#37,animation/math,Gems/Maestro/Code/Source/Cinematics/2DSpline.h,440,1,440,1,"Preserve animation ordering, key data, and legacy numeric edge behavior.",See CryCommonMigrationValidation.md and category tests.,accept,pending frozen-SHA signoff,pending frozen-SHA signoff
Gems/Maestro/Code/Source/Cinematics/2DSpline.h#38,animation/math,Gems/Maestro/Code/Source/Cinematics/2DSpline.h,442,1,442,1,"Preserve animation ordering, key data, and legacy numeric edge behavior.",See CryCommonMigrationValidation.md and category tests.,accept,pending frozen-SHA signoff,pending frozen-SHA signoff
Gems/Maestro/Code/Source/Cinematics/2DSpline.h#39,animation/math,Gems/Maestro/Code/Source/Cinematics/2DSpline.h,448,1,448,1,"Preserve animation ordering, key data, and legacy numeric edge behavior.",See CryCommonMigrationValidation.md and category tests.,accept,pending frozen-SHA signoff,pending frozen-SHA signoff
Gems/Maestro/Code/Source/Cinematics/2DSpline.h#40,animation/math,Gems/Maestro/Code/Source/Cinematics/2DSpline.h,461,2,461,2,"Preserve animation ordering, key data, and legacy numeric edge behavior.",See CryCommonMigrationValidation.md and category tests.,accept,pending frozen-SHA signoff,pending frozen-SHA signoff
Gems/Maestro/Code/Source/Cinematics/2DSpline.h#41,animation/math,Gems/Maestro/Code/Source/Cinematics/2DSpline.h,471,2,471,2,"Preserve animation ordering, key data, and legacy numeric edge behavior.",See CryCommonMigrationValidation.md and category tests.,accept,pending frozen-SHA signoff,pending frozen-SHA signoff
Gems/Maestro/Code/Source/Cinematics/2DSpline.h#42,animation/math,Gems/Maestro/Code/Source/Cinematics/2DSpline.h,481,2,481,2,"Preserve animation ordering, key data, and legacy numeric edge behavior.",See CryCommonMigrationValidation.md and category tests.,accept,pending frozen-SHA signoff,pending frozen-SHA signoff
Gems/Maestro/Code/Source/Cinematics/2DSpline.h#43,animation/math,Gems/Maestro/Code/Source/Cinematics/2DSpline.h,491,2,491,2,"Preserve animation ordering, key data, and legacy numeric edge behavior.",See CryCommonMigrationValidation.md and category tests.,accept,pending frozen-SHA signoff,pending frozen-SHA signoff
Gems/Maestro/Code/Source/Cinematics/2DSpline.h#44,animation/math,Gems/Maestro/Code/Source/Cinematics/2DSpline.h,507,2,507,2,"Preserve animation ordering, key data, and legacy numeric edge behavior.",See CryCommonMigrationValidation.md and category tests.,accept,pending frozen-SHA signoff,pending frozen-SHA signoff
Gems/Maestro/Code/Source/Cinematics/2DSpline.h#45,animation/math,Gems/Maestro/Code/Source/Cinematics/2DSpline.h,518,2,518,2,"Preserve animation ordering, key data, and legacy numeric edge behavior.",See CryCommonMigrationValidation.md and category tests.,accept,pending frozen-SHA signoff,pending frozen-SHA signoff
Gems/Maestro/Code/Source/Cinematics/2DSpline.h#46,animation/math,Gems/Maestro/Code/Source/Cinematics/2DSpline.h,531,1,531,1,"Preserve animation ordering, key data, and legacy numeric edge behavior.",See CryCommonMigrationValidation.md and category tests.,accept,pending frozen-SHA signoff,pending frozen-SHA signoff
Gems/Maestro/Code/Source/Cinematics/2DSpline.h#47,animation/math,Gems/Maestro/Code/Source/Cinematics/2DSpline.h,542,1,542,1,"Preserve animation ordering, key data, and legacy numeric edge behavior.",See CryCommonMigrationValidation.md and category tests.,accept,pending frozen-SHA signoff,pending frozen-SHA signoff
Gems/Maestro/Code/Source/Cinematics/2DSpline.h#48,animation/math,Gems/Maestro/Code/Source/Cinematics/2DSpline.h,559,1,559,1,"Preserve animation ordering, key data, and legacy numeric edge behavior.",See CryCommonMigrationValidation.md and category tests.,accept,pending frozen-SHA signoff,pending frozen-SHA signoff
Gems/Maestro/Code/Source/Cinematics/2DSpline.h#49,animation/math,Gems/Maestro/Code/Source/Cinematics/2DSpline.h,563,1,563,1,"Preserve animation ordering, key data, and legacy numeric edge behavior.",See CryCommonMigrationValidation.md and category tests.,accept,pending frozen-SHA signoff,pending frozen-SHA signoff
Gems/Maestro/Code/Source/Cinematics/2DSpline.h#50,animation/math,Gems/Maestro/Code/Source/Cinematics/2DSpline.h,565,1,565,1,"Preserve animation ordering, key data, and legacy numeric edge behavior.",See CryCommonMigrationValidation.md and category tests.,accept,pending frozen-SHA signoff,pending frozen-SHA signoff
Gems/Maestro/Code/Source/Cinematics/2DSpline.h#51,animation/math,Gems/Maestro/Code/Source/Cinematics/2DSpline.h,567,2,567,2,"Preserve animation ordering, key data, and legacy numeric edge behavior.",See CryCommonMigrationValidation.md and category tests.,accept,pending frozen-SHA signoff,pending frozen-SHA signoff
Gems/Maestro/Code/Source/Cinematics/2DSpline.h#52,animation/math,Gems/Maestro/Code/Source/Cinematics/2DSpline.h,574,2,574,2,"Preserve animation ordering, key data, and legacy numeric edge behavior.",See CryCommonMigrationValidation.md and category tests.,accept,pending frozen-SHA signoff,pending frozen-SHA signoff
Gems/Maestro/Code/Source/Cinematics/2DSpline.h#53,animation/math,Gems/Maestro/Code/Source/Cinematics/2DSpline.h,577,2,577,2,"Preserve animation ordering, key data, and legacy numeric edge behavior.",See CryCommonMigrationValidation.md and category tests.,accept,pending frozen-SHA signoff,pending frozen-SHA signoff
Gems/Maestro/Code/Source/Cinematics/AnimAZEntityNode.cpp#1,animation/math,Gems/Maestro/Code/Source/Cinematics/AnimAZEntityNode.cpp,136,1,136,1,"Preserve animation ordering, key data, and legacy numeric edge behavior.",See CryCommonMigrationValidation.md and category tests.,accept,pending frozen-SHA signoff,pending frozen-SHA signoff
Gems/Maestro/Code/Source/Cinematics/AnimAZEntityNode.cpp#2,animation/math,Gems/Maestro/Code/Source/Cinematics/AnimAZEntityNode.cpp,142,1,142,1,"Preserve animation ordering, key data, and legacy numeric edge behavior.",See CryCommonMigrationValidation.md and category tests.,accept,pending frozen-SHA signoff,pending frozen-SHA signoff
Gems/Maestro/Code/Source/Cinematics/AnimAZEntityNode.cpp#3,animation/math,Gems/Maestro/Code/Source/Cinematics/AnimAZEntityNode.cpp,179,1,179,1,"Preserve animation ordering, key data, and legacy numeric edge behavior.",See CryCommonMigrationValidation.md and category tests.,accept,pending frozen-SHA signoff,pending frozen-SHA signoff
Gems/Maestro/Code/Source/Cinematics/AnimAZEntityNode.cpp#4,animation/math,Gems/Maestro/Code/Source/Cinematics/AnimAZEntityNode.cpp,186,1,186,1,"Preserve animation ordering, key data, and legacy numeric edge behavior.",See CryCommonMigrationValidation.md and category tests.,accept,pending frozen-SHA signoff,pending frozen-SHA signoff
Gems/Maestro/Code/Source/Cinematics/AnimAZEntityNode.cpp#5,animation/math,Gems/Maestro/Code/Source/Cinematics/AnimAZEntityNode.cpp,189,1,189,1,"Preserve animation ordering, key data, and legacy numeric edge behavior.",See CryCommonMigrationValidation.md and category tests.,accept,pending frozen-SHA signoff,pending frozen-SHA signoff
Gems/Maestro/Code/Source/Cinematics/AnimAZEntityNode.cpp#6,animation/math,Gems/Maestro/Code/Source/Cinematics/AnimAZEntityNode.cpp,195,1,195,1,"Preserve animation ordering, key data, and legacy numeric edge behavior.",See CryCommonMigrationValidation.md and category tests.,accept,pending frozen-SHA signoff,pending frozen-SHA signoff
Gems/Maestro/Code/Source/Cinematics/AnimAZEntityNode.h#1,animation/math,Gems/Maestro/Code/Source/Cinematics/AnimAZEntityNode.h,62,1,62,1,"Preserve animation ordering, key data, and legacy numeric edge behavior.",See CryCommonMigrationValidation.md and category tests.,accept,pending frozen-SHA signoff,pending frozen-SHA signoff
Gems/Maestro/Code/Source/Cinematics/AnimAZEntityNode.h#2,animation/math,Gems/Maestro/Code/Source/Cinematics/AnimAZEntityNode.h,64,1,64,1,"Preserve animation ordering, key data, and legacy numeric edge behavior.",See CryCommonMigrationValidation.md and category tests.,accept,pending frozen-SHA signoff,pending frozen-SHA signoff
Gems/Maestro/Code/Source/Cinematics/AnimAZEntityNode.h#3,animation/math,Gems/Maestro/Code/Source/Cinematics/AnimAZEntityNode.h,67,1,67,1,"Preserve animation ordering, key data, and legacy numeric edge behavior.",See CryCommonMigrationValidation.md and category tests.,accept,pending frozen-SHA signoff,pending frozen-SHA signoff
Gems/Maestro/Code/Source/Cinematics/AnimComponentNode.cpp#1,animation/math,Gems/Maestro/Code/Source/Cinematics/AnimComponentNode.cpp,24,1,23,0,"Preserve animation ordering, key data, and legacy numeric edge behavior.",See CryCommonMigrationValidation.md and category tests.,accept,pending frozen-SHA signoff,pending frozen-SHA signoff
Gems/Maestro/Code/Source/Cinematics/AnimComponentNode.cpp#2,animation/math,Gems/Maestro/Code/Source/Cinematics/AnimComponentNode.cpp,184,1,183,1,"Preserve animation ordering, key data, and legacy numeric edge behavior.",See CryCommonMigrationValidation.md and category tests.,accept,pending frozen-SHA signoff,pending frozen-SHA signoff
Gems/Maestro/Code/Source/Cinematics/AnimComponentNode.cpp#3,animation/math,Gems/Maestro/Code/Source/Cinematics/AnimComponentNode.cpp,323,1,322,1,"Preserve animation ordering, key data, and legacy numeric edge behavior.",See CryCommonMigrationValidation.md and category tests.,accept,pending frozen-SHA signoff,pending frozen-SHA signoff
Gems/Maestro/Code/Source/Cinematics/AnimComponentNode.cpp#4,animation/math,Gems/Maestro/Code/Source/Cinematics/AnimComponentNode.cpp,325,1,324,1,"Preserve animation ordering, key data, and legacy numeric edge behavior.",See CryCommonMigrationValidation.md and category tests.,accept,pending frozen-SHA signoff,pending frozen-SHA signoff
Gems/Maestro/Code/Source/Cinematics/AnimComponentNode.cpp#5,animation/math,Gems/Maestro/Code/Source/Cinematics/AnimComponentNode.cpp,355,1,354,1,"Preserve animation ordering, key data, and legacy numeric edge behavior.",See CryCommonMigrationValidation.md and category tests.,accept,pending frozen-SHA signoff,pending frozen-SHA signoff
Gems/Maestro/Code/Source/Cinematics/AnimComponentNode.cpp#6,animation/math,Gems/Maestro/Code/Source/Cinematics/AnimComponentNode.cpp,358,1,357,1,"Preserve animation ordering, key data, and legacy numeric edge behavior.",See CryCommonMigrationValidation.md and category tests.,accept,pending frozen-SHA signoff,pending frozen-SHA signoff
Gems/Maestro/Code/Source/Cinematics/AnimComponentNode.cpp#7,animation/math,Gems/Maestro/Code/Source/Cinematics/AnimComponentNode.cpp,399,1,398,1,"Preserve animation ordering, key data, and legacy numeric edge behavior.",See CryCommonMigrationValidation.md and category tests.,accept,pending frozen-SHA signoff,pending frozen-SHA signoff
Gems/Maestro/Code/Source/Cinematics/AnimComponentNode.cpp#8,animation/math,Gems/Maestro/Code/Source/Cinematics/AnimComponentNode.cpp,427,1,426,1,"Preserve animation ordering, key data, and legacy numeric edge behavior.",See CryCommonMigrationValidation.md and category tests.,accept,pending frozen-SHA signoff,pending frozen-SHA signoff
Gems/Maestro/Code/Source/Cinematics/AnimComponentNode.cpp#9,animation/math,Gems/Maestro/Code/Source/Cinematics/AnimComponentNode.cpp,435,1,434,1,"Preserve animation ordering, key data, and legacy numeric edge behavior.",See CryCommonMigrationValidation.md and category tests.,accept,pending frozen-SHA signoff,pending frozen-SHA signoff
Gems/Maestro/Code/Source/Cinematics/AnimComponentNode.cpp#10,animation/math,Gems/Maestro/Code/Source/Cinematics/AnimComponentNode.cpp,521,1,520,1,"Preserve animation ordering, key data, and legacy numeric edge behavior.",See CryCommonMigrationValidation.md and category tests.,accept,pending frozen-SHA signoff,pending frozen-SHA signoff
Gems/Maestro/Code/Source/Cinematics/AnimComponentNode.cpp#11,animation/math,Gems/Maestro/Code/Source/Cinematics/AnimComponentNode.cpp,529,1,528,1,"Preserve animation ordering, key data, and legacy numeric edge behavior.",See CryCommonMigrationValidation.md and category tests.,accept,pending frozen-SHA signoff,pending frozen-SHA signoff
Gems/Maestro/Code/Source/Cinematics/AnimComponentNode.cpp#12,animation/math,Gems/Maestro/Code/Source/Cinematics/AnimComponentNode.cpp,1136,1,1135,1,"Preserve animation ordering, key data, and legacy numeric edge behavior.",See CryCommonMigrationValidation.md and category tests.,accept,pending frozen-SHA signoff,pending frozen-SHA signoff
Gems/Maestro/Code/Source/Cinematics/AnimComponentNode.h#1,animation/math,Gems/Maestro/Code/Source/Cinematics/AnimComponentNode.h,80,1,80,1,"Preserve animation ordering, key data, and legacy numeric edge behavior.",See CryCommonMigrationValidation.md and category tests.,accept,pending frozen-SHA signoff,pending frozen-SHA signoff
Gems/Maestro/Code/Source/Cinematics/AnimComponentNode.h#2,animation/math,Gems/Maestro/Code/Source/Cinematics/AnimComponentNode.h,83,1,83,1,"Preserve animation ordering, key data, and legacy numeric edge behavior.",See CryCommonMigrationValidation.md and category tests.,accept,pending frozen-SHA signoff,pending frozen-SHA signoff
Gems/Maestro/Code/Source/Cinematics/AnimComponentNode.h#3,animation/math,Gems/Maestro/Code/Source/Cinematics/AnimComponentNode.h,142,1,142,1,"Preserve animation ordering, key data, and legacy numeric edge behavior.",See CryCommonMigrationValidation.md and category tests.,accept,pending frozen-SHA signoff,pending frozen-SHA signoff
Gems/Maestro/Code/Source/Cinematics/AnimComponentNode.h#4,animation/math,Gems/Maestro/Code/Source/Cinematics/AnimComponentNode.h,144,1,144,1,"Preserve animation ordering, key data, and legacy numeric edge behavior.",See CryCommonMigrationValidation.md and category tests.,accept,pending frozen-SHA signoff,pending frozen-SHA signoff
Gems/Maestro/Code/Source/Cinematics/AnimNode.cpp#1,animation/math,Gems/Maestro/Code/Source/Cinematics/AnimNode.cpp,19,1,18,0,"Preserve animation ordering, key data, and legacy numeric edge behavior.",See CryCommonMigrationValidation.md and category tests.,accept,pending frozen-SHA signoff,pending frozen-SHA signoff
Gems/Maestro/Code/Source/Cinematics/AnimNode.cpp#2,animation/math,Gems/Maestro/Code/Source/Cinematics/AnimNode.cpp,36,0,36,1,"Preserve animation ordering, key data, and legacy numeric edge behavior.",See CryCommonMigrationValidation.md and category tests.,accept,pending frozen-SHA signoff,pending frozen-SHA signoff
Gems/Maestro/Code/Source/Cinematics/AnimNode.cpp#3,animation/math,Gems/Maestro/Code/Source/Cinematics/AnimNode.cpp,464,1,464,1,"Preserve animation ordering, key data, and legacy numeric edge behavior.",See CryCommonMigrationValidation.md and category tests.,accept,pending frozen-SHA signoff,pending frozen-SHA signoff
Gems/Maestro/Code/Source/Cinematics/AnimNode.cpp#4,animation/math,Gems/Maestro/Code/Source/Cinematics/AnimNode.cpp,778,1,778,1,"Preserve animation ordering, key data, and legacy numeric edge behavior.",See CryCommonMigrationValidation.md and category tests.,accept,pending frozen-SHA signoff,pending frozen-SHA signoff
Gems/Maestro/Code/Source/Cinematics/AnimNode.cpp#5,animation/math,Gems/Maestro/Code/Source/Cinematics/AnimNode.cpp,796,1,796,1,"Preserve animation ordering, key data, and legacy numeric edge behavior.",See CryCommonMigrationValidation.md and category tests.,accept,pending frozen-SHA signoff,pending frozen-SHA signoff
Gems/Maestro/Code/Source/Cinematics/AnimNode.cpp#6,animation/math,Gems/Maestro/Code/Source/Cinematics/AnimNode.cpp,821,1,821,1,"Preserve animation ordering, key data, and legacy numeric edge behavior.",See CryCommonMigrationValidation.md and category tests.,accept,pending frozen-SHA signoff,pending frozen-SHA signoff
Gems/Maestro/Code/Source/Cinematics/AnimNode.cpp#7,animation/math,Gems/Maestro/Code/Source/Cinematics/AnimNode.cpp,833,1,833,1,"Preserve animation ordering, key data, and legacy numeric edge behavior.",See CryCommonMigrationValidation.md and category tests.,accept,pending frozen-SHA signoff,pending frozen-SHA signoff
Gems/Maestro/Code/Source/Cinematics/AnimNode.h#1,animation/math,Gems/Maestro/Code/Source/Cinematics/AnimNode.h,127,1,127,1,"Preserve animation ordering, key data, and legacy numeric edge behavior.",See CryCommonMigrationValidation.md and category tests.,accept,pending frozen-SHA signoff,pending frozen-SHA signoff
Gems/Maestro/Code/Source/Cinematics/AnimNode.h#2,animation/math,Gems/Maestro/Code/Source/Cinematics/AnimNode.h,129,1,129,1,"Preserve animation ordering, key data, and legacy numeric edge behavior.",See CryCommonMigrationValidation.md and category tests.,accept,pending frozen-SHA signoff,pending frozen-SHA signoff
Gems/Maestro/Code/Source/Cinematics/AnimNode.h#3,animation/math,Gems/Maestro/Code/Source/Cinematics/AnimNode.h,142,1,142,1,"Preserve animation ordering, key data, and legacy numeric edge behavior.",See CryCommonMigrationValidation.md and category tests.,accept,pending frozen-SHA signoff,pending frozen-SHA signoff
Gems/Maestro/Code/Source/Cinematics/AnimNode.h#4,animation/math,Gems/Maestro/Code/Source/Cinematics/AnimNode.h,144,1,144,1,"Preserve animation ordering, key data, and legacy numeric edge behavior.",See CryCommonMigrationValidation.md and category tests.,accept,pending frozen-SHA signoff,pending frozen-SHA signoff
Gems/Maestro/Code/Source/Cinematics/AnimPostFXNode.cpp#1,animation/math,Gems/Maestro/Code/Source/Cinematics/AnimPostFXNode.cpp,18,1,17,0,"Preserve animation ordering, key data, and legacy numeric edge behavior.",See CryCommonMigrationValidation.md and category tests.,accept,pending frozen-SHA signoff,pending frozen-SHA signoff
Gems/Maestro/Code/Source/Cinematics/AnimPostFXNode.cpp#2,animation/math,Gems/Maestro/Code/Source/Cinematics/AnimPostFXNode.cpp,32,1,31,1,"Preserve animation ordering, key data, and legacy numeric edge behavior.",See CryCommonMigrationValidation.md and category tests.,accept,pending frozen-SHA signoff,pending frozen-SHA signoff
Gems/Maestro/Code/Source/Cinematics/AnimPostFXNode.cpp#3,animation/math,Gems/Maestro/Code/Source/Cinematics/AnimPostFXNode.cpp,36,1,35,1,"Preserve animation ordering, key data, and legacy numeric edge behavior.",See CryCommonMigrationValidation.md and category tests.,accept,pending frozen-SHA signoff,pending frozen-SHA signoff
Gems/Maestro/Code/Source/Cinematics/AnimPostFXNode.cpp#4,animation/math,Gems/Maestro/Code/Source/Cinematics/AnimPostFXNode.cpp,60,1,59,1,"Preserve animation ordering, key data, and legacy numeric edge behavior.",See CryCommonMigrationValidation.md and category tests.,accept,pending frozen-SHA signoff,pending frozen-SHA signoff
Gems/Maestro/Code/Source/Cinematics/AnimPostFXNode.cpp#5,animation/math,Gems/Maestro/Code/Source/Cinematics/AnimPostFXNode.cpp,75,1,74,1,"Preserve animation ordering, key data, and legacy numeric edge behavior.",See CryCommonMigrationValidation.md and category tests.,accept,pending frozen-SHA signoff,pending frozen-SHA signoff
Gems/Maestro/Code/Source/Cinematics/AnimPostFXNode.cpp#6,animation/math,Gems/Maestro/Code/Source/Cinematics/AnimPostFXNode.cpp,123,1,122,1,"Preserve animation ordering, key data, and legacy numeric edge behavior.",See CryCommonMigrationValidation.md and category tests.,accept,pending frozen-SHA signoff,pending frozen-SHA signoff
Gems/Maestro/Code/Source/Cinematics/AnimPostFXNode.cpp#7,animation/math,Gems/Maestro/Code/Source/Cinematics/AnimPostFXNode.cpp,138,1,137,1,"Preserve animation ordering, key data, and legacy numeric edge behavior.",See CryCommonMigrationValidation.md and category tests.,accept,pending frozen-SHA signoff,pending frozen-SHA signoff
Gems/Maestro/Code/Source/Cinematics/AnimPostFXNode.cpp#8,animation/math,Gems/Maestro/Code/Source/Cinematics/AnimPostFXNode.cpp,156,1,155,1,"Preserve animation ordering, key data, and legacy numeric edge behavior.",See CryCommonMigrationValidation.md and category tests.,accept,pending frozen-SHA signoff,pending frozen-SHA signoff
Gems/Maestro/Code/Source/Cinematics/AnimPostFXNode.cpp#9,animation/math,Gems/Maestro/Code/Source/Cinematics/AnimPostFXNode.cpp,346,1,345,1,"Preserve animation ordering, key data, and legacy numeric edge behavior.",See CryCommonMigrationValidation.md and category tests.,accept,pending frozen-SHA signoff,pending frozen-SHA signoff
Gems/Maestro/Code/Source/Cinematics/AnimPostFXNode.cpp#10,animation/math,Gems/Maestro/Code/Source/Cinematics/AnimPostFXNode.cpp,358,1,357,1,"Preserve animation ordering, key data, and legacy numeric edge behavior.",See CryCommonMigrationValidation.md and category tests.,accept,pending frozen-SHA signoff,pending frozen-SHA signoff
Gems/Maestro/Code/Source/Cinematics/AnimPostFXNode.cpp#11,animation/math,Gems/Maestro/Code/Source/Cinematics/AnimPostFXNode.cpp,360,1,359,1,"Preserve animation ordering, key data, and legacy numeric edge behavior.",See CryCommonMigrationValidation.md and category tests.,accept,pending frozen-SHA signoff,pending frozen-SHA signoff
Gems/Maestro/Code/Source/Cinematics/AnimPostFXNode.cpp#12,animation/math,Gems/Maestro/Code/Source/Cinematics/AnimPostFXNode.cpp,479,1,478,1,"Preserve animation ordering, key data, and legacy numeric edge behavior.",See CryCommonMigrationValidation.md and category tests.,accept,pending frozen-SHA signoff,pending frozen-SHA signoff
Gems/Maestro/Code/Source/Cinematics/AnimScreenFaderNode.cpp#1,animation/math,Gems/Maestro/Code/Source/Cinematics/AnimScreenFaderNode.cpp,173,1,173,1,"Preserve animation ordering, key data, and legacy numeric edge behavior.",See CryCommonMigrationValidation.md and category tests.,accept,pending frozen-SHA signoff,pending frozen-SHA signoff
Gems/Maestro/Code/Source/Cinematics/AnimSequence.cpp#1,animation/math,Gems/Maestro/Code/Source/Cinematics/AnimSequence.cpp,29,1,29,1,"Preserve animation ordering, key data, and legacy numeric edge behavior.",See CryCommonMigrationValidation.md and category tests.,accept,pending frozen-SHA signoff,pending frozen-SHA signoff
Gems/Maestro/Code/Source/Cinematics/AnimSequence.cpp#2,animation/math,Gems/Maestro/Code/Source/Cinematics/AnimSequence.cpp,436,3,436,3,"Preserve animation ordering, key data, and legacy numeric edge behavior.",See CryCommonMigrationValidation.md and category tests.,accept,pending frozen-SHA signoff,pending frozen-SHA signoff
Gems/Maestro/Code/Source/Cinematics/AnimSequence.cpp#3,animation/math,Gems/Maestro/Code/Source/Cinematics/AnimSequence.cpp,1077,1,1077,1,"Preserve animation ordering, key data, and legacy numeric edge behavior.",See CryCommonMigrationValidation.md and category tests.,accept,pending frozen-SHA signoff,pending frozen-SHA signoff
Gems/Maestro/Code/Source/Cinematics/AnimSequence.cpp#4,animation/math,Gems/Maestro/Code/Source/Cinematics/AnimSequence.cpp,1078,0,1079,1,"Preserve animation ordering, key data, and legacy numeric edge behavior.",See CryCommonMigrationValidation.md and category tests.,accept,pending frozen-SHA signoff,pending frozen-SHA signoff
Gems/Maestro/Code/Source/Cinematics/AnimSequence.cpp#5,animation/math,Gems/Maestro/Code/Source/Cinematics/AnimSequence.cpp,1094,1,1095,1,"Preserve animation ordering, key data, and legacy numeric edge behavior.",See CryCommonMigrationValidation.md and category tests.,accept,pending frozen-SHA signoff,pending frozen-SHA signoff
Gems/Maestro/Code/Source/Cinematics/AnimSequence.cpp#6,animation/math,Gems/Maestro/Code/Source/Cinematics/AnimSequence.cpp,1095,0,1097,1,"Preserve animation ordering, key data, and legacy numeric edge behavior.",See CryCommonMigrationValidation.md and category tests.,accept,pending frozen-SHA signoff,pending frozen-SHA signoff
Gems/Maestro/Code/Source/Cinematics/AnimSequence.cpp#7,animation/math,Gems/Maestro/Code/Source/Cinematics/AnimSequence.cpp,1278,1,1280,6,"Preserve animation ordering, key data, and legacy numeric edge behavior.",See CryCommonMigrationValidation.md and category tests.,accept,pending frozen-SHA signoff,pending frozen-SHA signoff
Gems/Maestro/Code/Source/Cinematics/AnimSequence.cpp#8,animation/math,Gems/Maestro/Code/Source/Cinematics/AnimSequence.cpp,1389,1,1396,7,"Preserve animation ordering, key data, and legacy numeric edge behavior.",See CryCommonMigrationValidation.md and category tests.,accept,pending frozen-SHA signoff,pending frozen-SHA signoff
Gems/Maestro/Code/Source/Cinematics/AnimSequence.cpp#9,animation/math,Gems/Maestro/Code/Source/Cinematics/AnimSequence.cpp,1400,6,1413,7,"Preserve animation ordering, key data, and legacy numeric edge behavior.",See CryCommonMigrationValidation.md and category tests.,accept,pending frozen-SHA signoff,pending frozen-SHA signoff
Gems/Maestro/Code/Source/Cinematics/AnimSplineTrack.h#1,serialization,Gems/Maestro/Code/Source/Cinematics/AnimSplineTrack.h,33,1,33,1,"Preserve reflected ids, legacy conversion behavior, and semantic asset values.",See CryCommonMigrationValidation.md and category tests.,accept,pending frozen-SHA signoff,pending frozen-SHA signoff
Gems/Maestro/Code/Source/Cinematics/AnimSplineTrack.h#2,serialization,Gems/Maestro/Code/Source/Cinematics/AnimSplineTrack.h,1048,1,1048,1,"Preserve reflected ids, legacy conversion behavior, and semantic asset values.",See CryCommonMigrationValidation.md and category tests.,accept,pending frozen-SHA signoff,pending frozen-SHA signoff
Gems/Maestro/Code/Source/Cinematics/AnimSplineTrack.h#3,serialization,Gems/Maestro/Code/Source/Cinematics/AnimSplineTrack.h,1050,1,1050,1,"Preserve reflected ids, legacy conversion behavior, and semantic asset values.",See CryCommonMigrationValidation.md and category tests.,accept,pending frozen-SHA signoff,pending frozen-SHA signoff
Gems/Maestro/Code/Source/Cinematics/AnimSplineTrack.h#4,serialization,Gems/Maestro/Code/Source/Cinematics/AnimSplineTrack.h,1052,1,1052,1,"Preserve reflected ids, legacy conversion behavior, and semantic asset values.",See CryCommonMigrationValidation.md and category tests.,accept,pending frozen-SHA signoff,pending frozen-SHA signoff
Gems/Maestro/Code/Source/Cinematics/AnimSplineTrack.h#5,serialization,Gems/Maestro/Code/Source/Cinematics/AnimSplineTrack.h,1054,1,1054,1,"Preserve reflected ids, legacy conversion behavior, and semantic asset values.",See CryCommonMigrationValidation.md and category tests.,accept,pending frozen-SHA signoff,pending frozen-SHA signoff
Gems/Maestro/Code/Source/Cinematics/AnimSplineTrack.h#6,serialization,Gems/Maestro/Code/Source/Cinematics/AnimSplineTrack.h,1056,1,1056,1,"Preserve reflected ids, legacy conversion behavior, and semantic asset values.",See CryCommonMigrationValidation.md and category tests.,accept,pending frozen-SHA signoff,pending frozen-SHA signoff
Gems/Maestro/Code/Source/Cinematics/AnimSplineTrack.h#7,serialization,Gems/Maestro/Code/Source/Cinematics/AnimSplineTrack.h,1058,1,1058,1,"Preserve reflected ids, legacy conversion behavior, and semantic asset values.",See CryCommonMigrationValidation.md and category tests.,accept,pending frozen-SHA signoff,pending frozen-SHA signoff
Gems/Maestro/Code/Source/Cinematics/AnimSplineTrack.h#8,serialization,Gems/Maestro/Code/Source/Cinematics/AnimSplineTrack.h,1061,1,1061,1,"Preserve reflected ids, legacy conversion behavior, and semantic asset values.",See CryCommonMigrationValidation.md and category tests.,accept,pending frozen-SHA signoff,pending frozen-SHA signoff
Gems/Maestro/Code/Source/Cinematics/AnimSplineTrack.h#9,serialization,Gems/Maestro/Code/Source/Cinematics/AnimSplineTrack.h,1065,1,1065,1,"Preserve reflected ids, legacy conversion behavior, and semantic asset values.",See CryCommonMigrationValidation.md and category tests.,accept,pending frozen-SHA signoff,pending frozen-SHA signoff
Gems/Maestro/Code/Source/Cinematics/AnimSplineTrack.h#10,serialization,Gems/Maestro/Code/Source/Cinematics/AnimSplineTrack.h,1068,1,1068,1,"Preserve reflected ids, legacy conversion behavior, and semantic asset values.",See CryCommonMigrationValidation.md and category tests.,accept,pending frozen-SHA signoff,pending frozen-SHA signoff
Gems/Maestro/Code/Source/Cinematics/AnimSplineTrack.h#11,serialization,Gems/Maestro/Code/Source/Cinematics/AnimSplineTrack.h,1071,1,1071,1,"Preserve reflected ids, legacy conversion behavior, and semantic asset values.",See CryCommonMigrationValidation.md and category tests.,accept,pending frozen-SHA signoff,pending frozen-SHA signoff
Gems/Maestro/Code/Source/Cinematics/AnimSplineTrack.h#12,serialization,Gems/Maestro/Code/Source/Cinematics/AnimSplineTrack.h,1076,1,1076,1,"Preserve reflected ids, legacy conversion behavior, and semantic asset values.",See CryCommonMigrationValidation.md and category tests.,accept,pending frozen-SHA signoff,pending frozen-SHA signoff
Gems/Maestro/Code/Source/Cinematics/AnimSplineTrack.h#13,serialization,Gems/Maestro/Code/Source/Cinematics/AnimSplineTrack.h,1079,1,1079,1,"Preserve reflected ids, legacy conversion behavior, and semantic asset values.",See CryCommonMigrationValidation.md and category tests.,accept,pending frozen-SHA signoff,pending frozen-SHA signoff
Gems/Maestro/Code/Source/Cinematics/AnimSplineTrack.h#14,serialization,Gems/Maestro/Code/Source/Cinematics/AnimSplineTrack.h,1082,1,1082,1,"Preserve reflected ids, legacy conversion behavior, and semantic asset values.",See CryCommonMigrationValidation.md and category tests.,accept,pending frozen-SHA signoff,pending frozen-SHA signoff
Gems/Maestro/Code/Source/Cinematics/AnimSplineTrack.h#15,serialization,Gems/Maestro/Code/Source/Cinematics/AnimSplineTrack.h,1085,1,1085,1,"Preserve reflected ids, legacy conversion behavior, and semantic asset values.",See CryCommonMigrationValidation.md and category tests.,accept,pending frozen-SHA signoff,pending frozen-SHA signoff
Gems/Maestro/Code/Source/Cinematics/AnimSplineTrack.h#16,serialization,Gems/Maestro/Code/Source/Cinematics/AnimSplineTrack.h,1088,1,1088,1,"Preserve reflected ids, legacy conversion behavior, and semantic asset values.",See CryCommonMigrationValidation.md and category tests.,accept,pending frozen-SHA signoff,pending frozen-SHA signoff
Gems/Maestro/Code/Source/Cinematics/AnimSplineTrack.h#17,serialization,Gems/Maestro/Code/Source/Cinematics/AnimSplineTrack.h,1091,1,1091,1,"Preserve reflected ids, legacy conversion behavior, and semantic asset values.",See CryCommonMigrationValidation.md and category tests.,accept,pending frozen-SHA signoff,pending frozen-SHA signoff
Gems/Maestro/Code/Source/Cinematics/AnimSplineTrack.h#18,serialization,Gems/Maestro/Code/Source/Cinematics/AnimSplineTrack.h,1093,1,1093,1,"Preserve reflected ids, legacy conversion behavior, and semantic asset values.",See CryCommonMigrationValidation.md and category tests.,accept,pending frozen-SHA signoff,pending frozen-SHA signoff
Gems/Maestro/Code/Source/Cinematics/AnimSplineTrack_Vec2Specialization.cpp#1,serialization,Gems/Maestro/Code/Source/Cinematics/AnimSplineTrack_Vec2Specialization.cpp,9,2,9,1,"Preserve reflected ids, legacy conversion behavior, and semantic asset values.",See CryCommonMigrationValidation.md and category tests.,accept,pending frozen-SHA signoff,pending frozen-SHA signoff
Gems/Maestro/Code/Source/Cinematics/AnimSplineTrack_Vec2Specialization.cpp#2,serialization,Gems/Maestro/Code/Source/Cinematics/AnimSplineTrack_Vec2Specialization.cpp,14,1,12,0,"Preserve reflected ids, legacy conversion behavior, and semantic asset values.",See CryCommonMigrationValidation.md and category tests.,accept,pending frozen-SHA signoff,pending frozen-SHA signoff
Gems/Maestro/Code/Source/Cinematics/AnimSplineTrack_Vec2Specialization.cpp#3,serialization,Gems/Maestro/Code/Source/Cinematics/AnimSplineTrack_Vec2Specialization.cpp,15,0,14,1,"Preserve reflected ids, legacy conversion behavior, and semantic asset values.",See CryCommonMigrationValidation.md and category tests.,accept,pending frozen-SHA signoff,pending frozen-SHA signoff
Gems/Maestro/Code/Source/Cinematics/AnimSplineTrack_Vec2Specialization.cpp#4,serialization,Gems/Maestro/Code/Source/Cinematics/AnimSplineTrack_Vec2Specialization.cpp,18,1,16,0,"Preserve reflected ids, legacy conversion behavior, and semantic asset values.",See CryCommonMigrationValidation.md and category tests.,accept,pending frozen-SHA signoff,pending frozen-SHA signoff
Gems/Maestro/Code/Source/Cinematics/AnimSplineTrack_Vec2Specialization.cpp#5,serialization,Gems/Maestro/Code/Source/Cinematics/AnimSplineTrack_Vec2Specialization.cpp,22,1,20,1,"Preserve reflected ids, legacy conversion behavior, and semantic asset values.",See CryCommonMigrationValidation.md and category tests.,accept,pending frozen-SHA signoff,pending frozen-SHA signoff
Gems/Maestro/Code/Source/Cinematics/AnimSplineTrack_Vec2Specialization.cpp#6,serialization,Gems/Maestro/Code/Source/Cinematics/AnimSplineTrack_Vec2Specialization.cpp,29,1,27,1,"Preserve reflected ids, legacy conversion behavior, and semantic asset values.",See CryCommonMigrationValidation.md and category tests.,accept,pending frozen-SHA signoff,pending frozen-SHA signoff
Gems/Maestro/Code/Source/Cinematics/AnimSplineTrack_Vec2Specialization.cpp#7,serialization,Gems/Maestro/Code/Source/Cinematics/AnimSplineTrack_Vec2Specialization.cpp,34,1,32,1,"Preserve reflected ids, legacy conversion behavior, and semantic asset values.",See CryCommonMigrationValidation.md and category tests.,accept,pending frozen-SHA signoff,pending frozen-SHA signoff
Gems/Maestro/Code/Source/Cinematics/AnimSplineTrack_Vec2Specialization.cpp#8,serialization,Gems/Maestro/Code/Source/Cinematics/AnimSplineTrack_Vec2Specialization.cpp,43,1,41,1,"Preserve reflected ids, legacy conversion behavior, and semantic asset values.",See CryCommonMigrationValidation.md and category tests.,accept,pending frozen-SHA signoff,pending frozen-SHA signoff
Gems/Maestro/Code/Source/Cinematics/AnimSplineTrack_Vec2Specialization.cpp#9,serialization,Gems/Maestro/Code/Source/Cinematics/AnimSplineTrack_Vec2Specialization.cpp,49,1,47,1,"Preserve reflected ids, legacy conversion behavior, and semantic asset values.",See CryCommonMigrationValidation.md and category tests.,accept,pending frozen-SHA signoff,pending frozen-SHA signoff
Gems/Maestro/Code/Source/Cinematics/AnimSplineTrack_Vec2Specialization.cpp#10,serialization,Gems/Maestro/Code/Source/Cinematics/AnimSplineTrack_Vec2Specialization.cpp,58,1,56,1,"Preserve reflected ids, legacy conversion behavior, and semantic asset values.",See CryCommonMigrationValidation.md and category tests.,accept,pending frozen-SHA signoff,pending frozen-SHA signoff
Gems/Maestro/Code/Source/Cinematics/AnimSplineTrack_Vec2Specialization.cpp#11,serialization,Gems/Maestro/Code/Source/Cinematics/AnimSplineTrack_Vec2Specialization.cpp,62,1,60,1,"Preserve reflected ids, legacy conversion behavior, and semantic asset values.",See CryCommonMigrationValidation.md and category tests.,accept,pending frozen-SHA signoff,pending frozen-SHA signoff
Gems/Maestro/Code/Source/Cinematics/AnimSplineTrack_Vec2Specialization.cpp#12,serialization,Gems/Maestro/Code/Source/Cinematics/AnimSplineTrack_Vec2Specialization.cpp,78,1,76,1,"Preserve reflected ids, legacy conversion behavior, and semantic asset values.",See CryCommonMigrationValidation.md and category tests.,accept,pending frozen-SHA signoff,pending frozen-SHA signoff
Gems/Maestro/Code/Source/Cinematics/AnimSplineTrack_Vec2Specialization.cpp#13,serialization,Gems/Maestro/Code/Source/Cinematics/AnimSplineTrack_Vec2Specialization.cpp,84,1,82,1,"Preserve reflected ids, legacy conversion behavior, and semantic asset values.",See CryCommonMigrationValidation.md and category tests.,accept,pending frozen-SHA signoff,pending frozen-SHA signoff
Gems/Maestro/Code/Source/Cinematics/AnimSplineTrack_Vec2Specialization.cpp#14,serialization,Gems/Maestro/Code/Source/Cinematics/AnimSplineTrack_Vec2Specialization.cpp,90,1,88,1,"Preserve reflected ids, legacy conversion behavior, and semantic asset values.",See CryCommonMigrationValidation.md and category tests.,accept,pending frozen-SHA signoff,pending frozen-SHA signoff
Gems/Maestro/Code/Source/Cinematics/AnimSplineTrack_Vec2Specialization.cpp#15,serialization,Gems/Maestro/Code/Source/Cinematics/AnimSplineTrack_Vec2Specialization.cpp,95,2,93,8,"Preserve reflected ids, legacy conversion behavior, and semantic asset values.",See CryCommonMigrationValidation.md and category tests.,accept,pending frozen-SHA signoff,pending frozen-SHA signoff
Gems/Maestro/Code/Source/Cinematics/AnimSplineTrack_Vec2Specialization.cpp#16,serialization,Gems/Maestro/Code/Source/Cinematics/AnimSplineTrack_Vec2Specialization.cpp,105,1,109,1,"Preserve reflected ids, legacy conversion behavior, and semantic asset values.",See CryCommonMigrationValidation.md and category tests.,accept,pending frozen-SHA signoff,pending frozen-SHA signoff
Gems/Maestro/Code/Source/Cinematics/AnimSplineTrack_Vec2Specialization.cpp#17,serialization,Gems/Maestro/Code/Source/Cinematics/AnimSplineTrack_Vec2Specialization.cpp,109,1,113,1,"Preserve reflected ids, legacy conversion behavior, and semantic asset values.",See CryCommonMigrationValidation.md and category tests.,accept,pending frozen-SHA signoff,pending frozen-SHA signoff
Gems/Maestro/Code/Source/Cinematics/AnimSplineTrack_Vec2Specialization.cpp#18,serialization,Gems/Maestro/Code/Source/Cinematics/AnimSplineTrack_Vec2Specialization.cpp,117,1,121,1,"Preserve reflected ids, legacy conversion behavior, and semantic asset values.",See CryCommonMigrationValidation.md and category tests.,accept,pending frozen-SHA signoff,pending frozen-SHA signoff
Gems/Maestro/Code/Source/Cinematics/AnimSplineTrack_Vec2Specialization.cpp#19,serialization,Gems/Maestro/Code/Source/Cinematics/AnimSplineTrack_Vec2Specialization.cpp,121,1,125,1,"Preserve reflected ids, legacy conversion behavior, and semantic asset values.",See CryCommonMigrationValidation.md and category tests.,accept,pending frozen-SHA signoff,pending frozen-SHA signoff
Gems/Maestro/Code/Source/Cinematics/AnimSplineTrack_Vec2Specialization.cpp#20,serialization,Gems/Maestro/Code/Source/Cinematics/AnimSplineTrack_Vec2Specialization.cpp,127,1,131,1,"Preserve reflected ids, legacy conversion behavior, and semantic asset values.",See CryCommonMigrationValidation.md and category tests.,accept,pending frozen-SHA signoff,pending frozen-SHA signoff
Gems/Maestro/Code/Source/Cinematics/AnimSplineTrack_Vec2Specialization.cpp#21,serialization,Gems/Maestro/Code/Source/Cinematics/AnimSplineTrack_Vec2Specialization.cpp,146,1,150,1,"Preserve reflected ids, legacy conversion behavior, and semantic asset values.",See CryCommonMigrationValidation.md and category tests.,accept,pending frozen-SHA signoff,pending frozen-SHA signoff
Gems/Maestro/Code/Source/Cinematics/AnimSplineTrack_Vec2Specialization.cpp#22,serialization,Gems/Maestro/Code/Source/Cinematics/AnimSplineTrack_Vec2Specialization.cpp,161,1,165,1,"Preserve reflected ids, legacy conversion behavior, and semantic asset values.",See CryCommonMigrationValidation.md and category tests.,accept,pending frozen-SHA signoff,pending frozen-SHA signoff
Gems/Maestro/Code/Source/Cinematics/AnimSplineTrack_Vec2Specialization.cpp#23,serialization,Gems/Maestro/Code/Source/Cinematics/AnimSplineTrack_Vec2Specialization.cpp,169,1,173,1,"Preserve reflected ids, legacy conversion behavior, and semantic asset values.",See CryCommonMigrationValidation.md and category tests.,accept,pending frozen-SHA signoff,pending frozen-SHA signoff
Gems/Maestro/Code/Source/Cinematics/AnimSplineTrack_Vec2Specialization.cpp#24,serialization,Gems/Maestro/Code/Source/Cinematics/AnimSplineTrack_Vec2Specialization.cpp,174,2,178,8,"Preserve reflected ids, legacy conversion behavior, and semantic asset values.",See CryCommonMigrationValidation.md and category tests.,accept,pending frozen-SHA signoff,pending frozen-SHA signoff
Gems/Maestro/Code/Source/Cinematics/AnimSplineTrack_Vec2Specialization.cpp#25,serialization,Gems/Maestro/Code/Source/Cinematics/AnimSplineTrack_Vec2Specialization.cpp,200,1,210,6,"Preserve reflected ids, legacy conversion behavior, and semantic asset values.",See CryCommonMigrationValidation.md and category tests.,accept,pending frozen-SHA signoff,pending frozen-SHA signoff
Gems/Maestro/Code/Source/Cinematics/AnimSplineTrack_Vec2Specialization.cpp#26,serialization,Gems/Maestro/Code/Source/Cinematics/AnimSplineTrack_Vec2Specialization.cpp,204,1,219,1,"Preserve reflected ids, legacy conversion behavior, and semantic asset values.",See CryCommonMigrationValidation.md and category tests.,accept,pending frozen-SHA signoff,pending frozen-SHA signoff
Gems/Maestro/Code/Source/Cinematics/AnimSplineTrack_Vec2Specialization.cpp#27,serialization,Gems/Maestro/Code/Source/Cinematics/AnimSplineTrack_Vec2Specialization.cpp,209,1,224,1,"Preserve reflected ids, legacy conversion behavior, and semantic asset values.",See CryCommonMigrationValidation.md and category tests.,accept,pending frozen-SHA signoff,pending frozen-SHA signoff
Gems/Maestro/Code/Source/Cinematics/AnimSplineTrack_Vec2Specialization.cpp#28,serialization,Gems/Maestro/Code/Source/Cinematics/AnimSplineTrack_Vec2Specialization.cpp,232,1,247,1,"Preserve reflected ids, legacy conversion behavior, and semantic asset values.",See CryCommonMigrationValidation.md and category tests.,accept,pending frozen-SHA signoff,pending frozen-SHA signoff
Gems/Maestro/Code/Source/Cinematics/AnimSplineTrack_Vec2Specialization.cpp#29,serialization,Gems/Maestro/Code/Source/Cinematics/AnimSplineTrack_Vec2Specialization.cpp,265,1,280,3,"Preserve reflected ids, legacy conversion behavior, and semantic asset values.",See CryCommonMigrationValidation.md and category tests.,accept,pending frozen-SHA signoff,pending frozen-SHA signoff
Gems/Maestro/Code/Source/Cinematics/AnimSplineTrack_Vec2Specialization.cpp#30,serialization,Gems/Maestro/Code/Source/Cinematics/AnimSplineTrack_Vec2Specialization.cpp,267,1,284,6,"Preserve reflected ids, legacy conversion behavior, and semantic asset values.",See CryCommonMigrationValidation.md and category tests.,accept,pending frozen-SHA signoff,pending frozen-SHA signoff
Gems/Maestro/Code/Source/Cinematics/AnimSplineTrack_Vec2Specialization.cpp#31,serialization,Gems/Maestro/Code/Source/Cinematics/AnimSplineTrack_Vec2Specialization.cpp,278,1,300,1,"Preserve reflected ids, legacy conversion behavior, and semantic asset values.",See CryCommonMigrationValidation.md and category tests.,accept,pending frozen-SHA signoff,pending frozen-SHA signoff
Gems/Maestro/Code/Source/Cinematics/AnimSplineTrack_Vec2Specialization.cpp#32,serialization,Gems/Maestro/Code/Source/Cinematics/AnimSplineTrack_Vec2Specialization.cpp,287,1,309,1,"Preserve reflected ids, legacy conversion behavior, and semantic asset values.",See CryCommonMigrationValidation.md and category tests.,accept,pending frozen-SHA signoff,pending frozen-SHA signoff
Gems/Maestro/Code/Source/Cinematics/AnimSplineTrack_Vec2Specialization.cpp#33,serialization,Gems/Maestro/Code/Source/Cinematics/AnimSplineTrack_Vec2Specialization.cpp,289,1,311,1,"Preserve reflected ids, legacy conversion behavior, and semantic asset values.",See CryCommonMigrationValidation.md and category tests.,accept,pending frozen-SHA signoff,pending frozen-SHA signoff
Gems/Maestro/Code/Source/Cinematics/AnimSplineTrack_Vec2Specialization.cpp#34,serialization,Gems/Maestro/Code/Source/Cinematics/AnimSplineTrack_Vec2Specialization.cpp,292,1,314,5,"Preserve reflected ids, legacy conversion behavior, and semantic asset values.",See CryCommonMigrationValidation.md and category tests.,accept,pending frozen-SHA signoff,pending frozen-SHA signoff
Gems/Maestro/Code/Source/Cinematics/AnimSplineTrack_Vec2Specialization.cpp#35,serialization,Gems/Maestro/Code/Source/Cinematics/AnimSplineTrack_Vec2Specialization.cpp,319,2,345,8,"Preserve reflected ids, legacy conversion behavior, and semantic asset values.",See CryCommonMigrationValidation.md and category tests.,accept,pending frozen-SHA signoff,pending frozen-SHA signoff
Gems/Maestro/Code/Source/Cinematics/AnimSplineTrack_Vec2Specialization.cpp#36,serialization,Gems/Maestro/Code/Source/Cinematics/AnimSplineTrack_Vec2Specialization.cpp,327,2,359,8,"Preserve reflected ids, legacy conversion behavior, and semantic asset values.",See CryCommonMigrationValidation.md and category tests.,accept,pending frozen-SHA signoff,pending frozen-SHA signoff
Gems/Maestro/Code/Source/Cinematics/AnimSplineTrack_Vec2Specialization.cpp#37,serialization,Gems/Maestro/Code/Source/Cinematics/AnimSplineTrack_Vec2Specialization.cpp,337,2,375,9,"Preserve reflected ids, legacy conversion behavior, and semantic asset values.",See CryCommonMigrationValidation.md and category tests.,accept,pending frozen-SHA signoff,pending frozen-SHA signoff
Gems/Maestro/Code/Source/Cinematics/AnimSplineTrack_Vec2Specialization.cpp#38,serialization,Gems/Maestro/Code/Source/Cinematics/AnimSplineTrack_Vec2Specialization.cpp,349,1,394,1,"Preserve reflected ids, legacy conversion behavior, and semantic asset values.",See CryCommonMigrationValidation.md and category tests.,accept,pending frozen-SHA signoff,pending frozen-SHA signoff
Gems/Maestro/Code/Source/Cinematics/AnimSplineTrack_Vec2Specialization.cpp#39,serialization,Gems/Maestro/Code/Source/Cinematics/AnimSplineTrack_Vec2Specialization.cpp,360,1,405,1,"Preserve reflected ids, legacy conversion behavior, and semantic asset values.",See CryCommonMigrationValidation.md and category tests.,accept,pending frozen-SHA signoff,pending frozen-SHA signoff
Gems/Maestro/Code/Source/Cinematics/AnimSplineTrack_Vec2Specialization.cpp#40,serialization,Gems/Maestro/Code/Source/Cinematics/AnimSplineTrack_Vec2Specialization.cpp,437,1,482,1,"Preserve reflected ids, legacy conversion behavior, and semantic asset values.",See CryCommonMigrationValidation.md and category tests.,accept,pending frozen-SHA signoff,pending frozen-SHA signoff
Gems/Maestro/Code/Source/Cinematics/AnimSplineTrack_Vec2Specialization.cpp#41,serialization,Gems/Maestro/Code/Source/Cinematics/AnimSplineTrack_Vec2Specialization.cpp,459,1,504,1,"Preserve reflected ids, legacy conversion behavior, and semantic asset values.",See CryCommonMigrationValidation.md and category tests.,accept,pending frozen-SHA signoff,pending frozen-SHA signoff
Gems/Maestro/Code/Source/Cinematics/AnimSplineTrack_Vec2Specialization.cpp#42,serialization,Gems/Maestro/Code/Source/Cinematics/AnimSplineTrack_Vec2Specialization.cpp,483,1,528,1,"Preserve reflected ids, legacy conversion behavior, and semantic asset values.",See CryCommonMigrationValidation.md and category tests.,accept,pending frozen-SHA signoff,pending frozen-SHA signoff
Gems/Maestro/Code/Source/Cinematics/AnimSplineTrack_Vec2Specialization.cpp#43,serialization,Gems/Maestro/Code/Source/Cinematics/AnimSplineTrack_Vec2Specialization.cpp,491,1,536,1,"Preserve reflected ids, legacy conversion behavior, and semantic asset values.",See CryCommonMigrationValidation.md and category tests.,accept,pending frozen-SHA signoff,pending frozen-SHA signoff
Gems/Maestro/Code/Source/Cinematics/AnimSplineTrack_Vec2Specialization.cpp#44,serialization,Gems/Maestro/Code/Source/Cinematics/AnimSplineTrack_Vec2Specialization.cpp,524,1,569,1,"Preserve reflected ids, legacy conversion behavior, and semantic asset values.",See CryCommonMigrationValidation.md and category tests.,accept,pending frozen-SHA signoff,pending frozen-SHA signoff
Gems/Maestro/Code/Source/Cinematics/AnimSplineTrack_Vec2Specialization.cpp#45,serialization,Gems/Maestro/Code/Source/Cinematics/AnimSplineTrack_Vec2Specialization.cpp,558,1,603,1,"Preserve reflected ids, legacy conversion behavior, and semantic asset values.",See CryCommonMigrationValidation.md and category tests.,accept,pending frozen-SHA signoff,pending frozen-SHA signoff
Gems/Maestro/Code/Source/Cinematics/AnimSplineTrack_Vec2Specialization.cpp#46,serialization,Gems/Maestro/Code/Source/Cinematics/AnimSplineTrack_Vec2Specialization.cpp,572,1,617,1,"Preserve reflected ids, legacy conversion behavior, and semantic asset values.",See CryCommonMigrationValidation.md and category tests.,accept,pending frozen-SHA signoff,pending frozen-SHA signoff
Gems/Maestro/Code/Source/Cinematics/AnimSplineTrack_Vec2Specialization.cpp#47,serialization,Gems/Maestro/Code/Source/Cinematics/AnimSplineTrack_Vec2Specialization.cpp,577,1,621,0,"Preserve reflected ids, legacy conversion behavior, and semantic asset values.",See CryCommonMigrationValidation.md and category tests.,accept,pending frozen-SHA signoff,pending frozen-SHA signoff
Gems/Maestro/Code/Source/Cinematics/AnimSplineTrack_Vec2Specialization.cpp#48,serialization,Gems/Maestro/Code/Source/Cinematics/AnimSplineTrack_Vec2Specialization.cpp,580,2,624,2,"Preserve reflected ids, legacy conversion behavior, and semantic asset values.",See CryCommonMigrationValidation.md and category tests.,accept,pending frozen-SHA signoff,pending frozen-SHA signoff
Gems/Maestro/Code/Source/Cinematics/AnimSplineTrack_Vec2Specialization.cpp#49,serialization,Gems/Maestro/Code/Source/Cinematics/AnimSplineTrack_Vec2Specialization.cpp,583,1,627,1,"Preserve reflected ids, legacy conversion behavior, and semantic asset values.",See CryCommonMigrationValidation.md and category tests.,accept,pending frozen-SHA signoff,pending frozen-SHA signoff
Gems/Maestro/Code/Source/Cinematics/AnimSplineTrack_Vec2Specialization.cpp#50,serialization,Gems/Maestro/Code/Source/Cinematics/AnimSplineTrack_Vec2Specialization.cpp,586,1,630,1,"Preserve reflected ids, legacy conversion behavior, and semantic asset values.",See CryCommonMigrationValidation.md and category tests.,accept,pending frozen-SHA signoff,pending frozen-SHA signoff
Gems/Maestro/Code/Source/Cinematics/AnimSplineTrack_Vec2Specialization.cpp#51,serialization,Gems/Maestro/Code/Source/Cinematics/AnimSplineTrack_Vec2Specialization.cpp,589,1,633,1,"Preserve reflected ids, legacy conversion behavior, and semantic asset values.",See CryCommonMigrationValidation.md and category tests.,accept,pending frozen-SHA signoff,pending frozen-SHA signoff
Gems/Maestro/Code/Source/Cinematics/AnimSplineTrack_Vec2Specialization.cpp#52,serialization,Gems/Maestro/Code/Source/Cinematics/AnimSplineTrack_Vec2Specialization.cpp,591,1,635,1,"Preserve reflected ids, legacy conversion behavior, and semantic asset values.",See CryCommonMigrationValidation.md and category tests.,accept,pending frozen-SHA signoff,pending frozen-SHA signoff
Gems/Maestro/Code/Source/Cinematics/AnimSplineTrack_Vec2Specialization.cpp#53,serialization,Gems/Maestro/Code/Source/Cinematics/AnimSplineTrack_Vec2Specialization.cpp,597,1,641,1,"Preserve reflected ids, legacy conversion behavior, and semantic asset values.",See CryCommonMigrationValidation.md and category tests.,accept,pending frozen-SHA signoff,pending frozen-SHA signoff
Gems/Maestro/Code/Source/Cinematics/AnimSplineTrack_Vec2Specialization.cpp#54,serialization,Gems/Maestro/Code/Source/Cinematics/AnimSplineTrack_Vec2Specialization.cpp,601,1,645,1,"Preserve reflected ids, legacy conversion behavior, and semantic asset values.",See CryCommonMigrationValidation.md and category tests.,accept,pending frozen-SHA signoff,pending frozen-SHA signoff
Gems/Maestro/Code/Source/Cinematics/AnimSplineTrack_Vec2Specialization.cpp#55,serialization,Gems/Maestro/Code/Source/Cinematics/AnimSplineTrack_Vec2Specialization.cpp,603,5,647,5,"Preserve reflected ids, legacy conversion behavior, and semantic asset values.",See CryCommonMigrationValidation.md and category tests.,accept,pending frozen-SHA signoff,pending frozen-SHA signoff
Gems/Maestro/Code/Source/Cinematics/AnimSplineTrack_Vec2Specialization.cpp#56,serialization,Gems/Maestro/Code/Source/Cinematics/AnimSplineTrack_Vec2Specialization.cpp,611,1,655,1,"Preserve reflected ids, legacy conversion behavior, and semantic asset values.",See CryCommonMigrationValidation.md and category tests.,accept,pending frozen-SHA signoff,pending frozen-SHA signoff
Gems/Maestro/Code/Source/Cinematics/AnimSplineTrack_Vec2Specialization.cpp#57,serialization,Gems/Maestro/Code/Source/Cinematics/AnimSplineTrack_Vec2Specialization.cpp,615,2,659,1,"Preserve reflected ids, legacy conversion behavior, and semantic asset values.",See CryCommonMigrationValidation.md and category tests.,accept,pending frozen-SHA signoff,pending frozen-SHA signoff
Gems/Maestro/Code/Source/Cinematics/AnimSplineTrack_Vec2Specialization.cpp#58,serialization,Gems/Maestro/Code/Source/Cinematics/AnimSplineTrack_Vec2Specialization.cpp,620,1,663,1,"Preserve reflected ids, legacy conversion behavior, and semantic asset values.",See CryCommonMigrationValidation.md and category tests.,accept,pending frozen-SHA signoff,pending frozen-SHA signoff
Gems/Maestro/Code/Source/Cinematics/AnimSplineTrack_Vec2Specialization.cpp#59,serialization,Gems/Maestro/Code/Source/Cinematics/AnimSplineTrack_Vec2Specialization.cpp,624,1,667,2,"Preserve reflected ids, legacy conversion behavior, and semantic asset values.",See CryCommonMigrationValidation.md and category tests.,accept,pending frozen-SHA signoff,pending frozen-SHA signoff
Gems/Maestro/Code/Source/Cinematics/AnimSplineTrack_Vec2Specialization.cpp#60,serialization,Gems/Maestro/Code/Source/Cinematics/AnimSplineTrack_Vec2Specialization.cpp,629,1,673,1,"Preserve reflected ids, legacy conversion behavior, and semantic asset values.",See CryCommonMigrationValidation.md and category tests.,accept,pending frozen-SHA signoff,pending frozen-SHA signoff
Gems/Maestro/Code/Source/Cinematics/AnimSplineTrack_Vec2Specialization.cpp#61,serialization,Gems/Maestro/Code/Source/Cinematics/AnimSplineTrack_Vec2Specialization.cpp,634,3,678,1,"Preserve reflected ids, legacy conversion behavior, and semantic asset values.",See CryCommonMigrationValidation.md and category tests.,accept,pending frozen-SHA signoff,pending frozen-SHA signoff
Gems/Maestro/Code/Source/Cinematics/AnimSplineTrack_Vec2Specialization.cpp#62,serialization,Gems/Maestro/Code/Source/Cinematics/AnimSplineTrack_Vec2Specialization.cpp,640,1,682,1,"Preserve reflected ids, legacy conversion behavior, and semantic asset values.",See CryCommonMigrationValidation.md and category tests.,accept,pending frozen-SHA signoff,pending frozen-SHA signoff
Gems/Maestro/Code/Source/Cinematics/AnimSplineTrack_Vec2Specialization.cpp#63,serialization,Gems/Maestro/Code/Source/Cinematics/AnimSplineTrack_Vec2Specialization.cpp,647,2,689,1,"Preserve reflected ids, legacy conversion behavior, and semantic asset values.",See CryCommonMigrationValidation.md and category tests.,accept,pending frozen-SHA signoff,pending frozen-SHA signoff
Gems/Maestro/Code/Source/Cinematics/AnimSplineTrack_Vec2Specialization.cpp#64,serialization,Gems/Maestro/Code/Source/Cinematics/AnimSplineTrack_Vec2Specialization.cpp,655,3,696,2,"Preserve reflected ids, legacy conversion behavior, and semantic asset values.",See CryCommonMigrationValidation.md and category tests.,accept,pending frozen-SHA signoff,pending frozen-SHA signoff
Gems/Maestro/Code/Source/Cinematics/AnimSplineTrack_Vec2Specialization.cpp#65,serialization,Gems/Maestro/Code/Source/Cinematics/AnimSplineTrack_Vec2Specialization.cpp,681,1,721,1,"Preserve reflected ids, legacy conversion behavior, and semantic asset values.",See CryCommonMigrationValidation.md and category tests.,accept,pending frozen-SHA signoff,pending frozen-SHA signoff
Gems/Maestro/Code/Source/Cinematics/AnimSplineTrack_Vec2Specialization.cpp#66,serialization,Gems/Maestro/Code/Source/Cinematics/AnimSplineTrack_Vec2Specialization.cpp,704,1,744,1,"Preserve reflected ids, legacy conversion behavior, and semantic asset values.",See CryCommonMigrationValidation.md and category tests.,accept,pending frozen-SHA signoff,pending frozen-SHA signoff
Gems/Maestro/Code/Source/Cinematics/AnimSplineTrack_Vec2Specialization.cpp#67,serialization,Gems/Maestro/Code/Source/Cinematics/AnimSplineTrack_Vec2Specialization.cpp,708,2,748,2,"Preserve reflected ids, legacy conversion behavior, and semantic asset values.",See CryCommonMigrationValidation.md and category tests.,accept,pending frozen-SHA signoff,pending frozen-SHA signoff
Gems/Maestro/Code/Source/Cinematics/AnimSplineTrack_Vec2Specialization.cpp#68,serialization,Gems/Maestro/Code/Source/Cinematics/AnimSplineTrack_Vec2Specialization.cpp,711,1,751,1,"Preserve reflected ids, legacy conversion behavior, and semantic asset values.",See CryCommonMigrationValidation.md and category tests.,accept,pending frozen-SHA signoff,pending frozen-SHA signoff
Gems/Maestro/Code/Source/Cinematics/AnimSplineTrack_Vec2Specialization.cpp#69,serialization,Gems/Maestro/Code/Source/Cinematics/AnimSplineTrack_Vec2Specialization.cpp,714,1,754,1,"Preserve reflected ids, legacy conversion behavior, and semantic asset values.",See CryCommonMigrationValidation.md and category tests.,accept,pending frozen-SHA signoff,pending frozen-SHA signoff
Gems/Maestro/Code/Source/Cinematics/AnimSplineTrack_Vec2Specialization.cpp#70,serialization,Gems/Maestro/Code/Source/Cinematics/AnimSplineTrack_Vec2Specialization.cpp,716,5,756,42,"Preserve reflected ids, legacy conversion behavior, and semantic asset values.",See CryCommonMigrationValidation.md and category tests.,accept,pending frozen-SHA signoff,pending frozen-SHA signoff
Gems/Maestro/Code/Source/Cinematics/AnimSplineTrack_Vec2Specialization.cpp#71,serialization,Gems/Maestro/Code/Source/Cinematics/AnimSplineTrack_Vec2Specialization.cpp,727,2,804,2,"Preserve reflected ids, legacy conversion behavior, and semantic asset values.",See CryCommonMigrationValidation.md and category tests.,accept,pending frozen-SHA signoff,pending frozen-SHA signoff
Gems/Maestro/Code/Source/Cinematics/AnimTrack.h#1,animation/math,Gems/Maestro/Code/Source/Cinematics/AnimTrack.h,905,1,905,1,"Preserve animation ordering, key data, and legacy numeric edge behavior.",See CryCommonMigrationValidation.md and category tests.,accept,pending frozen-SHA signoff,pending frozen-SHA signoff
Gems/Maestro/Code/Source/Cinematics/CharacterTrackAnimator.cpp#1,animation/math,Gems/Maestro/Code/Source/Cinematics/CharacterTrackAnimator.cpp,55,1,55,4,"Preserve animation ordering, key data, and legacy numeric edge behavior.",See CryCommonMigrationValidation.md and category tests.,accept,pending frozen-SHA signoff,pending frozen-SHA signoff
Gems/Maestro/Code/Source/Cinematics/CharacterTrackAnimator.cpp#2,animation/math,Gems/Maestro/Code/Source/Cinematics/CharacterTrackAnimator.cpp,70,1,73,1,"Preserve animation ordering, key data, and legacy numeric edge behavior.",See CryCommonMigrationValidation.md and category tests.,accept,pending frozen-SHA signoff,pending frozen-SHA signoff
Gems/Maestro/Code/Source/Cinematics/CharacterTrackAnimator.cpp#3,animation/math,Gems/Maestro/Code/Source/Cinematics/CharacterTrackAnimator.cpp,78,1,81,4,"Preserve animation ordering, key data, and legacy numeric edge behavior.",See CryCommonMigrationValidation.md and category tests.,accept,pending frozen-SHA signoff,pending frozen-SHA signoff
Gems/Maestro/Code/Source/Cinematics/CommentNode.cpp#1,animation/math,Gems/Maestro/Code/Source/Cinematics/CommentNode.cpp,76,1,76,1,"Preserve animation ordering, key data, and legacy numeric edge behavior.",See CryCommonMigrationValidation.md and category tests.,accept,pending frozen-SHA signoff,pending frozen-SHA signoff
Gems/Maestro/Code/Source/Cinematics/CommentNode.cpp#2,animation/math,Gems/Maestro/Code/Source/Cinematics/CommentNode.cpp,79,1,79,1,"Preserve animation ordering, key data, and legacy numeric edge behavior.",See CryCommonMigrationValidation.md and category tests.,accept,pending frozen-SHA signoff,pending frozen-SHA signoff
Gems/Maestro/Code/Source/Cinematics/CommentTrack.cpp#1,animation/math,Gems/Maestro/Code/Source/Cinematics/CommentTrack.cpp,52,1,52,1,"Preserve animation ordering, key data, and legacy numeric edge behavior.",See CryCommonMigrationValidation.md and category tests.,accept,pending frozen-SHA signoff,pending frozen-SHA signoff
Gems/Maestro/Code/Source/Cinematics/CommentTrack.cpp#2,animation/math,Gems/Maestro/Code/Source/Cinematics/CommentTrack.cpp,54,1,54,1,"Preserve animation ordering, key data, and legacy numeric edge behavior.",See CryCommonMigrationValidation.md and category tests.,accept,pending frozen-SHA signoff,pending frozen-SHA signoff
Gems/Maestro/Code/Source/Cinematics/CommentTrack.cpp#3,animation/math,Gems/Maestro/Code/Source/Cinematics/CommentTrack.cpp,71,1,71,1,"Preserve animation ordering, key data, and legacy numeric edge behavior.",See CryCommonMigrationValidation.md and category tests.,accept,pending frozen-SHA signoff,pending frozen-SHA signoff
Gems/Maestro/Code/Source/Cinematics/CompoundSplineTrack.cpp#1,animation/math,Gems/Maestro/Code/Source/Cinematics/CompoundSplineTrack.cpp,563,1,563,1,"Preserve animation ordering, key data, and legacy numeric edge behavior.",See CryCommonMigrationValidation.md and category tests.,accept,pending frozen-SHA signoff,pending frozen-SHA signoff
Gems/Maestro/Code/Source/Cinematics/EventNode.cpp#1,animation/math,Gems/Maestro/Code/Source/Cinematics/EventNode.cpp,17,1,16,0,"Preserve animation ordering, key data, and legacy numeric edge behavior.",See CryCommonMigrationValidation.md and category tests.,accept,pending frozen-SHA signoff,pending frozen-SHA signoff
Gems/Maestro/Code/Source/Cinematics/Movie.cpp#1,animation/math,Gems/Maestro/Code/Source/Cinematics/Movie.cpp,40,1,39,0,"Preserve animation ordering, key data, and legacy numeric edge behavior.",See CryCommonMigrationValidation.md and category tests.,accept,pending frozen-SHA signoff,pending frozen-SHA signoff
Gems/Maestro/Code/Source/Cinematics/Movie.cpp#2,animation/math,Gems/Maestro/Code/Source/Cinematics/Movie.cpp,418,1,417,1,"Preserve animation ordering, key data, and legacy numeric edge behavior.",See CryCommonMigrationValidation.md and category tests.,accept,pending frozen-SHA signoff,pending frozen-SHA signoff
Gems/Maestro/Code/Source/Cinematics/Movie.cpp#3,animation/math,Gems/Maestro/Code/Source/Cinematics/Movie.cpp,762,1,761,1,"Preserve animation ordering, key data, and legacy numeric edge behavior.",See CryCommonMigrationValidation.md and category tests.,accept,pending frozen-SHA signoff,pending frozen-SHA signoff
Gems/Maestro/Code/Source/Cinematics/Movie.cpp#4,animation/math,Gems/Maestro/Code/Source/Cinematics/Movie.cpp,858,1,857,1,"Preserve animation ordering, key data, and legacy numeric edge behavior.",See CryCommonMigrationValidation.md and category tests.,accept,pending frozen-SHA signoff,pending frozen-SHA signoff
Gems/Maestro/Code/Source/Cinematics/Movie.cpp#5,animation/math,Gems/Maestro/Code/Source/Cinematics/Movie.cpp,1390,1,1389,7,"Preserve animation ordering, key data, and legacy numeric edge behavior.",See CryCommonMigrationValidation.md and category tests.,accept,pending frozen-SHA signoff,pending frozen-SHA signoff
Gems/Maestro/Code/Source/Cinematics/Movie.cpp#6,animation/math,Gems/Maestro/Code/Source/Cinematics/Movie.cpp,1401,1,1406,8,"Preserve animation ordering, key data, and legacy numeric edge behavior.",See CryCommonMigrationValidation.md and category tests.,accept,pending frozen-SHA signoff,pending frozen-SHA signoff
Gems/Maestro/Code/Source/Cinematics/Movie.cpp#7,animation/math,Gems/Maestro/Code/Source/Cinematics/Movie.cpp,1637,1,1649,3,"Preserve animation ordering, key data, and legacy numeric edge behavior.",See CryCommonMigrationValidation.md and category tests.,accept,pending frozen-SHA signoff,pending frozen-SHA signoff
Gems/Maestro/Code/Source/Cinematics/Movie.cpp#8,animation/math,Gems/Maestro/Code/Source/Cinematics/Movie.cpp,1715,1,1729,4,"Preserve animation ordering, key data, and legacy numeric edge behavior.",See CryCommonMigrationValidation.md and category tests.,accept,pending frozen-SHA signoff,pending frozen-SHA signoff
Gems/Maestro/Code/Source/Cinematics/Movie.cpp#9,animation/math,Gems/Maestro/Code/Source/Cinematics/Movie.cpp,1828,1,1845,2,"Preserve animation ordering, key data, and legacy numeric edge behavior.",See CryCommonMigrationValidation.md and category tests.,accept,pending frozen-SHA signoff,pending frozen-SHA signoff
Gems/Maestro/Code/Source/Cinematics/Movie.cpp#10,animation/math,Gems/Maestro/Code/Source/Cinematics/Movie.cpp,1833,1,1851,3,"Preserve animation ordering, key data, and legacy numeric edge behavior.",See CryCommonMigrationValidation.md and category tests.,accept,pending frozen-SHA signoff,pending frozen-SHA signoff
Gems/Maestro/Code/Source/Cinematics/Movie.cpp#11,animation/math,Gems/Maestro/Code/Source/Cinematics/Movie.cpp,1843,1,1862,0,"Preserve animation ordering, key data, and legacy numeric edge behavior.",See CryCommonMigrationValidation.md and category tests.,accept,pending frozen-SHA signoff,pending frozen-SHA signoff
Gems/Maestro/Code/Source/Cinematics/Movie.h#1,animation/math,Gems/Maestro/Code/Source/Cinematics/Movie.h,20,2,19,0,"Preserve animation ordering, key data, and legacy numeric edge behavior.",See CryCommonMigrationValidation.md and category tests.,accept,pending frozen-SHA signoff,pending frozen-SHA signoff
Gems/Maestro/Code/Source/Cinematics/Movie.h#2,animation/math,Gems/Maestro/Code/Source/Cinematics/Movie.h,224,1,222,1,"Preserve animation ordering, key data, and legacy numeric edge behavior.",See CryCommonMigrationValidation.md and category tests.,accept,pending frozen-SHA signoff,pending frozen-SHA signoff
Gems/Maestro/Code/Source/Cinematics/Movie.h#3,animation/math,Gems/Maestro/Code/Source/Cinematics/Movie.h,262,1,260,9,"Preserve animation ordering, key data, and legacy numeric edge behavior.",See CryCommonMigrationValidation.md and category tests.,accept,pending frozen-SHA signoff,pending frozen-SHA signoff
Gems/Maestro/Code/Source/Cinematics/SceneNode.cpp#1,animation/math,Gems/Maestro/Code/Source/Cinematics/SceneNode.cpp,34,1,33,0,"Preserve animation ordering, key data, and legacy numeric edge behavior.",See CryCommonMigrationValidation.md and category tests.,accept,pending frozen-SHA signoff,pending frozen-SHA signoff
Gems/Maestro/Code/Source/Cinematics/SceneNode.cpp#2,animation/math,Gems/Maestro/Code/Source/Cinematics/SceneNode.cpp,568,1,567,1,"Preserve animation ordering, key data, and legacy numeric edge behavior.",See CryCommonMigrationValidation.md and category tests.,accept,pending frozen-SHA signoff,pending frozen-SHA signoff
Gems/Maestro/Code/Source/Cinematics/SceneNode.cpp#3,animation/math,Gems/Maestro/Code/Source/Cinematics/SceneNode.cpp,858,1,857,1,"Preserve animation ordering, key data, and legacy numeric edge behavior.",See CryCommonMigrationValidation.md and category tests.,accept,pending frozen-SHA signoff,pending frozen-SHA signoff
Gems/Maestro/Code/Source/Cinematics/SceneNode.cpp#4,animation/math,Gems/Maestro/Code/Source/Cinematics/SceneNode.cpp,898,1,897,1,"Preserve animation ordering, key data, and legacy numeric edge behavior.",See CryCommonMigrationValidation.md and category tests.,accept,pending frozen-SHA signoff,pending frozen-SHA signoff
Gems/Maestro/Code/Source/Cinematics/ScreenFaderTrack.cpp#1,animation/math,Gems/Maestro/Code/Source/Cinematics/ScreenFaderTrack.cpp,53,1,53,1,"Preserve animation ordering, key data, and legacy numeric edge behavior.",See CryCommonMigrationValidation.md and category tests.,accept,pending frozen-SHA signoff,pending frozen-SHA signoff
Gems/Maestro/Code/Source/Cinematics/ScreenFaderTrack.cpp#2,animation/math,Gems/Maestro/Code/Source/Cinematics/ScreenFaderTrack.cpp,55,1,55,1,"Preserve animation ordering, key data, and legacy numeric edge behavior.",See CryCommonMigrationValidation.md and category tests.,accept,pending frozen-SHA signoff,pending frozen-SHA signoff
Gems/Maestro/Code/Source/Cinematics/ScreenFaderTrack.cpp#3,animation/math,Gems/Maestro/Code/Source/Cinematics/ScreenFaderTrack.cpp,75,1,75,1,"Preserve animation ordering, key data, and legacy numeric edge behavior.",See CryCommonMigrationValidation.md and category tests.,accept,pending frozen-SHA signoff,pending frozen-SHA signoff
Gems/Maestro/Code/Source/Cinematics/ScriptVarNode.cpp#1,animation/math,Gems/Maestro/Code/Source/Cinematics/ScriptVarNode.cpp,16,1,15,0,"Preserve animation ordering, key data, and legacy numeric edge behavior.",See CryCommonMigrationValidation.md and category tests.,accept,pending frozen-SHA signoff,pending frozen-SHA signoff
Gems/Maestro/Code/Source/Cinematics/TrackEventTrack.h#1,animation/math,Gems/Maestro/Code/Source/Cinematics/TrackEventTrack.h,16,1,16,2,"Preserve animation ordering, key data, and legacy numeric edge behavior.",See CryCommonMigrationValidation.md and category tests.,accept,pending frozen-SHA signoff,pending frozen-SHA signoff
Gems/Maestro/Code/Source/Cinematics/TrackEventTrack.h#2,animation/math,Gems/Maestro/Code/Source/Cinematics/TrackEventTrack.h,49,1,50,22,"Preserve animation ordering, key data, and legacy numeric edge behavior.",See CryCommonMigrationValidation.md and category tests.,accept,pending frozen-SHA signoff,pending frozen-SHA signoff
Gems/Maestro/Code/Source/Components/SequenceComponent.cpp#1,consumers,Gems/Maestro/Code/Source/Components/SequenceComponent.cpp,157,1,157,1,Use an equivalent AZ/AZStd contract or remove a proven dead dependency.,See CryCommonMigrationValidation.md and category tests.,accept,pending frozen-SHA signoff,pending frozen-SHA signoff
Gems/Maestro/Code/Source/Components/SequenceComponent.cpp#2,consumers,Gems/Maestro/Code/Source/Components/SequenceComponent.cpp,342,1,342,4,Use an equivalent AZ/AZStd contract or remove a proven dead dependency.,See CryCommonMigrationValidation.md and category tests.,accept,pending frozen-SHA signoff,pending frozen-SHA signoff
Gems/Maestro/Code/Tests/MaestroTest.cpp#1,consumers,Gems/Maestro/Code/Tests/MaestroTest.cpp,15,1,14,0,Use an equivalent AZ/AZStd contract or remove a proven dead dependency.,See CryCommonMigrationValidation.md and category tests.,accept,pending frozen-SHA signoff,pending frozen-SHA signoff
Gems/Maestro/Code/Tests/Tracks/AnimTrackTest.cpp#1,consumers,Gems/Maestro/Code/Tests/Tracks/AnimTrackTest.cpp,10,2,9,0,Use an equivalent AZ/AZStd contract or remove a proven dead dependency.,See CryCommonMigrationValidation.md and category tests.,accept,pending frozen-SHA signoff,pending frozen-SHA signoff
Gems/Maestro/Code/Tests/Tracks/AnimTrackTest.cpp#2,consumers,Gems/Maestro/Code/Tests/Tracks/AnimTrackTest.cpp,13,1,11,4,Use an equivalent AZ/AZStd contract or remove a proven dead dependency.,See CryCommonMigrationValidation.md and category tests.,accept,pending frozen-SHA signoff,pending frozen-SHA signoff
Gems/Maestro/Code/Tests/Tracks/AnimTrackTest.cpp#3,consumers,Gems/Maestro/Code/Tests/Tracks/AnimTrackTest.cpp,14,0,16,1,Use an equivalent AZ/AZStd contract or remove a proven dead dependency.,See CryCommonMigrationValidation.md and category tests.,accept,pending frozen-SHA signoff,pending frozen-SHA signoff
Gems/Maestro/Code/Tests/Tracks/AnimTrackTest.cpp#4,consumers,Gems/Maestro/Code/Tests/Tracks/AnimTrackTest.cpp,56,1,58,3,Use an equivalent AZ/AZStd contract or remove a proven dead dependency.,See CryCommonMigrationValidation.md and category tests.,accept,pending frozen-SHA signoff,pending frozen-SHA signoff
Gems/Maestro/Code/Tests/Tracks/AnimTrackTest.cpp#5,consumers,Gems/Maestro/Code/Tests/Tracks/AnimTrackTest.cpp,391,0,396,51,Use an equivalent AZ/AZStd contract or remove a proven dead dependency.,See CryCommonMigrationValidation.md and category tests.,accept,pending frozen-SHA signoff,pending frozen-SHA signoff
Gems/MessagePopup/Code/Source/LyShineMessagePopup.cpp#1,consumers,Gems/MessagePopup/Code/Source/LyShineMessagePopup.cpp,12,1,11,0,Use an equivalent AZ/AZStd contract or remove a proven dead dependency.,See CryCommonMigrationValidation.md and category tests.,accept,pending frozen-SHA signoff,pending frozen-SHA signoff
Gems/Multiplayer/Code/CMakeLists.txt#1,build dependencies,Gems/Multiplayer/Code/CMakeLists.txt,314,1,313,0,Remove only dependencies proven unused by no-unity compilation.,See CryCommonMigrationValidation.md and category tests.,accept,pending frozen-SHA signoff,pending frozen-SHA signoff
Gems/Multiplayer/Code/Source/ReplicationWindows/ServerToClientReplicationWindow.cpp#1,consumers,Gems/Multiplayer/Code/Source/ReplicationWindows/ServerToClientReplicationWindow.cpp,239,1,239,1,Use an equivalent AZ/AZStd contract or remove a proven dead dependency.,See CryCommonMigrationValidation.md and category tests.,accept,pending frozen-SHA signoff,pending frozen-SHA signoff
Gems/Multiplayer/Multiplayer_ScriptCanvas/Code/CMakeLists.txt#1,build dependencies,Gems/Multiplayer/Multiplayer_ScriptCanvas/Code/CMakeLists.txt,39,1,38,0,Remove only dependencies proven unused by no-unity compilation.,See CryCommonMigrationValidation.md and category tests.,accept,pending frozen-SHA signoff,pending frozen-SHA signoff
Gems/NvCloth/Code/Tests/Components/ClothComponentMesh/ClothComponentMeshTest.cpp#1,consumers,Gems/NvCloth/Code/Tests/Components/ClothComponentMesh/ClothComponentMeshTest.cpp,474,1,474,1,Use an equivalent AZ/AZStd contract or remove a proven dead dependency.,See CryCommonMigrationValidation.md and category tests.,accept,pending frozen-SHA signoff,pending frozen-SHA signoff
Gems/NvCloth/Code/Tests/Components/ClothComponentMesh/ClothComponentMeshTest.cpp#2,consumers,Gems/NvCloth/Code/Tests/Components/ClothComponentMesh/ClothComponentMeshTest.cpp,479,1,479,1,Use an equivalent AZ/AZStd contract or remove a proven dead dependency.,See CryCommonMigrationValidation.md and category tests.,accept,pending frozen-SHA signoff,pending frozen-SHA signoff
Gems/PhysX/Core/Code/Tests/PrimitiveShapeFitterTests.cpp#1,consumers,Gems/PhysX/Core/Code/Tests/PrimitiveShapeFitterTests.cpp,9,1,8,0,Use an equivalent AZ/AZStd contract or remove a proven dead dependency.,See CryCommonMigrationValidation.md and category tests.,accept,pending frozen-SHA signoff,pending frozen-SHA signoff
Gems/PhysX/Core/PhysX5/CMakeLists.txt#1,build dependencies,Gems/PhysX/Core/PhysX5/CMakeLists.txt,54,1,53,0,Remove only dependencies proven unused by no-unity compilation.,See CryCommonMigrationValidation.md and category tests.,accept,pending frozen-SHA signoff,pending frozen-SHA signoff
Gems/PhysX/Debug/Code/Source/SystemComponent.cpp#1,consumers,Gems/PhysX/Debug/Code/Source/SystemComponent.cpp,19,1,18,0,Use an equivalent AZ/AZStd contract or remove a proven dead dependency.,See CryCommonMigrationValidation.md and category tests.,accept,pending frozen-SHA signoff,pending frozen-SHA signoff
Gems/PhysX/Debug/Code/Source/SystemComponent.cpp#2,consumers,Gems/PhysX/Debug/Code/Source/SystemComponent.cpp,21,1,19,0,Use an equivalent AZ/AZStd contract or remove a proven dead dependency.,See CryCommonMigrationValidation.md and category tests.,accept,pending frozen-SHA signoff,pending frozen-SHA signoff
Gems/ScriptCanvas/Code/Editor/View/Windows/MainWindow.cpp#1,consumers,Gems/ScriptCanvas/Code/Editor/View/Windows/MainWindow.cpp,9,2,8,0,Use an equivalent AZ/AZStd contract or remove a proven dead dependency.,See CryCommonMigrationValidation.md and category tests.,accept,pending frozen-SHA signoff,pending frozen-SHA signoff
Gems/ScriptCanvas/Code/Editor/View/Windows/Tools/UpgradeTool/Controller.h#1,consumers,Gems/ScriptCanvas/Code/Editor/View/Windows/Tools/UpgradeTool/Controller.h,16,1,15,0,Use an equivalent AZ/AZStd contract or remove a proven dead dependency.,See CryCommonMigrationValidation.md and category tests.,accept,pending frozen-SHA signoff,pending frozen-SHA signoff
Gems/ScriptCanvas/Code/Editor/View/Windows/Tools/UpgradeTool/UpgradeHelper.h#1,consumers,Gems/ScriptCanvas/Code/Editor/View/Windows/Tools/UpgradeTool/UpgradeHelper.h,23,2,22,0,Use an equivalent AZ/AZStd contract or remove a proven dead dependency.,See CryCommonMigrationValidation.md and category tests.,accept,pending frozen-SHA signoff,pending frozen-SHA signoff
Gems/ScriptCanvasDeveloper/Code/Editor/Source/EditorAutomation/EditorAutomationStates/ElementInteractionStates.cpp#1,consumers,Gems/ScriptCanvasDeveloper/Code/Editor/Source/EditorAutomation/EditorAutomationStates/ElementInteractionStates.cpp,9,1,8,0,Use an equivalent AZ/AZStd contract or remove a proven dead dependency.,See CryCommonMigrationValidation.md and category tests.,accept,pending frozen-SHA signoff,pending frozen-SHA signoff
Gems/ScriptCanvasPhysics/Code/CMakeLists.txt#1,build dependencies,Gems/ScriptCanvasPhysics/Code/CMakeLists.txt,19,1,18,0,Remove only dependencies proven unused by no-unity compilation.,See CryCommonMigrationValidation.md and category tests.,accept,pending frozen-SHA signoff,pending frozen-SHA signoff
Gems/ScriptCanvasPhysics/Code/CMakeLists.txt#2,build dependencies,Gems/ScriptCanvasPhysics/Code/CMakeLists.txt,37,1,35,0,Remove only dependencies proven unused by no-unity compilation.,See CryCommonMigrationValidation.md and category tests.,accept,pending frozen-SHA signoff,pending frozen-SHA signoff
Gems/ScriptCanvasPhysics/Code/CMakeLists.txt#3,build dependencies,Gems/ScriptCanvasPhysics/Code/CMakeLists.txt,75,1,72,0,Remove only dependencies proven unused by no-unity compilation.,See CryCommonMigrationValidation.md and category tests.,accept,pending frozen-SHA signoff,pending frozen-SHA signoff
Gems/StartingPointCamera/Code/CMakeLists.txt#1,build dependencies,Gems/StartingPointCamera/Code/CMakeLists.txt,24,1,23,0,Remove only dependencies proven unused by no-unity compilation.,See CryCommonMigrationValidation.md and category tests.,accept,pending frozen-SHA signoff,pending frozen-SHA signoff
Gems/StartingPointCamera/Code/CMakeLists.txt#2,build dependencies,Gems/StartingPointCamera/Code/CMakeLists.txt,44,1,42,0,Remove only dependencies proven unused by no-unity compilation.,See CryCommonMigrationValidation.md and category tests.,accept,pending frozen-SHA signoff,pending frozen-SHA signoff
Gems/StartingPointCamera/Code/Source/CameraTransformBehaviors/FaceTarget.cpp#1,consumers,Gems/StartingPointCamera/Code/Source/CameraTransformBehaviors/FaceTarget.cpp,17,1,16,0,Use an equivalent AZ/AZStd contract or remove a proven dead dependency.,See CryCommonMigrationValidation.md and category tests.,accept,pending frozen-SHA signoff,pending frozen-SHA signoff
Gems/Vegetation/Code/Source/DebugSystemComponent.cpp#1,consumers,Gems/Vegetation/Code/Source/DebugSystemComponent.cpp,14,1,13,0,Use an equivalent AZ/AZStd contract or remove a proven dead dependency.,See CryCommonMigrationValidation.md and category tests.,accept,pending frozen-SHA signoff,pending frozen-SHA signoff
Gems/Vegetation/Code/Source/Debugger/EditorDebugComponent.cpp#1,consumers,Gems/Vegetation/Code/Source/Debugger/EditorDebugComponent.cpp,21,2,20,0,Use an equivalent AZ/AZStd contract or remove a proven dead dependency.,See CryCommonMigrationValidation.md and category tests.,accept,pending frozen-SHA signoff,pending frozen-SHA signoff
Gems/WhiteBox/Code/Source/Rendering/Atom/TangentSpaceHelper.cpp#1,consumers,Gems/WhiteBox/Code/Source/Rendering/Atom/TangentSpaceHelper.cpp,12,1,12,1,Use an equivalent AZ/AZStd contract or remove a proven dead dependency.,See CryCommonMigrationValidation.md and category tests.,accept,pending frozen-SHA signoff,pending frozen-SHA signoff
Gems/WhiteBox/Code/Source/Rendering/Atom/TangentSpaceHelper.cpp#2,consumers,Gems/WhiteBox/Code/Source/Rendering/Atom/TangentSpaceHelper.cpp,106,1,106,1,Use an equivalent AZ/AZStd contract or remove a proven dead dependency.,See CryCommonMigrationValidation.md and category tests.,accept,pending frozen-SHA signoff,pending frozen-SHA signoff
Gems/WhiteBox/Code/Source/Rendering/Atom/TangentSpaceHelper.cpp#3,consumers,Gems/WhiteBox/Code/Source/Rendering/Atom/TangentSpaceHelper.cpp,132,2,132,2,Use an equivalent AZ/AZStd contract or remove a proven dead dependency.,See CryCommonMigrationValidation.md and category tests.,accept,pending frozen-SHA signoff,pending frozen-SHA signoff
Gems/WhiteBox/Code/Source/Rendering/Atom/TangentSpaceHelper.cpp#4,consumers,Gems/WhiteBox/Code/Source/Rendering/Atom/TangentSpaceHelper.cpp,252,2,252,3,Use an equivalent AZ/AZStd contract or remove a proven dead dependency.,See CryCommonMigrationValidation.md and category tests.,accept,pending frozen-SHA signoff,pending frozen-SHA signoff
scripts/commit_validation/check_crycommon_usage.py#1,validation guard,scripts/commit_validation/check_crycommon_usage.py,0,0,1,31,Prevent the retired source/dependency surface from increasing.,See CryCommonMigrationValidation.md and category tests.,accept,pending frozen-SHA signoff,pending frozen-SHA signoff
scripts/commit_validation/commit_validation/crycommon_ledger.py#1,validation guard,scripts/commit_validation/commit_validation/crycommon_ledger.py,0,0,1,1381,Prevent the retired source/dependency surface from increasing.,See CryCommonMigrationValidation.md and category tests.,accept,pending frozen-SHA signoff,pending frozen-SHA signoff
scripts/commit_validation/commit_validation/crycommon_usage.py#1,validation guard,scripts/commit_validation/commit_validation/crycommon_usage.py,0,0,1,192,Prevent the retired source/dependency surface from increasing.,See CryCommonMigrationValidation.md and category tests.,accept,pending frozen-SHA signoff,pending frozen-SHA signoff
scripts/commit_validation/commit_validation/tests/test_crycommon_ledger.py#1,validation guard,scripts/commit_validation/commit_validation/tests/test_crycommon_ledger.py,0,0,1,101,Prevent the retired source/dependency surface from increasing.,See CryCommonMigrationValidation.md and category tests.,accept,pending frozen-SHA signoff,pending frozen-SHA signoff
scripts/commit_validation/commit_validation/tests/test_crycommon_usage_validator.py#1,validation guard,scripts/commit_validation/commit_validation/tests/test_crycommon_usage_validator.py,0,0,1,82,Prevent the retired source/dependency surface from increasing.,See CryCommonMigrationValidation.md and category tests.,accept,pending frozen-SHA signoff,pending frozen-SHA signoff
scripts/commit_validation/commit_validation/validators/crycommon_usage_validator.py#1,validation guard,scripts/commit_validation/commit_validation/validators/crycommon_usage_validator.py,0,0,1,44,Prevent the retired source/dependency surface from increasing.,See CryCommonMigrationValidation.md and category tests.,accept,pending frozen-SHA signoff,pending frozen-SHA signoff
scripts/commit_validation/generate_crycommon_hunk_manifest.py#1,validation guard,scripts/commit_validation/generate_crycommon_hunk_manifest.py,0,0,1,187,Prevent the retired source/dependency surface from increasing.,See CryCommonMigrationValidation.md and category tests.,accept,pending frozen-SHA signoff,pending frozen-SHA signoff
scripts/commit_validation/generate_crycommon_ledger.py#1,validation guard,scripts/commit_validation/generate_crycommon_ledger.py,0,0,1,79,Prevent the retired source/dependency surface from increasing.,See CryCommonMigrationValidation.md and category tests.,accept,pending frozen-SHA signoff,pending frozen-SHA signoff
